id,conversation_id,created_at,date,time,user_id,tweet,language,hashtags,reply_to,translated_text,tokenized_text
1627814280396505088,1627762205872517120,2023-02-21 07:35:42 Malay Peninsula Standard Time,2023-02-21,07:35:42,1175301,@valkenburgh Wait until you read ChatGPT's thoughts on the matter.,en,[],"[{'screen_name': 'valkenburgh', 'name': 'Peter Van Valkenburgh', 'id': '54622027'}]",@valkenburgh Wait until you read ChatGPT's thoughts on the matter.,"['Wait', 'until', 'you', 'read', ""ChatGPT's"", 'thoughts', 'on', 'the', 'matter', '.']"
1627814276411916289,1623563076367945728,2023-02-21 07:35:41 Malay Peninsula Standard Time,2023-02-21,07:35:41,1598922281434103808,@krishsenthil5 @Saravan2905  https://t.co/jGBPTgwkwn,qme,[],"[{'screen_name': 'krishsenthil5', 'name': 'கவிஞர்.MR.மானஸ்தன்.💥👑AK👑💥', 'id': '1543461174511300608'}]",@krishsenthil5 @Saravan2905  https://t.co/jGBPTgwkwn,['https://t.co/jGBPTgwkwn']
1627814263166205957,1627804914746261504,2023-02-21 07:35:38 Malay Peninsula Standard Time,2023-02-21,07:35:38,3396572249,"@Rodrigoavilaart eu nem olho mais noticia, pra mim tudo agora os texto é chat gpt e as imagens algum difusor qualquer🤢",pt,[],"[{'screen_name': 'Rodrigoavilaart', 'name': 'Pescador Parrudo 🇾🇪 ☭ Blink-182/COMENTARISTA BBB', 'id': '1022256187826491393'}]","@Rodrigoavilaart I do not even look at news anymore, for me everything now the text is gpt chat and the images some diffuser any🤢","['I', 'do', 'not', 'even', 'look', 'at', 'news', 'anymore', ',', 'for', 'me', 'everything', 'now', 'the', 'text', 'is', 'gpt', 'chat', 'and', 'the', 'images', 'some', 'diffuser', 'any', '🤢']"
1627814261861801984,1627814261861801984,2023-02-21 07:35:38 Malay Peninsula Standard Time,2023-02-21,07:35:38,3165584576,#chatGPT账号 #苹果id  #小蓝鸟号 #科学上网 主页链接下单 Take why move model only fact. 😆😅🥰🤏😄 2023-02-21 07:35:38  https://t.co/4x2SgD1jxN,zh,"['chatgpt账号', '苹果id', '小蓝鸟号', '科学上网']",[],#chatGPT账号 #苹果id #小蓝鸟号 #科学上网 Home link to place an order Take why move model only fact. 😆😅🥰🤏😄 2023-02-21 07:35:38  https://t.co/4x2SgD1jxN,"['#chatGPT账号', '#苹果id', '#小蓝鸟号', '#科学上网', 'Home', 'link', 'to', 'place', 'an', 'order', 'Take', 'why', 'move', 'model', 'only', 'fact', '.', '😆', '😅', '🥰', '🤏', '😄', '2023-02-', '21', '07:35', ':', '38', 'https://t.co/4x2SgD1jxN']"
1627814252210946048,1627814252210946048,2023-02-21 07:35:35 Malay Peninsula Standard Time,2023-02-21,07:35:35,10780252,すべての人間も、本当のことをいうわけでもないしなぁ。どんどん、かわっていくのだろうね。 / “「ChatGPT」はウソをつく--「インターネットの父」V・サーフ氏が批判”  https://t.co/sXMyQ3DU7D,ja,[],[],"Not all humans are true. I guess it will change more and more. / ""'ChatGPT' Lies: 'Father of the Internet' V. Cerf Criticizes"" https://t.co/sXMyQ3DU7D","['Not', 'all', 'humans', 'are', 'true', '.', 'I', 'guess', 'it', 'will', 'change', 'more', 'and', 'more', '.', '/', '""', ""'"", 'ChatGPT', ""'"", 'Lies', ':', ""'"", 'Father', 'of', 'the', 'Internet', ""'"", 'V', '.', 'Cerf', 'Criticizes', '""', 'https://t.co/sXMyQ3DU7D']"
1627814246061940741,1627486477545508864,2023-02-21 07:35:34 Malay Peninsula Standard Time,2023-02-21,07:35:34,1156844734222131200,"@BigChiefDamian @bechiny @PeterObi Thanks bro for this wisdom. Anytime any agbadorian ask me on Twitter, I will reply ask chatGPT",en,[],"[{'screen_name': 'BigChiefDamian', 'name': 'Damian.', 'id': '218833906'}, {'screen_name': 'bechiny', 'name': 'chiny benedict', 'id': '278494288'}, {'screen_name': 'PeterObi', 'name': 'Peter Obi', 'id': '1050779471731707904'}]","@BigChiefDamian @bechiny @PeterObi Thanks bro for this wisdom. Anytime any agbadorian ask me on Twitter, I will reply ask chatGPT","['Thanks', 'bro', 'for', 'this', 'wisdom', '.', 'Anytime', 'any', 'agbadorian', 'ask', 'me', 'on', 'Twitter', ',', 'I', 'will', 'reply', 'ask', 'chatGPT']"
1627814236029087744,1627796097505837056,2023-02-21 07:35:31 Malay Peninsula Standard Time,2023-02-21,07:35:31,1208782132396642304,"@KanekoaTheGreat @DavidSacks Everytime I read something about ChatGPT or AI in general, my mind wanders off to the 2008 Sci-fi series ""The Sarah Connor Chronicles"". I didn't much care for how things went for the humans in that, either.",en,[],"[{'screen_name': 'KanekoaTheGreat', 'name': 'kanekoa.substack.com', 'id': '1085225533623783424'}, {'screen_name': 'DavidSacks', 'name': 'David Sacks', 'id': '1137701'}]","@KanekoaTheGreat @DavidSacks Everytime I read something about ChatGPT or AI in general, my mind wanders off to the 2008 Sci-fi series ""The Sarah Connor Chronicles"". I didn't much care for how things went for the humans in that, either.","['Everytime', 'I', 'read', 'something', 'about', 'ChatGPT', 'or', 'AI', 'in', 'general', ',', 'my', 'mind', 'wanders', 'off', 'to', 'the', '2008', 'Sci-fi', 'series', '""', 'The', 'Sarah', 'Connor', 'Chronicles', '""', '.', 'I', ""didn't"", 'much', 'care', 'for', 'how', 'things', 'went', 'for', 'the', 'humans', 'in', 'that', ',', 'either', '.']"
1627814229045809154,1627814229045809152,2023-02-21 07:35:30 Malay Peninsula Standard Time,2023-02-21,07:35:30,1303882324627476480,Asking Chat GPT to write Adventures in Odyssey episode @KevinTPorter @christianfunpod  https://t.co/2WXNyATfMX,en,[],[],Asking Chat GPT to write Adventures in Odyssey episode @KevinTPorter @christianfunpod  https://t.co/2WXNyATfMX,"['Asking', 'Chat', 'GPT', 'to', 'write', 'Adventures', 'in', 'Odyssey', 'episode', 'https://t.co/2WXNyATfMX']"
1627814213514043399,1625791965731377152,2023-02-21 07:35:26 Malay Peninsula Standard Time,2023-02-21,07:35:26,1598922281434103808,@SagarSanjuuu  https://t.co/oIIDWp564u,qme,[],[],@SagarSanjuuu  https://t.co/oIIDWp564u,['https://t.co/oIIDWp564u']
1627814208451510272,1618254144959295488,2023-02-21 07:35:25 Malay Peninsula Standard Time,2023-02-21,07:35:25,1594579200706584577,"@HarmReduction Be careful though, some confuse inhaling r with snorting and you certainly can overdose from snorting fentanyl",en,[],"[{'screen_name': 'HarmReduction', 'name': 'National Harm Reduction Coalition', 'id': '51178084'}]","@HarmReduction Be careful though, some confuse inhaling r with snorting and you certainly can overdose from snorting fentanyl","['Be', 'careful', 'though', ',', 'some', 'confuse', 'inhaling', 'r', 'with', 'snorting', 'and', 'you', 'certainly', 'can', 'overdose', 'from', 'snorting', 'fentanyl']"
1627814203770953729,1627814203770953728,2023-02-21 07:35:24 Malay Peninsula Standard Time,2023-02-21,07:35:24,2162747077,早上睁开眼帮推友注册了ChatGPT账号，帮他解决了他抓心挠肝的问题，我也是很开心的，今天分享必更，我先忙去了，一堆事儿，早安噢，各位！,zh,[],[],"In the morning, I opened my eyes to help push friends register a ChatGPT account, helped him solve his problem of scratching his liver, I am also very happy, today to share will be more, I am busy first, a bunch of things, good morning oh, everyone!","['In', 'the', 'morning', ',', 'I', 'opened', 'my', 'eyes', 'to', 'help', 'push', 'friends', 'register', 'a', 'ChatGPT', 'account', ',', 'helped', 'him', 'solve', 'his', 'problem', 'of', 'scratching', 'his', 'liver', ',', 'I', 'am', 'also', 'very', 'happy', ',', 'today', 'to', 'share', 'will', 'be', 'more', ',', 'I', 'am', 'busy', 'first', ',', 'a', 'bunch', 'of', 'things', ',', 'good', 'morning', 'oh', ',', 'everyone', '!']"
1627814203401568258,1627805795092946944,2023-02-21 07:35:24 Malay Peninsula Standard Time,2023-02-21,07:35:24,1206693907096068097,"@Petrocelli73 @focusonline Die 17 Seiten hat ChatGPT geschrieben, also sind sie auch aus einem Einzeiler entstanden 😉",de,[],"[{'screen_name': 'Petrocelli73', 'name': 'T.P.', 'id': '54539770'}, {'screen_name': 'focusonline', 'name': 'FOCUS online', 'id': '5494392'}]","@Petrocelli73 @focusonline The 17 pages were written by ChatGPT, so they also originated 😉 from a one-liner","['The', '17', 'pages', 'were', 'written', 'by', 'ChatGPT', ',', 'so', 'they', 'also', 'originated', '😉', 'from', 'a', 'one-liner']"
1627814199710863361,1627814199710863360,2023-02-21 07:35:23 Malay Peninsula Standard Time,2023-02-21,07:35:23,1478904230,chat GPTさんにツンデレ調でニンニクと油そばのコンビネーションについて御進講を賜りました。  https://t.co/csYGikums3,ja,[],[],We gave a lecture to chat GPT about the combination of garlic and abura-soba in a tsundere style.  https://t.co/csYGikums3,"['We', 'gave', 'a', 'lecture', 'to', 'chat', 'GPT', 'about', 'the', 'combination', 'of', 'garlic', 'and', 'abura-soba', 'in', 'a', 'tsundere', 'style', '.', 'https://t.co/csYGikums3']"
1627814192571994112,1623986479872749568,2023-02-21 07:35:21 Malay Peninsula Standard Time,2023-02-21,07:35:21,1598922281434103808,@introverteeen @EternalGloom__  https://t.co/ANuwYkHO90,qme,[],"[{'screen_name': 'introverteeen', 'name': 'kassi.', 'id': '1353894697882718209'}]",@introverteeen @EternalGloom__  https://t.co/ANuwYkHO90,['https://t.co/ANuwYkHO90']
1627814192156708865,1627567771348500480,2023-02-21 07:35:21 Malay Peninsula Standard Time,2023-02-21,07:35:21,977666490609618944,"@HowardYHuang @alton_lex Good article! One glaring issue is that with no incentive to create content, the info base for chatgpt and bard will not exist. They cant just steal and rewrite peoples hard earned content and provide it to their users for their own profit. But for sure, things will change soon",en,[],"[{'screen_name': 'HowardYHuang', 'name': 'Howard Huang', 'id': '1355087972'}, {'screen_name': 'alton_lex', 'name': 'Alton', 'id': '1524132125535993858'}]","@HowardYHuang @alton_lex Good article! One glaring issue is that with no incentive to create content, the info base for chatgpt and bard will not exist. They cant just steal and rewrite peoples hard earned content and provide it to their users for their own profit. But for sure, things will change soon","['Good', 'article', '!', 'One', 'glaring', 'issue', 'is', 'that', 'with', 'no', 'incentive', 'to', 'create', 'content', ',', 'the', 'info', 'base', 'for', 'chatgpt', 'and', 'bard', 'will', 'not', 'exist', '.', 'They', 'cant', 'just', 'steal', 'and', 'rewrite', 'peoples', 'hard', 'earned', 'content', 'and', 'provide', 'it', 'to', 'their', 'users', 'for', 'their', 'own', 'profit', '.', 'But', 'for', 'sure', ',', 'things', 'will', 'change', 'soon']"
1627814175446556672,1627814175446556672,2023-02-21 07:35:17 Malay Peninsula Standard Time,2023-02-21,07:35:17,2193830099,💻 Want to be a part of the future of #AI? Invest in #ChatGPT 🌐🚀 #web3     https://t.co/bPcKQJAIoH   #airdrop #NFT  $ocean  #Nostr  #Crypto  $imgnAI  #Damus  https://t.co/Ca1MREvcoE,en,"['ai', 'chatgpt', 'web3', 'airdrop', 'nft', 'nostr', 'crypto', 'damus']",[],💻 Want to be a part of the future of #AI? Invest in #ChatGPT 🌐🚀 #web3     https://t.co/bPcKQJAIoH   #airdrop #NFT  $ocean  #Nostr  #Crypto  $imgnAI  #Damus  https://t.co/Ca1MREvcoE,"['💻', 'Want', 'to', 'be', 'a', 'part', 'of', 'the', 'future', 'of', '#AI', '?', 'Invest', 'in', '#ChatGPT', '🌐', '🚀', '#web3', 'https://t.co/bPcKQJAIoH', '#airdrop', '#NFT', '$', 'ocean', '#Nostr', '#Crypto', '$', 'imgnAI', '#Damus', 'https://t.co/Ca1MREvcoE']"
1627814173273997313,1627814173273997312,2023-02-21 07:35:16 Malay Peninsula Standard Time,2023-02-21,07:35:16,288157455,"Haven't tried #AI writing yet? If you're an SEO blog writer, it will increase your productivity 10 times over. If you're a business owner, it's the best way to get your expertise out there, without having to pay a blog writer! Learn more  https://t.co/GDzOCOEYRs #ChatGPT #GPT3  https://t.co/N3YeRHD1SX",en,"['ai', 'chatgpt', 'gpt3']",[],"Haven't tried #AI writing yet? If you're an SEO blog writer, it will increase your productivity 10 times over. If you're a business owner, it's the best way to get your expertise out there, without having to pay a blog writer! Learn more  https://t.co/GDzOCOEYRs #ChatGPT #GPT3  https://t.co/N3YeRHD1SX","[""Haven't"", 'tried', '#AI', 'writing', 'yet', '?', 'If', ""you're"", 'an', 'SEO', 'blog', 'writer', ',', 'it', 'will', 'increase', 'your', 'productivity', '10', 'times', 'over', '.', 'If', ""you're"", 'a', 'business', 'owner', ',', ""it's"", 'the', 'best', 'way', 'to', 'get', 'your', 'expertise', 'out', 'there', ',', 'without', 'having', 'to', 'pay', 'a', 'blog', 'writer', '!', 'Learn', 'more', 'https://t.co/GDzOCOEYRs', '#ChatGPT', '#GPT3', 'https://t.co/N3YeRHD1SX']"
1627814171554246657,1623986479872749568,2023-02-21 07:35:16 Malay Peninsula Standard Time,2023-02-21,07:35:16,1598922281434103808,@introverteeen @EternalGloom__  https://t.co/AmAUigO2js,qme,[],"[{'screen_name': 'introverteeen', 'name': 'kassi. | batman enthusiast', 'id': '1353894697882718209'}]",@introverteeen @EternalGloom__  https://t.co/AmAUigO2js,['https://t.co/AmAUigO2js']
1627814159961186305,1627814159961186304,2023-02-21 07:35:13 Malay Peninsula Standard Time,2023-02-21,07:35:13,1331676075492061187,"ChatGPT: AI Can Be ‘Woke’ Too | NEWS BEHIND THE NEWS February 20th, 2023  Click the link below to watch:  https://t.co/mBvfoxrD0N  https://t.co/rRhIxH1P3n",en,[],[],"ChatGPT: AI Can Be ‘Woke’ Too | NEWS BEHIND THE NEWS February 20th, 2023  Click the link below to watch:  https://t.co/mBvfoxrD0N  https://t.co/rRhIxH1P3n","['ChatGPT', ':', 'AI', 'Can', 'Be', '‘', 'Woke', '’', 'Too', '|', 'NEWS', 'BEHIND', 'THE', 'NEWS', 'February', '20th', ',', '2023', 'Click', 'the', 'link', 'below', 'to', 'watch', ':', 'https://t.co/mBvfoxrD0N', 'https://t.co/rRhIxH1P3n']"
1627814149962047493,1627814149962047488,2023-02-21 07:35:11 Malay Peninsula Standard Time,2023-02-21,07:35:11,17899712,"Join @ScottWLuton and @gregoryswhite for the February 6th edition of The Buzz on @_supplychainnow as they cover why manufacturing activity is down, interest in ChatGPT, and more!  Listen here:  https://t.co/gLU2SgOE9y #supplychainnow #supplychain #manufacturing #tech  https://t.co/Qs0EhqWp4d",en,"['supplychainnow', 'supplychain', 'manufacturing', 'tech']",[],"Join @ScottWLuton and @gregoryswhite for the February 6th edition of The Buzz on @_supplychainnow as they cover why manufacturing activity is down, interest in ChatGPT, and more!  Listen here:  https://t.co/gLU2SgOE9y #supplychainnow #supplychain #manufacturing #tech  https://t.co/Qs0EhqWp4d","['Join', 'and', 'for', 'the', 'February', '6th', 'edition', 'of', 'The', 'Buzz', 'on', 'as', 'they', 'cover', 'why', 'manufacturing', 'activity', 'is', 'down', ',', 'interest', 'in', 'ChatGPT', ',', 'and', 'more', '!', 'Listen', 'here', ':', 'https://t.co/gLU2SgOE9y', '#supplychainnow', '#supplychain', '#manufacturing', '#tech', 'https://t.co/Qs0EhqWp4d']"
1627814145256226818,1627761127441727488,2023-02-21 07:35:10 Malay Peninsula Standard Time,2023-02-21,07:35:10,1235459549756153859,👆の文章は #ChatGPT  で作成したツイート文です‼️「効果的なハッシュタグを」と指示すると入れてくれるんですね！めっちゃ優秀！  #ブログ仲間とつながりたい,ja,"['chatgpt', 'ブログ仲間とつながりたい']",[],👆 is a tweet created with #ChatGPT! !️ Very excellent!  #ブログ仲間とつながりたい,"['👆', 'is', 'a', 'tweet', 'created', 'with', '#ChatGPT', '!', '!', '️', 'Very', 'excellent', '!', '#ブログ仲間とつながりたい']"
1627814144563990528,1627814144563990528,2023-02-21 07:35:10 Malay Peninsula Standard Time,2023-02-21,07:35:10,625713540,Five ways teachers can integrate ChatGPT into their classrooms today #justwrite #edtechchat #engchat   https://t.co/XfmdqejX4J,en,"['justwrite', 'edtechchat', 'engchat']",[],Five ways teachers can integrate ChatGPT into their classrooms today #justwrite #edtechchat #engchat   https://t.co/XfmdqejX4J,"['Five', 'ways', 'teachers', 'can', 'integrate', 'ChatGPT', 'into', 'their', 'classrooms', 'today', '#justwrite', '#edtechchat', '#engchat', 'https://t.co/XfmdqejX4J']"
1627814144044064769,1627814144044064768,2023-02-21 07:35:09 Malay Peninsula Standard Time,2023-02-21,07:35:09,3409798153,#ChatGPT に推薦状を書かせるのは便利、っていうツイートをいくつか読んだ。確かに便利そう。ただこれに手を染めると、学生のレポートに対し何も言えなくなる気がして踏ん切りがつかない。,ja,['chatgpt'],[],"I've read a few tweets about how useful it is to have #ChatGPT write a letter of recommendation. Looks convenient indeed. However, if I get involved in this, I feel that I will not be able to say anything about the student's report, so I can't take the plunge.","[""I've"", 'read', 'a', 'few', 'tweets', 'about', 'how', 'useful', 'it', 'is', 'to', 'have', '#ChatGPT', 'write', 'a', 'letter', 'of', 'recommendation', '.', 'Looks', 'convenient', 'indeed', '.', 'However', ',', 'if', 'I', 'get', 'involved', 'in', 'this', ',', 'I', 'feel', 'that', 'I', 'will', 'not', 'be', 'able', 'to', 'say', 'anything', 'about', 'the', ""student's"", 'report', ',', 'so', 'I', ""can't"", 'take', 'the', 'plunge', '.']"
1627814137043771393,1627642226074599424,2023-02-21 07:35:08 Malay Peninsula Standard Time,2023-02-21,07:35:08,1611351586672107520,"@YongJiang_Li_ DM me with screenshot,I'll check it out👀",en,[],"[{'screen_name': 'YongJiang_Li_', 'name': '𐃏江sir爱数码', 'id': '895817229568139265'}]","@YongJiang_Li_ DM me with screenshot,I'll check it out👀","['DM', 'me', 'with', 'screenshot', ',', ""I'll"", 'check', 'it', 'out', '👀']"
1627814122166358017,1627814122166358016,2023-02-21 07:35:04 Malay Peninsula Standard Time,2023-02-21,07:35:04,45085177,"LITERALMENTE  O @elonmusk está nos salvando as vidas, ainda que o projeto chip no cérebro assuste.  A intenção é boa, todavia não se pode garantir que o projeto não avance para além do objetivo e passe a controlar a mente humana.  O chatGPT também assusta.",pt,[],[],"LITERALLY The @elonmusk is saving our lives, even if the chip design in the brain scares us.  The intention is good, but it cannot be guaranteed that the project does not advance beyond the goal and come to control the human mind.  The chatGPT also scares.","['LITERALLY', 'The', 'is', 'saving', 'our', 'lives', ',', 'even', 'if', 'the', 'chip', 'design', 'in', 'the', 'brain', 'scares', 'us', '.', 'The', 'intention', 'is', 'good', ',', 'but', 'it', 'cannot', 'be', 'guaranteed', 'that', 'the', 'project', 'does', 'not', 'advance', 'beyond', 'the', 'goal', 'and', 'come', 'to', 'control', 'the', 'human', 'mind', '.', 'The', 'chatGPT', 'also', 'scares', '.']"
1627814097407336448,1627814097407336448,2023-02-21 07:34:58 Malay Peninsula Standard Time,2023-02-21,07:34:58,4752887535,ChatGPT la fraude,fr,[],[],ChatGPT fraud,"['ChatGPT', 'fraud']"
1627814095343976449,1627814095343976448,2023-02-21 07:34:58 Malay Peninsula Standard Time,2023-02-21,07:34:58,1547058872,chatgptさんにpython教わってる。,ja,[],[],I'm learning python from chatgpt.,"[""I'm"", 'learning', 'python', 'from', 'chatgpt', '.']"
1627814092382646277,1627800578414854144,2023-02-21 07:34:57 Malay Peninsula Standard Time,2023-02-21,07:34:57,943298783894491136,@drawsgood @ilyamiskov rive dont got layer blur or background blur or shadows. ADD BACK THE BLURS AND SHADOWS DRAWSGOOD!!!!!!,en,[],"[{'screen_name': 'drawsgood', 'name': 'Drawsgood', 'id': '31525143'}, {'screen_name': 'ilyamiskov', 'name': 'Ilya Miskov', 'id': '112187977'}]",@drawsgood @ilyamiskov rive dont got layer blur or background blur or shadows. ADD BACK THE BLURS AND SHADOWS DRAWSGOOD!!!!!!,"['rive', 'dont', 'got', 'layer', 'blur', 'or', 'background', 'blur', 'or', 'shadows', '.', 'ADD', 'BACK', 'THE', 'BLURS', 'AND', 'SHADOWS', 'DRAWSGOOD', '!', '!', '!']"
1627814080026386433,1627814080026386432,2023-02-21 07:34:54 Malay Peninsula Standard Time,2023-02-21,07:34:54,15332560,ホルーペ ✕ ChatGPT の検証をしばらくしていたけど、けっこう目処が立ってきて、上手く行けば現行プロダクトのいくつかの課題を一気に解決することができそう。一方で、技術的には可能でも、それが本来の目的からそれたら意味がないので、サービスとして昇華させていくのはなかなか難しい。,ja,[],[],"Holupe ✕ I've been testing ChatGPT for a while, but I've got a pretty good idea, and if it goes well, I think we can solve some of the problems of the current product at once. On the other hand, even if it is technically possible, it is meaningless if it deviates from its original purpose, so it is quite difficult to sublimate it as a service.","['Holupe', '✕', ""I've"", 'been', 'testing', 'ChatGPT', 'for', 'a', 'while', ',', 'but', ""I've"", 'got', 'a', 'pretty', 'good', 'idea', ',', 'and', 'if', 'it', 'goes', 'well', ',', 'I', 'think', 'we', 'can', 'solve', 'some', 'of', 'the', 'problems', 'of', 'the', 'current', 'product', 'at', 'once', '.', 'On', 'the', 'other', 'hand', ',', 'even', 'if', 'it', 'is', 'technically', 'possible', ',', 'it', 'is', 'meaningless', 'if', 'it', 'deviates', 'from', 'its', 'original', 'purpose', ',', 'so', 'it', 'is', 'quite', 'difficult', 'to', 'sublimate', 'it', 'as', 'a', 'service', '.']"
1627814065446825985,1627814065446825984,2023-02-21 07:34:51 Malay Peninsula Standard Time,2023-02-21,07:34:51,3301052300,#chatGPT账号 #苹果id 主页链接下单 #电报号 #Facebook号 Individual lawyer budget performance behind position. 💘😆😅💋🤐 2023-02-21 07:34:51  https://t.co/GEffFLrzhY,zh,"['chatgpt账号', '苹果id', '电报号', 'facebook号']",[],#chatGPT账号 #苹果id Home page link to place an order #电报号 #Facebook号 Individual lawyer budget performance behind position. 💘😆😅💋🤐 2023-02-21 07:34:51  https://t.co/GEffFLrzhY,"['#chatGPT账号', '#苹果id', 'Home', 'page', 'link', 'to', 'place', 'an', 'order', '#电报号', '#Facebook号', 'Individual', 'lawyer', 'budget', 'performance', 'behind', 'position', '.', '💘', '😆', '😅', '💋', '🤐', '2023-02-', '21', '07:34', ':', '51', 'https://t.co/GEffFLrzhY']"
1627814061244309505,1627814061244309504,2023-02-21 07:34:50 Malay Peninsula Standard Time,2023-02-21,07:34:50,112085182,22年度の日本の税収68兆円で過去最高なんだけど、こういうchat gptより間違った事言う人間の方が問題でないか？　RT,ja,[],[],"The tax revenue of the Japan in FY22 was 68 trillion yen, which is the highest ever, but isn't it more of a problem for people who say the wrong things than this kind of chat GPT?　RT","['The', 'tax', 'revenue', 'of', 'the', 'Japan', 'in', 'FY22', 'was', '68', 'trillion', 'yen', ',', 'which', 'is', 'the', 'highest', 'ever', ',', 'but', ""isn't"", 'it', 'more', 'of', 'a', 'problem', 'for', 'people', 'who', 'say', 'the', 'wrong', 'things', 'than', 'this', 'kind', 'of', 'chat', 'GPT', '?', 'RT']"
1627814053740679169,1627814053740679168,2023-02-21 07:34:48 Malay Peninsula Standard Time,2023-02-21,07:34:48,1601710558511775744,كل ما تريد معرفته عن العقل المدبر وراء ChatGPT  https://t.co/pUAA8K87f1,ar,[],[],Everything you need to know about the mastermind behind ChatGPT https://t.co/pUAA8K87f1,"['Everything', 'you', 'need', 'to', 'know', 'about', 'the', 'mastermind', 'behind', 'ChatGPT', 'https://t.co/pUAA8K87f1']"
1627814053296111616,1627814053296111616,2023-02-21 07:34:48 Malay Peninsula Standard Time,2023-02-21,07:34:48,1410701817701289984,"My mom uses ChatGPT to estimate the macro nutrient breakdown of homemade meals.  I'm not sure this was possible before now, and for ethnic cuisine, kind of a big deal!",en,[],[],"My mom uses ChatGPT to estimate the macro nutrient breakdown of homemade meals.  I'm not sure this was possible before now, and for ethnic cuisine, kind of a big deal!","['My', 'mom', 'uses', 'ChatGPT', 'to', 'estimate', 'the', 'macro', 'nutrient', 'breakdown', 'of', 'homemade', 'meals', '.', ""I'm"", 'not', 'sure', 'this', 'was', 'possible', 'before', 'now', ',', 'and', 'for', 'ethnic', 'cuisine', ',', 'kind', 'of', 'a', 'big', 'deal', '!']"
1627814044504674305,1623532137050951680,2023-02-21 07:34:46 Malay Peninsula Standard Time,2023-02-21,07:34:46,1598922281434103808,@NandhuValimai @Nithish17_  https://t.co/nOEWYP5eBh,qme,[],"[{'screen_name': 'NandhuValimai', 'name': 'N A N D H U ᵀʰᵘⁿᶦᵛᵘ', 'id': '1493618909911851015'}]",@NandhuValimai @Nithish17_  https://t.co/nOEWYP5eBh,['https://t.co/nOEWYP5eBh']
1627814030726529026,1627814030726529024,2023-02-21 07:34:42 Malay Peninsula Standard Time,2023-02-21,07:34:42,1221769505447141376,ChatGPTやBingAIも良いけど、こういったジョーク混じりのAIの方が楽しくて好き😁,ja,[],[],"ChatGPT and BingAI are good, but I like 😁 AI mixed with jokes because it's more fun.","['ChatGPT', 'and', 'BingAI', 'are', 'good', ',', 'but', 'I', 'like', '😁', 'AI', 'mixed', 'with', 'jokes', 'because', ""it's"", 'more', 'fun', '.']"
1627814030374232065,1627307500575006720,2023-02-21 07:34:42 Malay Peninsula Standard Time,2023-02-21,07:34:42,3280334544,@mutsuki_hiro02 chatGPT君すぐ前に話したこと忘れちゃうから忘れないように定期的に今まで話したこと何度もコピペして張ってたらどんどんログが長くなっていってそのうちウンともスンとも言わなくなりましたね...,ja,[],"[{'screen_name': 'mutsuki_hiro02', 'name': 'むつきひろ🔞2/11新作発売！🎉サンプル6/8p', 'id': '1005684885707632640'}]","@mutsuki_hiro02 chatGPT, I'll forget what I talked about right before, so don't forget what I've talked about on a regular basis, and if I copy and paste what I've talked about many times, the log will get longer and longer, and eventually I won't say Eun or Sun...","['chatGPT', ',', ""I'll"", 'forget', 'what', 'I', 'talked', 'about', 'right', 'before', ',', 'so', ""don't"", 'forget', 'what', ""I've"", 'talked', 'about', 'on', 'a', 'regular', 'basis', ',', 'and', 'if', 'I', 'copy', 'and', 'paste', 'what', ""I've"", 'talked', 'about', 'many', 'times', ',', 'the', 'log', 'will', 'get', 'longer', 'and', 'longer', ',', 'and', 'eventually', 'I', ""won't"", 'say', 'Eun', 'or', 'Sun', '...']"
1627814023528955904,1623986479872749568,2023-02-21 07:34:41 Malay Peninsula Standard Time,2023-02-21,07:34:41,1598922281434103808,@introverteeen @RioT677  https://t.co/Ir5brn3sGC,qme,[],"[{'screen_name': 'introverteeen', 'name': 'kassi.', 'id': '1353894697882718209'}]",@introverteeen @RioT677  https://t.co/Ir5brn3sGC,['https://t.co/Ir5brn3sGC']
1627814002704146433,1627814002704146432,2023-02-21 07:34:36 Malay Peninsula Standard Time,2023-02-21,07:34:36,1064549249596211201,"Asked #ChatGPT about what it knows about me. As a result, I learned a lot of new and interesting things about myself and I didn't expect to find out how incredible I am 🤣!  https://t.co/YlC6ZOekk7",en,['chatgpt'],[],"Asked #ChatGPT about what it knows about me. As a result, I learned a lot of new and interesting things about myself and I didn't expect to find out how incredible I am 🤣!  https://t.co/YlC6ZOekk7","['Asked', '#ChatGPT', 'about', 'what', 'it', 'knows', 'about', 'me', '.', 'As', 'a', 'result', ',', 'I', 'learned', 'a', 'lot', 'of', 'new', 'and', 'interesting', 'things', 'about', 'myself', 'and', 'I', ""didn't"", 'expect', 'to', 'find', 'out', 'how', 'incredible', 'I', 'am', '🤣', '!', 'https://t.co/YlC6ZOekk7']"
1627814000993124352,1624834929467990016,2023-02-21 07:34:35 Malay Peninsula Standard Time,2023-02-21,07:34:35,1074021341244866566,@MikhailaFuller @jordanbpeterson OMG.  wtf?  So Chat GPT is a programed leftie?,en,[],"[{'screen_name': 'MikhailaFuller', 'name': 'Mikhaila Peterson', 'id': '874904274'}, {'screen_name': 'jordanbpeterson', 'name': 'Dr Jordan B Peterson', 'id': '95092020'}]",@MikhailaFuller @jordanbpeterson OMG.  wtf?  So Chat GPT is a programed leftie?,"['OMG', '.', 'wtf', '?', 'So', 'Chat', 'GPT', 'is', 'a', 'programed', 'leftie', '?']"
1627813988355678209,1627813988355678208,2023-02-21 07:34:32 Malay Peninsula Standard Time,2023-02-21,07:34:32,5550392,ChatGPTってこれからだよね…仕方ないよね…ｗ,ja,[],[],ChatGPT is about to begin... I can't help it... w,"['ChatGPT', 'is', 'about', 'to', 'begin', '...', 'I', ""can't"", 'help', 'it', '...', 'w']"
1627813964800294912,1627811763876945920,2023-02-21 07:34:27 Malay Peninsula Standard Time,2023-02-21,07:34:27,321075608,@emiliaen140 ah claro,es,[],"[{'screen_name': 'emiliaen140', 'name': 'Emilia ⭐️', 'id': '1270151132573249547'}]",@emiliaen140 ah clear,"['ah', 'clear']"
1627813963336495111,1627813963336495104,2023-02-21 07:34:26 Malay Peninsula Standard Time,2023-02-21,07:34:26,93303962,ChatGPTは英語で質問した方が答えが早くて速いですね,ja,[],[],ChatGPT is faster and faster to answer questions in English.,"['ChatGPT', 'is', 'faster', 'and', 'faster', 'to', 'answer', 'questions', 'in', 'English', '.']"
1627813957548273666,1627813957548273664,2023-02-21 07:34:25 Malay Peninsula Standard Time,2023-02-21,07:34:25,1599894850375225345,Bing with ChatGPT could be coming to Chrome and other browsers  https://t.co/a2tArmvZIF #TrendingNow #HotTopics #Trending #News #NewsUpdate #Forumidex #MyForumLink,en,"['trendingnow', 'hottopics', 'trending', 'news', 'newsupdate', 'forumidex', 'myforumlink']",[],Bing with ChatGPT could be coming to Chrome and other browsers  https://t.co/a2tArmvZIF #TrendingNow #HotTopics #Trending #News #NewsUpdate #Forumidex #MyForumLink,"['Bing', 'with', 'ChatGPT', 'could', 'be', 'coming', 'to', 'Chrome', 'and', 'other', 'browsers', 'https://t.co/a2tArmvZIF', '#TrendingNow', '#HotTopics', '#Trending', '#News', '#NewsUpdate', '#Forumidex', '#MyForumLink']"
1627813947478007808,1627813947478007808,2023-02-21 07:34:23 Malay Peninsula Standard Time,2023-02-21,07:34:23,152164088,知ってるけど使った事ない、という状態だったので、登録して使ってみたらすごい面白かった！  日本の経営者(20~40代)の6割がChatGPTを知らない - 西野亮廣(キングコング) @nishinoakihiro  https://t.co/WTnRTOxUGM #Voicy,ja,['voicy'],[],"I knew it, but I had never used it, so I registered and tried it and it was very interesting!  60% of Japan managers (20~40s) do not know ChatGPT - Ryohiro Nishino (King Kong) @nishinoakihiro https://t.co/WTnRTOxUGM #Voicy","['I', 'knew', 'it', ',', 'but', 'I', 'had', 'never', 'used', 'it', ',', 'so', 'I', 'registered', 'and', 'tried', 'it', 'and', 'it', 'was', 'very', 'interesting', '!', '60', '%', 'of', 'Japan', 'managers', '(', '20', '~', '40s', ')', 'do', 'not', 'know', 'ChatGPT', '-', 'Ryohiro', 'Nishino', '(', 'King', 'Kong', ')', 'https://t.co/WTnRTOxUGM', '#Voicy']"
1627813944994979841,1627813944994979840,2023-02-21 07:34:22 Malay Peninsula Standard Time,2023-02-21,07:34:22,937034227991769088,chatGPTからイメージを送らせる方法｜RUI  https://t.co/dwCHduobT0 #zenn,ja,['zenn'],[],How to send an image from chatGPT | RUI https://t.co/dwCHduobT0 #zenn,"['How', 'to', 'send', 'an', 'image', 'from', 'chatGPT', '|', 'RUI', 'https://t.co/dwCHduobT0', '#zenn']"
1627813939634487297,1623986479872749568,2023-02-21 07:34:21 Malay Peninsula Standard Time,2023-02-21,07:34:21,1598922281434103808,@introverteeen @EternalGloom__  https://t.co/ltcKR8hS6k,qme,[],"[{'screen_name': 'introverteeen', 'name': 'kassi.', 'id': '1353894697882718209'}]",@introverteeen @EternalGloom__  https://t.co/ltcKR8hS6k,['https://t.co/ltcKR8hS6k']
1627813926321770498,1627813926321770496,2023-02-21 07:34:18 Malay Peninsula Standard Time,2023-02-21,07:34:18,1550985155799818240,what I use chatGPT for  https://t.co/WD52qF4bbF,en,[],[],what I use chatGPT for  https://t.co/WD52qF4bbF,"['what', 'I', 'use', 'chatGPT', 'for', 'https://t.co/WD52qF4bbF']"
1627813922471567360,1627813922471567360,2023-02-21 07:34:17 Malay Peninsula Standard Time,2023-02-21,07:34:17,1593704287275663361,新しいchatGPT、制限かかって全然つかえなくなったｗｗ,ja,[],[],"New chatGPT, I can't use it at all due to restrictions ww","['New', 'chatGPT', ',', 'I', ""can't"", 'use', 'it', 'at', 'all', 'due', 'to', 'restrictions', 'ww']"
1627813918709108736,1627813768066641920,2023-02-21 07:34:16 Malay Peninsula Standard Time,2023-02-21,07:34:16,1598922281434103808,@PottiPotato95 @oyorooms  https://t.co/GU7oPyseBr,qme,[],"[{'screen_name': 'PottiPotato95', 'name': '🌞Santhu🍊', 'id': '912744541702193152'}]",@PottiPotato95 @oyorooms  https://t.co/GU7oPyseBr,['https://t.co/GU7oPyseBr']
1627813917933043714,1627813917933043712,2023-02-21 07:34:16 Malay Peninsula Standard Time,2023-02-21,07:34:16,266696234,"We pitted ChatGPT against tools for detecting AI-written text, and the results are troubling  https://t.co/o6qUHjfcUg via @techxplore_com #AI #ML #ArtificialIntelligence #MachineLearning #ChatGPT #OpenAI #Chatbots",en,"['ai', 'ml', 'artificialintelligence', 'machinelearning', 'chatgpt', 'openai', 'chatbots']",[],"We pitted ChatGPT against tools for detecting AI-written text, and the results are troubling  https://t.co/o6qUHjfcUg via @techxplore_com #AI #ML #ArtificialIntelligence #MachineLearning #ChatGPT #OpenAI #Chatbots","['We', 'pitted', 'ChatGPT', 'against', 'tools', 'for', 'detecting', 'AI-written', 'text', ',', 'and', 'the', 'results', 'are', 'troubling', 'https://t.co/o6qUHjfcUg', 'via', '#AI', '#ML', '#ArtificialIntelligence', '#MachineLearning', '#ChatGPT', '#OpenAI', '#Chatbots']"
1627813899369340928,1627813899369340928,2023-02-21 07:34:11 Malay Peninsula Standard Time,2023-02-21,07:34:11,1487224567286288386,chatGPTの反応を早くしたい時は呪文詠唱を英語で短くすると良いですよ。  Please tell me more about chat GPT. ・Foundation ・Representative ・Founding story ・Registration method ・how to use ・Concrete example ・Future Prospects and Potential  など。返信早く課金要らず。あとで翻訳👍,ja,[],[],"If you want to speed up chatGPT's response, you can shorten the spell casting in English.  Please tell me more about chat GPT. ・Foundation ・Representative・Founding story・Registration method・How to use・Concrete example・Future Prospects and Potential, etc. No need to charge for quick reply. Translate 👍 later","['If', 'you', 'want', 'to', 'speed', 'up', ""chatGPT's"", 'response', ',', 'you', 'can', 'shorten', 'the', 'spell', 'casting', 'in', 'English', '.', 'Please', 'tell', 'me', 'more', 'about', 'chat', 'GPT', '.', '・', 'Foundation', '・', 'Representative', '・', 'Founding', 'story', '・', 'Registration', 'method', '・', 'How', 'to', 'use', '・', 'Concrete', 'example', '・', 'Future', 'Prospects', 'and', 'Potential', ',', 'etc', '.', 'No', 'need', 'to', 'charge', 'for', 'quick', 'reply', '.', 'Translate', '👍', 'later']"
1627813897712312321,1623986479872749568,2023-02-21 07:34:11 Malay Peninsula Standard Time,2023-02-21,07:34:11,1598922281434103808,@introverteeen @EternalGloom__  https://t.co/AMeX3C0HKy,qme,[],"[{'screen_name': 'introverteeen', 'name': 'kassi. | batman enthusiast', 'id': '1353894697882718209'}]",@introverteeen @EternalGloom__  https://t.co/AMeX3C0HKy,['https://t.co/AMeX3C0HKy']
1627813889525284864,1627813889525284864,2023-02-21 07:34:09 Malay Peninsula Standard Time,2023-02-21,07:34:09,756118247628431360,#chatgpt  ここまでシュールだと勝てる気がせん 「推理ギャグの世界」とか、本当にどこかにありそうな気がしてきて…  でもこれ、ホラーじゃね？  https://t.co/dU4ziXEnj0,ja,['chatgpt'],[],"#chatgpt I don't feel like I can win if it's so surreal I feel like it's really somewhere like ""the world of detective gags"" ...  But this is horror, isn't it?  https://t.co/dU4ziXEnj0","['#chatgpt', 'I', ""don't"", 'feel', 'like', 'I', 'can', 'win', 'if', ""it's"", 'so', 'surreal', 'I', 'feel', 'like', ""it's"", 'really', 'somewhere', 'like', '""', 'the', 'world', 'of', 'detective', 'gags', '""', '...', 'But', 'this', 'is', 'horror', ',', ""isn't"", 'it', '?', 'https://t.co/dU4ziXEnj0']"
1627813888862601216,1627813888862601216,2023-02-21 07:34:09 Malay Peninsula Standard Time,2023-02-21,07:34:09,322909781,文章生成が途中で止まると不具合かな？とか思いますよね！ 僕も最初はそう思ってブラウザ更新してみたり。  【解決策】 現在、1回で生成できる文字数は1024文字程度。 それ以上は複数回に分けて生成してもらう必要があるので、途中で止まったら  「続きを教えて」と送ってみてください！  #chatgpt  https://t.co/WGFvZB3BTe,ja,['chatgpt'],[],"Is it a problem if sentence generation stops in the middle? Or so I think! I thought so at first and updated my browser.  【Solution】 Currently, the number of characters that can be generated at one time is about 1024. Beyond that, you need to have it generated in multiple parts, so if you stop in the middle, send ""Tell me more""!  #chatgpt https://t.co/WGFvZB3BTe","['Is', 'it', 'a', 'problem', 'if', 'sentence', 'generation', 'stops', 'in', 'the', 'middle', '?', 'Or', 'so', 'I', 'think', '!', 'I', 'thought', 'so', 'at', 'first', 'and', 'updated', 'my', 'browser', '.', '【', 'Solution', '】', 'Currently', ',', 'the', 'number', 'of', 'characters', 'that', 'can', 'be', 'generated', 'at', 'one', 'time', 'is', 'about', '1024', '.', 'Beyond', 'that', ',', 'you', 'need', 'to', 'have', 'it', 'generated', 'in', 'multiple', 'parts', ',', 'so', 'if', 'you', 'stop', 'in', 'the', 'middle', ',', 'send', '""', 'Tell', 'me', 'more', '""', '!', '#chatgpt', 'https://t.co/WGFvZB3BTe']"
1627813887880880128,1623919856973389824,2023-02-21 07:34:08 Malay Peninsula Standard Time,2023-02-21,07:34:08,41534846,@mrgreen The designers aren't going out of business. Most ppl don't even know how to use chatgpt.  you have to be through in telling it what you want to get what you want. If a person is lazy and is looking for chatgpt to whip up something fast for them they are going to be disappointed,en,[],"[{'screen_name': 'mrgreen', 'name': 'Lorenzo Green 〰️', 'id': '112395753'}]",@mrgreen The designers aren't going out of business. Most ppl don't even know how to use chatgpt.  you have to be through in telling it what you want to get what you want. If a person is lazy and is looking for chatgpt to whip up something fast for them they are going to be disappointed,"['The', 'designers', ""aren't"", 'going', 'out', 'of', 'business', '.', 'Most', 'ppl', ""don't"", 'even', 'know', 'how', 'to', 'use', 'chatgpt', '.', 'you', 'have', 'to', 'be', 'through', 'in', 'telling', 'it', 'what', 'you', 'want', 'to', 'get', 'what', 'you', 'want', '.', 'If', 'a', 'person', 'is', 'lazy', 'and', 'is', 'looking', 'for', 'chatgpt', 'to', 'whip', 'up', 'something', 'fast', 'for', 'them', 'they', 'are', 'going', 'to', 'be', 'disappointed']"
1627813883594375168,1627813883594375168,2023-02-21 07:34:07 Malay Peninsula Standard Time,2023-02-21,07:34:07,15572962,"ChatGPT es mi sobrina cuando tenía 7 años, que la llamábamos Antoñita la Fantástica.",es,[],[],"ChatGPT is my niece when she was 7 years old, we called her Antoñita la Fantástica.","['ChatGPT', 'is', 'my', 'niece', 'when', 'she', 'was', '7', 'years', 'old', ',', 'we', 'called', 'her', 'Antoñita', 'la', 'Fantástica', '.']"
1627813865625985025,1627813865625985024,2023-02-21 07:34:03 Malay Peninsula Standard Time,2023-02-21,07:34:03,1562636245,Elon Musk praises Microsoft’s ChatGPT Bing as ‘based AI’  https://t.co/cUHrLXH8S8,en,[],[],Elon Musk praises Microsoft’s ChatGPT Bing as ‘based AI’  https://t.co/cUHrLXH8S8,"['Elon', 'Musk', 'praises', 'Microsoft', '’', 's', 'ChatGPT', 'Bing', 'as', '‘', 'based', 'AI', '’', 'https://t.co/cUHrLXH8S8']"
1627813835351670784,1627654850237411328,2023-02-21 07:33:56 Malay Peninsula Standard Time,2023-02-21,07:33:56,2399184116,@caiziboshi 别忘了chatgpt,zh,[],"[{'screen_name': 'caiziboshi', 'name': '蔡子博士Chris', 'id': '48897816'}]",@caiziboshi Don't forget chatgpt,"[""Don't"", 'forget', 'chatgpt']"
1627813823490170880,1627813823490170880,2023-02-21 07:33:53 Malay Peninsula Standard Time,2023-02-21,07:33:53,1525787293432262657,"Thank you, @OpenUnisAU for featuring us in your recent article on the ethical use of AI tools like ChatGPT.   We appreciate your support for maintaining academic integrity while embracing new technologies.  #education #learning #universities #ai #chatgpt   https://t.co/IOcmhmSjWI",en,"['education', 'learning', 'universities', 'ai', 'chatgpt']",[],"Thank you, @OpenUnisAU for featuring us in your recent article on the ethical use of AI tools like ChatGPT.   We appreciate your support for maintaining academic integrity while embracing new technologies.  #education #learning #universities #ai #chatgpt   https://t.co/IOcmhmSjWI","['Thank', 'you', ',', 'for', 'featuring', 'us', 'in', 'your', 'recent', 'article', 'on', 'the', 'ethical', 'use', 'of', 'AI', 'tools', 'like', 'ChatGPT', '.', 'We', 'appreciate', 'your', 'support', 'for', 'maintaining', 'academic', 'integrity', 'while', 'embracing', 'new', 'technologies', '.', '#education', '#learning', '#universities', '#ai', '#chatgpt', 'https://t.co/IOcmhmSjWI']"
1627813801394307073,1627813801394307072,2023-02-21 07:33:48 Malay Peninsula Standard Time,2023-02-21,07:33:48,1003304171955802113,We need to #cancel ChatGPT  https://t.co/1yqbHTKiAf,en,['cancel'],[],We need to #cancel ChatGPT  https://t.co/1yqbHTKiAf,"['We', 'need', 'to', '#cancel', 'ChatGPT', 'https://t.co/1yqbHTKiAf']"
1627813778925420544,1622246844188205056,2023-02-21 07:33:42 Malay Peninsula Standard Time,2023-02-21,07:33:42,1598922281434103808,@Jaques2023 @_lnnen_WT  https://t.co/4VVqwOn8v3,qme,[],"[{'screen_name': 'Jaques2023', 'name': 'Jaques, of all trades', 'id': '1934577852'}]",@Jaques2023 @_lnnen_WT  https://t.co/4VVqwOn8v3,['https://t.co/4VVqwOn8v3']
1627813775410864129,1627813775410864128,2023-02-21 07:33:42 Malay Peninsula Standard Time,2023-02-21,07:33:42,1558062163909939202,#ChatGPT とても便利で、これからが楽しみである反面、ダイレクトに答えが返ってくることに、何か物悲しさを感じる。ググるのって、その人や、時とか場所によって、得られる答え（検索結果）が変わるのがおもしろいんだなぁと思いました。,ja,['chatgpt'],[],"#ChatGPT It's very convenient, and while I'm looking forward to the future, I feel sad about the direct answer. I thought it was interesting to google that the answers (search results) you get change depending on the person, time, and place.","['#ChatGPT', ""It's"", 'very', 'convenient', ',', 'and', 'while', ""I'm"", 'looking', 'forward', 'to', 'the', 'future', ',', 'I', 'feel', 'sad', 'about', 'the', 'direct', 'answer', '.', 'I', 'thought', 'it', 'was', 'interesting', 'to', 'google', 'that', 'the', 'answers', '(', 'search', 'results', ')', 'you', 'get', 'change', 'depending', 'on', 'the', 'person', ',', 'time', ',', 'and', 'place', '.']"
1627813758046199813,1625038442907447296,2023-02-21 07:33:37 Malay Peninsula Standard Time,2023-02-21,07:33:37,1598922281434103808,@Death_Merchant_ @KICCHABOSSCULT  https://t.co/H7gIRkqtjd,qme,[],"[{'screen_name': 'Death_Merchant_', 'name': '𝑫𝑬𝑨𝑻𝑯 𝑴𝒆𝒓𝒄𝒉𝒂𝒏𝒕', 'id': '1527097812424396800'}]",@Death_Merchant_ @KICCHABOSSCULT  https://t.co/H7gIRkqtjd,['https://t.co/H7gIRkqtjd']
1627813745165578240,1627678161013178368,2023-02-21 07:33:34 Malay Peninsula Standard Time,2023-02-21,07:33:34,1204187974780542983,@fxnction I’m not on the computer but there a solid chat GPT prompt I use. Give me a bit I’ll scoop and dm. But if you let chat got write the print for midway it will bangout like a 4 line jibberish looking prompt that crushes.,en,[],"[{'screen_name': 'fxnction', 'name': 'fxnction', 'id': '1414330132022452231'}]",@fxnction I’m not on the computer but there a solid chat GPT prompt I use. Give me a bit I’ll scoop and dm. But if you let chat got write the print for midway it will bangout like a 4 line jibberish looking prompt that crushes.,"['I', '’', 'm', 'not', 'on', 'the', 'computer', 'but', 'there', 'a', 'solid', 'chat', 'GPT', 'prompt', 'I', 'use', '.', 'Give', 'me', 'a', 'bit', 'I', '’', 'll', 'scoop', 'and', 'dm', '.', 'But', 'if', 'you', 'let', 'chat', 'got', 'write', 'the', 'print', 'for', 'midway', 'it', 'will', 'bangout', 'like', 'a', '4', 'line', 'jibberish', 'looking', 'prompt', 'that', 'crushes', '.']"
1627813727511920640,1627813727511920640,2023-02-21 07:33:30 Malay Peninsula Standard Time,2023-02-21,07:33:30,1213065467444617217,Definitely great tread on #medium about using #chatGpt to build System Diagrams  https://t.co/S8Nwb9JeSZ,en,"['medium', 'chatgpt']",[],Definitely great tread on #medium about using #chatGpt to build System Diagrams  https://t.co/S8Nwb9JeSZ,"['Definitely', 'great', 'tread', 'on', '#medium', 'about', 'using', '#chatGpt', 'to', 'build', 'System', 'Diagrams', 'https://t.co/S8Nwb9JeSZ']"
1627813719815102464,1627813719815102464,2023-02-21 07:33:28 Malay Peninsula Standard Time,2023-02-21,07:33:28,268920413,@lolaindigomusic mira esto. Si en algún momento estás un poco sin inspiración puedes usar chatgpt 😂  https://t.co/YsI2645Pc4,es,[],[],@lolaindigomusic look at this. If at any time you are a little uninspired you can use chatgpt 😂 https://t.co/YsI2645Pc4,"['look', 'at', 'this', '.', 'If', 'at', 'any', 'time', 'you', 'are', 'a', 'little', 'uninspired', 'you', 'can', 'use', 'chatgpt', '😂', 'https://t.co/YsI2645Pc4']"
1627813710738690049,1627813710738690048,2023-02-21 07:33:26 Malay Peninsula Standard Time,2023-02-21,07:33:26,14707115,"Deploying current ChatGPT into every search done by Google would require 512,820.51 A100 HGX servers = 4,102,568 A100 GPUs. The total cost of these servers and networking exceeds $100 billion of Capex alone. And It would reduce Search profitability by $36B/year on running costs",en,[],[],"Deploying current ChatGPT into every search done by Google would require 512,820.51 A100 HGX servers = 4,102,568 A100 GPUs. The total cost of these servers and networking exceeds $100 billion of Capex alone. And It would reduce Search profitability by $36B/year on running costs","['Deploying', 'current', 'ChatGPT', 'into', 'every', 'search', 'done', 'by', 'Google', 'would', 'require', '512,820', '.', '51', 'A100', 'HGX', 'servers', '=', '4,102', ',', '568', 'A100', 'GPUs', '.', 'The', 'total', 'cost', 'of', 'these', 'servers', 'and', 'networking', 'exceeds', '$', '100', 'billion', 'of', 'Capex', 'alone', '.', 'And', 'It', 'would', 'reduce', 'Search', 'profitability', 'by', '$', '36B', '/', 'year', 'on', 'running', 'costs']"
1627813701427290114,1627813701427290112,2023-02-21 07:33:24 Malay Peninsula Standard Time,2023-02-21,07:33:24,3165584576,#chatGPT账号  主页链接下单 #苹果id #Tiktok号 #国际邮箱 Player morning you house. 😝🤏😋😅💥 2023-02-21 07:33:24  https://t.co/r9VgJjVT64,zh,"['chatgpt账号', '苹果id', 'tiktok号', '国际邮箱']",[],#chatGPT账号 Home link to place an order #苹果id #Tiktok号 #国际邮箱 Player morning you house. 😝🤏😋😅💥 2023-02-21 07:33:24  https://t.co/r9VgJjVT64,"['#chatGPT账号', 'Home', 'link', 'to', 'place', 'an', 'order', '#苹果id', '#Tiktok号', '#国际邮箱', 'Player', 'morning', 'you', 'house', '.', '😝', '🤏', '😋', '😅', '💥', '2023-02-', '21', '07:33', ':', '24', 'https://t.co/r9VgJjVT64']"
1627813695001620482,1623986479872749568,2023-02-21 07:33:22 Malay Peninsula Standard Time,2023-02-21,07:33:22,1598922281434103808,@introverteeen @jack_aka_jd  https://t.co/lItNsYlzaY,qme,[],"[{'screen_name': 'introverteeen', 'name': 'kassi.', 'id': '1353894697882718209'}]",@introverteeen @jack_aka_jd  https://t.co/lItNsYlzaY,['https://t.co/lItNsYlzaY']
1627813685015244801,1627642226074599424,2023-02-21 07:33:20 Malay Peninsula Standard Time,2023-02-21,07:33:20,1611351586672107520,@cowboycodr I'll try to figure it out🤔,en,[],"[{'screen_name': 'cowboycodr', 'name': 'Kian McKenna', 'id': '1160301593448898560'}]",@cowboycodr I'll try to figure it out🤔,"[""I'll"", 'try', 'to', 'figure', 'it', 'out', '🤔']"
1627813679008985088,1627813679008985088,2023-02-21 07:33:19 Malay Peninsula Standard Time,2023-02-21,07:33:19,244375980,"[ainet] [ChatGPT-번역 산업] 인간 번역가에 비해 ChatGPT 번역은 전체 웹사이트나 책을 번역하는 경우에도 몇 초 만에 사용자에게 반환된다. 또한, 번역 프로세스의 속도를 크게 높여 번역가가 각 프로젝트에 소요하는 시간을 줄여 비용을 절감한다.  https://t.co/Tj9smg2Jcf",ko,[],[],"[ainet] Compared to human translators, ChatGPT translations are returned to the user in seconds, even if the entire website or book is translated. It also speeds up the translation process, reducing the amount of time translators spend on each project, thereby reducing costs.  https://t.co/Tj9smg2Jcf","['[', 'ainet', ']', 'Compared', 'to', 'human', 'translators', ',', 'ChatGPT', 'translations', 'are', 'returned', 'to', 'the', 'user', 'in', 'seconds', ',', 'even', 'if', 'the', 'entire', 'website', 'or', 'book', 'is', 'translated', '.', 'It', 'also', 'speeds', 'up', 'the', 'translation', 'process', ',', 'reducing', 'the', 'amount', 'of', 'time', 'translators', 'spend', 'on', 'each', 'project', ',', 'thereby', 'reducing', 'costs', '.', 'https://t.co/Tj9smg2Jcf']"
1627813674823065601,1627726272775262208,2023-02-21 07:33:18 Malay Peninsula Standard Time,2023-02-21,07:33:18,154023157,@FreiheitYu 是不是可以这么理解：ChatGPT是使获取知识(信息)更自由(虽然有些结果不一定对，需要自行判断)，也就要求信息足够的透明。这和信息审查的目的是相违背的。类似科研是需要自由的土壤……,zh,[],"[{'screen_name': 'FreiheitYu', 'name': 'YU', 'id': '26455273'}]","@FreiheitYu can it be understood that ChatGPT is to make access to knowledge (information) more free (although some results are not necessarily right, you need to judge for yourself), which requires sufficient transparency of information. This is contrary to the purpose of information censorship. Similar scientific research is the soil that needs freedom...","['can', 'it', 'be', 'understood', 'that', 'ChatGPT', 'is', 'to', 'make', 'access', 'to', 'knowledge', '(', 'information', ')', 'more', 'free', '(', 'although', 'some', 'results', 'are', 'not', 'necessarily', 'right', ',', 'you', 'need', 'to', 'judge', 'for', 'yourself', ')', ',', 'which', 'requires', 'sufficient', 'transparency', 'of', 'information', '.', 'This', 'is', 'contrary', 'to', 'the', 'purpose', 'of', 'information', 'censorship', '.', 'Similar', 'scientific', 'research', 'is', 'the', 'soil', 'that', 'needs', 'freedom', '...']"
1627813674067939329,1626436495027630080,2023-02-21 07:33:17 Malay Peninsula Standard Time,2023-02-21,07:33:17,1598922281434103808,@kaipulla0353 @aNila60527737  https://t.co/Fd6r4BU4eU,qme,[],"[{'screen_name': 'kaipulla0353', 'name': 'கைப்புள்ள', 'id': '1357247488227348480'}]",@kaipulla0353 @aNila60527737  https://t.co/Fd6r4BU4eU,['https://t.co/Fd6r4BU4eU']
1627813664240861186,1627813664240861184,2023-02-21 07:33:15 Malay Peninsula Standard Time,2023-02-21,07:33:15,338999894,Baru rasain powerfull nya chatgpt..,in,[],[],Just feel the powerful chatgpt..,"['Just', 'feel', 'the', 'powerful', 'chatgpt', '..']"
1627813661606825984,1627813661606825984,2023-02-21 07:33:14 Malay Peninsula Standard Time,2023-02-21,07:33:14,982550934134771713,ChatGPT楽しい。この回答好き。  https://t.co/UULY2zc0mB,ja,[],[],ChatGPT fun. I like this answer.  https://t.co/UULY2zc0mB,"['ChatGPT', 'fun', '.', 'I', 'like', 'this', 'answer', '.', 'https://t.co/UULY2zc0mB']"
1627813655806103553,1627813655806103552,2023-02-21 07:33:13 Malay Peninsula Standard Time,2023-02-21,07:33:13,1586179770324131842,I forced ChatGPT to give me a poem for Donald Trump.  .@elonmusk - You may find this interesting and alarming.  https://t.co/ode0rQb6ec,en,[],[],I forced ChatGPT to give me a poem for Donald Trump.  .@elonmusk - You may find this interesting and alarming.  https://t.co/ode0rQb6ec,"['I', 'forced', 'ChatGPT', 'to', 'give', 'me', 'a', 'poem', 'for', 'Donald', 'Trump', '.  .', '-', 'You', 'may', 'find', 'this', 'interesting', 'and', 'alarming', '.', 'https://t.co/ode0rQb6ec']"
1627813647329140738,1627813647329140736,2023-02-21 07:33:11 Malay Peninsula Standard Time,2023-02-21,07:33:11,1053990460266557444,Ela falou que ta estudando faz mais de um ano pra PRF e nao sabe fazer divisão,pt,[],[],She said that ta studying for more than a year for PRF and does not know how to do division,"['She', 'said', 'that', 'ta', 'studying', 'for', 'more', 'than', 'a', 'year', 'for', 'PRF', 'and', 'does', 'not', 'know', 'how', 'to', 'do', 'division']"
1627813634716868608,1627198389988519936,2023-02-21 07:33:08 Malay Peninsula Standard Time,2023-02-21,07:33:08,1107747027214049280,@MushtaqBilalPhD Great thread! The fear of AI and language models like ChatGPT in academia stems from deeper issues within the current pedagogical system. It's important for us to acknowledge and address these flaws in order to fully embrace the potential benefits that AI can bring to education.,en,[],"[{'screen_name': 'MushtaqBilalPhD', 'name': 'Mushtaq Bilal, PhD', 'id': '1513235298192437262'}]",@MushtaqBilalPhD Great thread! The fear of AI and language models like ChatGPT in academia stems from deeper issues within the current pedagogical system. It's important for us to acknowledge and address these flaws in order to fully embrace the potential benefits that AI can bring to education.,"['Great', 'thread', '!', 'The', 'fear', 'of', 'AI', 'and', 'language', 'models', 'like', 'ChatGPT', 'in', 'academia', 'stems', 'from', 'deeper', 'issues', 'within', 'the', 'current', 'pedagogical', 'system', '.', ""It's"", 'important', 'for', 'us', 'to', 'acknowledge', 'and', 'address', 'these', 'flaws', 'in', 'order', 'to', 'fully', 'embrace', 'the', 'potential', 'benefits', 'that', 'AI', 'can', 'bring', 'to', 'education', '.']"
1627813634138071040,1627490971683520512,2023-02-21 07:33:08 Malay Peninsula Standard Time,2023-02-21,07:33:08,10253572,@shawnjvandiver Legit ChatGPT prompt,en,[],"[{'screen_name': 'shawnjvandiver', 'name': 'Shawn VanDiver 🇺🇸🇦🇫🇺🇦', 'id': '14706877'}]",@shawnjvandiver Legit ChatGPT prompt,"['Legit', 'ChatGPT', 'prompt']"
1627813632149975040,1623986479872749568,2023-02-21 07:33:07 Malay Peninsula Standard Time,2023-02-21,07:33:07,1598922281434103808,@introverteeen @Harz__  https://t.co/XLitSe8B3m,qme,[],"[{'screen_name': 'introverteeen', 'name': 'kassi.', 'id': '1353894697882718209'}]",@introverteeen @Harz__ https://t.co/XLitSe8B3m,['https://t.co/XLitSe8B3m']
1627813625564958726,1627813625564958720,2023-02-21 07:33:06 Malay Peninsula Standard Time,2023-02-21,07:33:06,1593097191140503552,How Blackbird AI is striking back at ChatGPT and AI-based attacks    https://t.co/Kf0X0bEeAX,en,[],[],How Blackbird AI is striking back at ChatGPT and AI-based attacks    https://t.co/Kf0X0bEeAX,"['How', 'Blackbird', 'AI', 'is', 'striking', 'back', 'at', 'ChatGPT', 'and', 'AI-based', 'attacks', 'https://t.co/Kf0X0bEeAX']"
1627813612264820737,1627813612264820736,2023-02-21 07:33:03 Malay Peninsula Standard Time,2023-02-21,07:33:03,1393692774,1. wolof 2. arabic 3. french 4. english 5. excel 6. turkish 7. caml 8. matlab 9. python 10. chatgpt prompt,cy,[],[],1. wolof 2. arabic 3. french 4. english 5. excel 6. turkish 7. caml 8. matlab 9. python 10. chatgpt prompt,"['1', '.', 'wolof', '2', '.', 'arabic', '3', '.', 'french', '4', '.', 'english', '5', '.', 'excel', '6', '.', 'turkish', '7', '.', 'caml', '8', '.', 'matlab', '9', '.', 'python', '10', '.', 'chatgpt', 'prompt']"
1627813611199508480,1623563076367945728,2023-02-21 07:33:02 Malay Peninsula Standard Time,2023-02-21,07:33:02,1598922281434103808,@krishsenthil5 @Saravan2905  https://t.co/NSrKTL4aeQ,qme,[],"[{'screen_name': 'krishsenthil5', 'name': 'கவிஞர்.MR.மானஸ்தன்.💥👑AK👑💥', 'id': '1543461174511300608'}]",@krishsenthil5 @Saravan2905  https://t.co/NSrKTL4aeQ,['https://t.co/NSrKTL4aeQ']
1627813607873601536,1627813607873601536,2023-02-21 07:33:02 Malay Peninsula Standard Time,2023-02-21,07:33:02,944868332,ChatGPTのおかげで2chのコピペの自分以外は全員AIってやつが実現するかも知れないな…,ja,[],[],"Thanks to ChatGPT, everyone except myself of 2ch copy and paste may realize AI ...","['Thanks', 'to', 'ChatGPT', ',', 'everyone', 'except', 'myself', 'of', '2ch', 'copy', 'and', 'paste', 'may', 'realize', 'AI', '...']"
1627813605281513472,1627813605281513472,2023-02-21 07:33:01 Malay Peninsula Standard Time,2023-02-21,07:33:01,1264503567156563968,【最強のAIに聞いてみた】 • AIの台頭で今後どんな仕事がなくなるのか •どんな仕事は生き残るのか •今後生まれる新しい仕事は これらを今話題のchatGPTに聞いてみました ウェブライターとブロガーは今後厳しいか。。。  AIエンジニアって面白そう😊 #ChatGTP   https://t.co/6w72vmX70U,ja,['chatgtp'],[],"[We asked the strongest AI] • What jobs will disappear in the future due to the rise of AI? • What kind of jobs will survive? • What new jobs will be born in the future? We asked chatGPT, which is a hot topic right now. Will web writers and bloggers be tough in the future?  AI engineers look 😊 interesting#ChatGTP https://t.co/6w72vmX70U","['[', 'We', 'asked', 'the', 'strongest', 'AI', ']', '•', 'What', 'jobs', 'will', 'disappear', 'in', 'the', 'future', 'due', 'to', 'the', 'rise', 'of', 'AI', '?', '•', 'What', 'kind', 'of', 'jobs', 'will', 'survive', '?', '•', 'What', 'new', 'jobs', 'will', 'be', 'born', 'in', 'the', 'future', '?', 'We', 'asked', 'chatGPT', ',', 'which', 'is', 'a', 'hot', 'topic', 'right', 'now', '.', 'Will', 'web', 'writers', 'and', 'bloggers', 'be', 'tough', 'in', 'the', 'future', '?', 'AI', 'engineers', 'look', '😊', 'interesting', '#ChatGTP', 'https://t.co/6w72vmX70U']"
1627813596121165826,1627813596121165824,2023-02-21 07:32:59 Malay Peninsula Standard Time,2023-02-21,07:32:59,1560717712489594880,"#chatGpt untuk membuat konten Instagram, begini caranya.   https://t.co/15G1Rk9Hdj",in,['chatgpt'],[],"#chatGpt to create Instagram content, here's how.   https://t.co/15G1Rk9Hdj","['#chatGpt', 'to', 'create', 'Instagram', 'content', ',', ""here's"", 'how', '.', 'https://t.co/15G1Rk9Hdj']"
1627813593638125568,1627813593638125568,2023-02-21 07:32:58 Malay Peninsula Standard Time,2023-02-21,07:32:58,71491024,ChatGPTはかなり高度な英語や日本語を理解して自然表現を作れますが文法や語彙は学習していません。  トランスフォーマーを使い、自然な表現から意味とか単語間の関係を学習しています。  大事なポイントは文法や語彙でなく、自然な表現から覚える事だと思っています。,ja,[],[],"ChatGPT is a fairly advanced English and Japanese that can understand natural expressions and create natural expressions, but it does not learn grammar or vocabulary.  I use transformers to learn meanings and relationships between words from natural expressions.  I think the important point is not to learn grammar or vocabulary, but to learn from natural expressions.","['ChatGPT', 'is', 'a', 'fairly', 'advanced', 'English', 'and', 'Japanese', 'that', 'can', 'understand', 'natural', 'expressions', 'and', 'create', 'natural', 'expressions', ',', 'but', 'it', 'does', 'not', 'learn', 'grammar', 'or', 'vocabulary', '.', 'I', 'use', 'transformers', 'to', 'learn', 'meanings', 'and', 'relationships', 'between', 'words', 'from', 'natural', 'expressions', '.', 'I', 'think', 'the', 'important', 'point', 'is', 'not', 'to', 'learn', 'grammar', 'or', 'vocabulary', ',', 'but', 'to', 'learn', 'from', 'natural', 'expressions', '.']"
1627813575153549313,1627813575153549312,2023-02-21 07:32:54 Malay Peninsula Standard Time,2023-02-21,07:32:54,173541115,"Como persona que lo primero que hizo en su primera PC fue saludar en lenguaje natural al prompt de DOS, Chatgpt me parece emocionante y maravilloso.",es,[],[],"As a person who first greeted the DOS prompt in natural language, I find Chatgpt exciting and wonderful.","['As', 'a', 'person', 'who', 'first', 'greeted', 'the', 'DOS', 'prompt', 'in', 'natural', 'language', ',', 'I', 'find', 'Chatgpt', 'exciting', 'and', 'wonderful', '.']"
1627813520837427202,1623563076367945728,2023-02-21 07:32:41 Malay Peninsula Standard Time,2023-02-21,07:32:41,1598922281434103808,@krishsenthil5 @Saravan2905  https://t.co/X8Xh1JvL90,qme,[],"[{'screen_name': 'krishsenthil5', 'name': 'கவிஞர்.MR.மானஸ்தன்.💥👑AK👑💥', 'id': '1543461174511300608'}]",@krishsenthil5 @Saravan2905  https://t.co/X8Xh1JvL90,['https://t.co/X8Xh1JvL90']
1627813517435760640,1627813517435760640,2023-02-21 07:32:40 Malay Peninsula Standard Time,2023-02-21,07:32:40,2234449956,#ChatGPT #ChatGPT中文 #ChatGPT账号 #ChatGPT注册 #ChatGPT怎么用 Chatgpt账号找我主页链接下单 Former yourself treatment long customer could cup race. 🤏💯🥰😄👋 2023-02-21 07:32:40  https://t.co/yN8uiK2Mtc,zh,"['chatgpt', 'chatgpt中文', 'chatgpt账号', 'chatgpt注册', 'chatgpt怎么用']",[],#ChatGPT #ChatGPT Chinese #ChatGPT账号 #ChatGPT注册 #ChatGPT怎么用 Chatgpt account find me homepage link to place an order Former yourself treatment long customer could cup race. 🤏💯🥰😄👋 2023-02-21 07:32:40  https://t.co/yN8uiK2Mtc,"['#ChatGPT', '#ChatGPT', 'Chinese', '#ChatGPT账号', '#ChatGPT注册', '#ChatGPT怎么用', 'Chatgpt', 'account', 'find', 'me', 'homepage', 'link', 'to', 'place', 'an', 'order', 'Former', 'yourself', 'treatment', 'long', 'customer', 'could', 'cup', 'race', '.', '🤏', '💯', '🥰', '😄', '👋', '2023-02-', '21', '07:32', ':', '40', 'https://t.co/yN8uiK2Mtc']"
1627813515158507520,1627813515158507520,2023-02-21 07:32:39 Malay Peninsula Standard Time,2023-02-21,07:32:39,1571618118119858176,How many men getting their vows done by chatgpt this year,en,[],[],How many men getting their vows done by chatgpt this year,"['How', 'many', 'men', 'getting', 'their', 'vows', 'done', 'by', 'chatgpt', 'this', 'year']"
1627813507021381632,1627813507021381632,2023-02-21 07:32:38 Malay Peninsula Standard Time,2023-02-21,07:32:38,3301052300,#chatGPT注册 #苹果id #Facebook号 #飞机号  #国际抖音 主页链接下单 Street could amount east town here you travel. 💘💋😄🥰🤨 2023-02-21 07:32:38  https://t.co/IZAbRXLSZU,zh,"['chatgpt注册', '苹果id', 'facebook号', '飞机号', '国际抖音']",[],#chatGPT注册 #苹果id #Facebook号 #飞机号 #国际抖音 Home link to place an order Street could amount east town here you travel. 💘💋😄🥰🤨 2023-02-21 07:32:38  https://t.co/IZAbRXLSZU,"['#chatGPT注册', '#苹果id', '#Facebook号', '#飞机号', '#国际抖音', 'Home', 'link', 'to', 'place', 'an', 'order', 'Street', 'could', 'amount', 'east', 'town', 'here', 'you', 'travel', '.', '💘', '💋', '😄', '🥰', '🤨', '2023-02-', '21', '07:32', ':', '38', 'https://t.co/IZAbRXLSZU']"
1627813492169510913,1627813492169510912,2023-02-21 07:32:34 Malay Peninsula Standard Time,2023-02-21,07:32:34,1138002134991904771,ChatGPTすご。自分の朝のモチベーションを上げる方法まで教えてくれるのね！　ベトナムでは使えなーいと思っていたらVPN使えば使えると知り、嬉しい(#^.^#)   https://t.co/YvSlTmC4X7,ja,[],[],"ChatGPT wow. You'll even teach you how to motivate yourself in the morning!　I thought I couldn't use it in Vietnam, but I'm (#^.^#) happy to know that I can use it if I use a VPN https://t.co/YvSlTmC4X7","['ChatGPT', 'wow', '.', ""You'll"", 'even', 'teach', 'you', 'how', 'to', 'motivate', 'yourself', 'in', 'the', 'morning', '!', 'I', 'thought', 'I', ""couldn't"", 'use', 'it', 'in', 'Vietnam', ',', 'but', ""I'm"", '(', '#', '^', '.', '^', '#', ')', 'happy', 'to', 'know', 'that', 'I', 'can', 'use', 'it', 'if', 'I', 'use', 'a', 'VPN', 'https://t.co/YvSlTmC4X7']"
1627813478932119553,1623622674961539072,2023-02-21 07:32:31 Malay Peninsula Standard Time,2023-02-21,07:32:31,1598922281434103808,@vr46yamah @Roja_twitzz  https://t.co/AwDDKPh7zL,qme,[],"[{'screen_name': 'vr46yamah', 'name': 'Jackie Chan!!', 'id': '1420239048'}]",@vr46yamah @Roja_twitzz https://t.co/AwDDKPh7zL,['https://t.co/AwDDKPh7zL']
1627813477388615680,1627813477388615680,2023-02-21 07:32:30 Malay Peninsula Standard Time,2023-02-21,07:32:30,2521922882,ChatGPT 코인에 투자하여 인공지능 분야의 선봉대가 되어보세요! 언어 기술 혁명을 이끌어 나가는 이 중요한 화폐의 세계로 빨리 참여해보세요! 🌐🚀 #web3     https://t.co/UDAq7I1Wdo   #airdrop #NFT  #AI  #Damus  $APT  $APE  $RNDR  https://t.co/dzPegG8EMQ,ko,"['web3', 'airdrop', 'nft', 'ai', 'damus']",[],Invest in ChatGPT coin and become the vanguard of artificial intelligence! Join us quickly in this important world of currency that is revolutionizing language technology! 🌐🚀 #web3     https://t.co/UDAq7I1Wdo   #airdrop #NFT  #AI  #Damus  $APT  $APE  $RNDR  https://t.co/dzPegG8EMQ,"['Invest', 'in', 'ChatGPT', 'coin', 'and', 'become', 'the', 'vanguard', 'of', 'artificial', 'intelligence', '!', 'Join', 'us', 'quickly', 'in', 'this', 'important', 'world', 'of', 'currency', 'that', 'is', 'revolutionizing', 'language', 'technology', '!', '🌐', '🚀', '#web3', 'https://t.co/UDAq7I1Wdo', '#airdrop', '#NFT', '#AI', '#Damus', '$', 'APT', '$', 'APE', '$', 'RNDR', 'https://t.co/dzPegG8EMQ']"
1627813463786659840,1627813463786659840,2023-02-21 07:32:27 Malay Peninsula Standard Time,2023-02-21,07:32:27,17786914,"heh a member of @TheStudio Discord is having a conversation with ChatGPT right there, in Spanish too. 🇦🇷    https://t.co/7cYb69YWWN  https://t.co/mUucT6VhP5",en,[],[],"heh a member of @TheStudio Discord is having a conversation with ChatGPT right there, in Spanish too. 🇦🇷    https://t.co/7cYb69YWWN  https://t.co/mUucT6VhP5","['heh', 'a', 'member', 'of', 'Discord', 'is', 'having', 'a', 'conversation', 'with', 'ChatGPT', 'right', 'there', ',', 'in', 'Spanish', 'too', '.', '🇦', '🇷', 'https://t.co/7cYb69YWWN', 'https://t.co/mUucT6VhP5']"
1627813462981378048,1627279609216774144,2023-02-21 07:32:27 Malay Peninsula Standard Time,2023-02-21,07:32:27,1098148073090441216,@ConsLibSoc 被收归国有然后被“优化”，或被开放生态的竞品淘汰。这两个结局都是由于缺乏与物理世界适应良好的商业模式（像其他人指出的那样连年亏损，配套传媒不断放出类似ChatGPT的噱头来掩盖这个事实），因此数字巨头是过渡。不过，赞同新封建主义这个趋势判断，利维坦亲自下场做脏事的时间点要提早一些。,zh,[],"[{'screen_name': 'ConsLibSoc', 'name': 'Conservative-Liberal-Socialist🏴\u200d☠️', 'id': '1288145014502182917'}]","@ConsLibSoc are nationalized and then ""optimized"", or eliminated by competing products with an open ecosystem. Both outcomes are due to the lack of a business model that adapts well to the physical world (a fact that continues to lose money as others have pointed out, and supporting media constantly release ChatGPT-like gimmicks to mask this fact). However, in agreement with the trend of neo-feudalism, the time for Leviathan to personally end up doing dirty things is earlier.","['are', 'nationalized', 'and', 'then', '""', 'optimized', '""', ',', 'or', 'eliminated', 'by', 'competing', 'products', 'with', 'an', 'open', 'ecosystem', '.', 'Both', 'outcomes', 'are', 'due', 'to', 'the', 'lack', 'of', 'a', 'business', 'model', 'that', 'adapts', 'well', 'to', 'the', 'physical', 'world', '(', 'a', 'fact', 'that', 'continues', 'to', 'lose', 'money', 'as', 'others', 'have', 'pointed', 'out', ',', 'and', 'supporting', 'media', 'constantly', 'release', 'ChatGPT-like', 'gimmicks', 'to', 'mask', 'this', 'fact', ')', '.', 'However', ',', 'in', 'agreement', 'with', 'the', 'trend', 'of', 'neo-feudalism', ',', 'the', 'time', 'for', 'Leviathan', 'to', 'personally', 'end', 'up', 'doing', 'dirty', 'things', 'is', 'earlier', '.']"
1627813457977384961,1623563076367945728,2023-02-21 07:32:26 Malay Peninsula Standard Time,2023-02-21,07:32:26,1598922281434103808,@krishsenthil5 @Saravan2905  https://t.co/LudJpaSNsG,qme,[],"[{'screen_name': 'krishsenthil5', 'name': 'கவிஞர்.MR.மானஸ்தன்.💥👑AK👑💥', 'id': '1543461174511300608'}]",@krishsenthil5 @Saravan2905  https://t.co/LudJpaSNsG,['https://t.co/LudJpaSNsG']
1627813438432116736,1627813438432116736,2023-02-21 07:32:21 Malay Peninsula Standard Time,2023-02-21,07:32:21,962263831958323201,「詳しく」という言葉を足したら、本当に詳しく答えてくれた　#ChatGPT   本も、セミナーも「AIじゃダメ！AIじゃ嫌だ」ってどんな理由なの？？って考えなきゃ。   https://t.co/MwYVD1seXr 『日本の経営者の6割がchatGPTを知らない』 @nishinoakihiro  https://t.co/tM6BqtglVd,ja,['chatgpt'],[],"When I added the word ""detail"", he answered in really detail #ChatGPT What is the reason why the book and seminar are ""not AI! ?? I have to think about it.   https://t.co/MwYVD1seXr ""60% of Japan managers do not know chatGPT"" @nishinoakihiro https://t.co/tM6BqtglVd","['When', 'I', 'added', 'the', 'word', '""', 'detail', '""', ',', 'he', 'answered', 'in', 'really', 'detail', '#ChatGPT', 'What', 'is', 'the', 'reason', 'why', 'the', 'book', 'and', 'seminar', 'are', '""', 'not', 'AI', '!', '?', '?', 'I', 'have', 'to', 'think', 'about', 'it', '.', 'https://t.co/MwYVD1seXr', '""', '60', '%', 'of', 'Japan', 'managers', 'do', 'not', 'know', 'chatGPT', '""', 'https://t.co/tM6BqtglVd']"
1627813435634483200,1627569471899729920,2023-02-21 07:32:21 Malay Peninsula Standard Time,2023-02-21,07:32:21,1516252476290527232,@tomowk1 ChatGPTに聞いたら全然関係ないですって笑  それはそれとして、我ながらちょっと怖い使い方だなー  https://t.co/1YKKbQ2a68,ja,[],"[{'screen_name': 'tomowk1', 'name': 'tomo', 'id': '1082425837570351104'}]","@tomowk1 If you ask ChatGPT, it doesn't matter at all lol, but that's a little scary for me to use https://t.co/1YKKbQ2a68","['If', 'you', 'ask', 'ChatGPT', ',', 'it', ""doesn't"", 'matter', 'at', 'all', 'lol', ',', 'but', ""that's"", 'a', 'little', 'scary', 'for', 'me', 'to', 'use', 'https://t.co/1YKKbQ2a68']"
1627813420392407040,1627526975941230592,2023-02-21 07:32:17 Malay Peninsula Standard Time,2023-02-21,07:32:17,1307818715891683328,@Pranaysai16 @YesTheory They probably switched the title when ChatGPT was popping off to get more views on the video,en,[],"[{'screen_name': 'Pranaysai16', 'name': 'Pranay Sai', 'id': '819459825432018944'}, {'screen_name': 'YesTheory', 'name': 'Yes Theory', 'id': '3258016946'}]",@Pranaysai16 @YesTheory They probably switched the title when ChatGPT was popping off to get more views on the video,"['They', 'probably', 'switched', 'the', 'title', 'when', 'ChatGPT', 'was', 'popping', 'off', 'to', 'get', 'more', 'views', 'on', 'the', 'video']"
1627813414910173184,1627807236104810496,2023-02-21 07:32:16 Malay Peninsula Standard Time,2023-02-21,07:32:16,474499869,"That to me is boring. ChatGPT can crank out average written content endlessly, but AI is built on datasets that already exist. It will never bring new insight. It's a fascinating technical achievement with a mundane end product.",en,[],[],"That to me is boring. ChatGPT can crank out average written content endlessly, but AI is built on datasets that already exist. It will never bring new insight. It's a fascinating technical achievement with a mundane end product.","['That', 'to', 'me', 'is', 'boring', '.', 'ChatGPT', 'can', 'crank', 'out', 'average', 'written', 'content', 'endlessly', ',', 'but', 'AI', 'is', 'built', 'on', 'datasets', 'that', 'already', 'exist', '.', 'It', 'will', 'never', 'bring', 'new', 'insight', '.', ""It's"", 'a', 'fascinating', 'technical', 'achievement', 'with', 'a', 'mundane', 'end', 'product', '.']"
1627813409801781248,1627813409801781248,2023-02-21 07:32:14 Malay Peninsula Standard Time,2023-02-21,07:32:14,920852063675805696,「ChatGPT は反日（親日）だー！」問題も間近。,ja,[],[],"""ChatGPT is anti-Japan (pro-Japanese)!""","['""', 'ChatGPT', 'is', 'anti-Japan', '(', 'pro-Japanese', ')', '!', '""']"
1627813409054916608,1627813409054916608,2023-02-21 07:32:14 Malay Peninsula Standard Time,2023-02-21,07:32:14,1636834172,The future of communication is decentralized! Invest in ChatGPT coin and be a part of the journey to a new era of language technology 💬🌐 #web3     https://t.co/6NO0CgadMi   #airdrop #NFT  $ETH  #Twitter  $agix  $BONK  #Nostr  https://t.co/PMmk3aGW0L,en,"['web3', 'airdrop', 'nft', 'twitter', 'nostr']",[],The future of communication is decentralized! Invest in ChatGPT coin and be a part of the journey to a new era of language technology 💬🌐 #web3     https://t.co/6NO0CgadMi   #airdrop #NFT  $ETH  #Twitter  $agix  $BONK  #Nostr  https://t.co/PMmk3aGW0L,"['The', 'future', 'of', 'communication', 'is', 'decentralized', '!', 'Invest', 'in', 'ChatGPT', 'coin', 'and', 'be', 'a', 'part', 'of', 'the', 'journey', 'to', 'a', 'new', 'era', 'of', 'language', 'technology', '💬', '🌐', '#web3', 'https://t.co/6NO0CgadMi', '#airdrop', '#NFT', '$', 'ETH', '#Twitter', '$', 'agix', '$', 'BONK', '#Nostr', 'https://t.co/PMmk3aGW0L']"
1627813377069182977,1627813377069182976,2023-02-21 07:32:07 Malay Peninsula Standard Time,2023-02-21,07:32:07,927219418223992832,"Chatgpt has singlehandedly carried this conversation with a potential date... We might finally be meeting in person..um,now what?!",en,[],[],"Chatgpt has singlehandedly carried this conversation with a potential date... We might finally be meeting in person..um,now what?!","['Chatgpt', 'has', 'singlehandedly', 'carried', 'this', 'conversation', 'with', 'a', 'potential', 'date', '...', 'We', 'might', 'finally', 'be', 'meeting', 'in', 'person', '..', 'um', ',', 'now', 'what', '?', '!']"
1627813374066032641,1626477682186948608,2023-02-21 07:32:06 Malay Peninsula Standard Time,2023-02-21,07:32:06,1598922281434103808,@IamanMCA @LuffyTarak  https://t.co/cc8hJTEvWm,qme,[],"[{'screen_name': 'IamanMCA', 'name': 'బహుదూరపు బాటసారి', 'id': '847787717966442496'}]",@IamanMCA @LuffyTarak  https://t.co/cc8hJTEvWm,['https://t.co/cc8hJTEvWm']
1627813372841578497,1627813372841578496,2023-02-21 07:32:06 Malay Peninsula Standard Time,2023-02-21,07:32:06,2326397576,"ChatGPT just answered to me: ""As an AI language model, ... I do not have consciousness or subjective experience.""  Boom! It used the word ""subjective experience"" instead of the loosey-goosey word ""sentience"", again smarter than every human on the internet",en,[],[],"ChatGPT just answered to me: ""As an AI language model, ... I do not have consciousness or subjective experience.""  Boom! It used the word ""subjective experience"" instead of the loosey-goosey word ""sentience"", again smarter than every human on the internet","['ChatGPT', 'just', 'answered', 'to', 'me', ':', '""', 'As', 'an', 'AI', 'language', 'model', ',', '...', 'I', 'do', 'not', 'have', 'consciousness', 'or', 'subjective', 'experience', '.', '""', 'Boom', '!', 'It', 'used', 'the', 'word', '""', 'subjective', 'experience', '""', 'instead', 'of', 'the', 'loosey-goosey', 'word', '""', 'sentience', '""', ',', 'again', 'smarter', 'than', 'every', 'human', 'on', 'the', 'internet']"
1627813356508704769,1627813356508704768,2023-02-21 07:32:02 Malay Peninsula Standard Time,2023-02-21,07:32:02,1345195050125434887,Joguei RPG com o chatGPT e foi uma das experiências mais loucas que eu já vi na vida,pt,[],[],I played RPG with chatGPT and it was one of the craziest experiences I've ever seen.,"['I', 'played', 'RPG', 'with', 'chatGPT', 'and', 'it', 'was', 'one', 'of', 'the', 'craziest', 'experiences', ""I've"", 'ever', 'seen', '.']"
1627813354751524864,1627813354751524864,2023-02-21 07:32:01 Malay Peninsula Standard Time,2023-02-21,07:32:01,953883257220681729,ChatGPTの学習にウォール・ストリート・ジャーナルやCNNなどの記事が許可なく使われていると報じられる -  https://t.co/T9n4k2a6Vn  https://t.co/FysRPM39FF,ja,[],[],Articles from the Wall Street Journal and CNN are reportedly being used to learn ChatGPT without permission - https://t.co/T9n4k2a6Vn https://t.co/FysRPM39FF,"['Articles', 'from', 'the', 'Wall', 'Street', 'Journal', 'and', 'CNN', 'are', 'reportedly', 'being', 'used', 'to', 'learn', 'ChatGPT', 'without', 'permission', '-', 'https://t.co/T9n4k2a6Vn', 'https://t.co/FysRPM39FF']"
1627813344399835137,1627813344399835136,2023-02-21 07:31:59 Malay Peninsula Standard Time,2023-02-21,07:31:59,21375293,Let me stop messing with ChatGPT.  https://t.co/CQNMAR1eyR,en,[],[],Let me stop messing with ChatGPT.  https://t.co/CQNMAR1eyR,"['Let', 'me', 'stop', 'messing', 'with', 'ChatGPT', '.', 'https://t.co/CQNMAR1eyR']"
1627813341837070336,1627775081047904256,2023-02-21 07:31:58 Malay Peninsula Standard Time,2023-02-21,07:31:58,270718530,@saintdoeseth About to. But I’m thinking Chat GPT optimization would just be better lol,en,[],"[{'screen_name': 'saintdoeseth', 'name': 'daddysaint.sol', 'id': '992441156423311361'}]",@saintdoeseth About to. But I’m thinking Chat GPT optimization would just be better lol,"['About', 'to', '.', 'But', 'I', '’', 'm', 'thinking', 'Chat', 'GPT', 'optimization', 'would', 'just', 'be', 'better', 'lol']"
1627813314783809537,1627813314783809536,2023-02-21 07:31:52 Malay Peninsula Standard Time,2023-02-21,07:31:52,928639893068238850,Hm. #ChatGPT  https://t.co/HMHb55pAIa,und,['chatgpt'],[],Hm. #ChatGPT  https://t.co/HMHb55pAIa,"['Hm', '.', '#ChatGPT', 'https://t.co/HMHb55pAIa']"
1627813308202885121,1627813308202885120,2023-02-21 07:31:50 Malay Peninsula Standard Time,2023-02-21,07:31:50,1584862345750347776,#AipadTweet #ai #fet #aipad #launchpad #bullish #artificialintelligence #agix #chatgpt @AIPADTECH   We are very excited and look forward to it AIPAD 👏👏👏  https://t.co/I9hKhPPRIM,en,"['aipadtweet', 'ai', 'fet', 'aipad', 'launchpad', 'bullish', 'artificialintelligence', 'agix', 'chatgpt']",[],#AipadTweet #ai #fet #aipad #launchpad #bullish #artificialintelligence #agix #chatgpt @AIPADTECH   We are very excited and look forward to it AIPAD 👏👏👏  https://t.co/I9hKhPPRIM,"['#AipadTweet', '#ai', '#fet', '#aipad', '#launchpad', '#bullish', '#artificialintelligence', '#agix', '#chatgpt', 'We', 'are', 'very', 'excited', 'and', 'look', 'forward', 'to', 'it', 'AIPAD', '👏', '👏', '👏', 'https://t.co/I9hKhPPRIM']"
1627813298732138497,1627813298732138496,2023-02-21 07:31:48 Malay Peninsula Standard Time,2023-02-21,07:31:48,823423983420837888,largar tudo e viver de chatgpt o bagulho é surreal,pt,[],[],drop everything and live chatgpt the bagulho is surreal,"['drop', 'everything', 'and', 'live', 'chatgpt', 'the', 'bagulho', 'is', 'surreal']"
1627813285730086912,1627777612906102784,2023-02-21 07:31:45 Malay Peninsula Standard Time,2023-02-21,07:31:45,1402828456182697986,@miyama0309 ChatGPTすごいですね、ほんと✨✨,ja,[],"[{'screen_name': 'miyama0309', 'name': 'みやま＠副業する個人を増やす', 'id': '1194227183230705665'}]","@miyama0309 ChatGPT is amazing, really ✨✨.","['ChatGPT', 'is', 'amazing', ',', 'really', '✨', '✨', '.']"
1627813262476857344,1627813262476857344,2023-02-21 07:31:39 Malay Peninsula Standard Time,2023-02-21,07:31:39,1616080395560439812,「Google検索で調べる」がなくなる？――ChatGPTが社会に与えるインパクト  https://t.co/vM5555RMWW,ja,[],[],"Will ""Look it up with Google search"" disappear? ――Impact of ChatGPT on society https://t.co/vM5555RMWW","['Will', '""', 'Look', 'it', 'up', 'with', 'Google', 'search', '""', 'disappear', '?', '―', '―', 'Impact', 'of', 'ChatGPT', 'on', 'society', 'https://t.co/vM555RMWW']"
1627813258156728320,1627813258156728320,2023-02-21 07:31:38 Malay Peninsula Standard Time,2023-02-21,07:31:38,2384223432,"FINALLY forget Siri, use OpenAI and ChatGPT   https://t.co/8FVqFKZz6t",en,[],[],"FINALLY forget Siri, use OpenAI and ChatGPT   https://t.co/8FVqFKZz6t","['FINALLY', 'forget', 'Siri', ',', 'use', 'OpenAI', 'and', 'ChatGPT', 'https://t.co/8FVqFKZz6t']"
1627813252817387521,1627755365424107520,2023-02-21 07:31:37 Malay Peninsula Standard Time,2023-02-21,07:31:37,814491210261864448,@Grinch21188235 Use chatgpt,en,[],"[{'screen_name': 'Grinch21188235', 'name': 'Grinch', 'id': '1312114297338765317'}]",@Grinch21188235 Use chatgpt,"['Use', 'chatgpt']"
1627813245150003200,1626477682186948608,2023-02-21 07:31:35 Malay Peninsula Standard Time,2023-02-21,07:31:35,1598922281434103808,@IamanMCA @LuffyTarak  https://t.co/OH5K0l6kqu,qme,[],"[{'screen_name': 'IamanMCA', 'name': 'బహుదూరపు బాటసారి', 'id': '847787717966442496'}]",@IamanMCA @LuffyTarak  https://t.co/OH5K0l6kqu,['https://t.co/OH5K0l6kqu']
