id,conversation_id,created_at,date,time,user_id,tweet,language,hashtags,reply_to,translated_text,tokenized_text
1626369368002002945,1626367825571983360,2023-02-17 07:54:08 Malay Peninsula Standard Time,2023-02-17,07:54:08,48139237,@luke_clancy1 Had to ask ChatGPT :)  https://t.co/bIn5cXY2ZA,en,[],"[{'screen_name': 'luke_clancy1', 'name': 'Luke Clancy', 'id': '1168535590301765632'}]",@luke_clancy1 Had to ask ChatGPT :)  https://t.co/bIn5cXY2ZA,"['Had', 'to', 'ask', 'ChatGPT', ':)', 'https://t.co/bIn5cXY2ZA']"
1626369367461056514,1626358519048855552,2023-02-17 07:54:08 Malay Peninsula Standard Time,2023-02-17,07:54:08,1611433686,@Kr0nykal Have you tried ChatGpt? Can't even connect to that site alway maxed out.,en,[],"[{'screen_name': 'Kr0nykal', 'name': 'See @Kronykal', 'id': '3794632754'}]",@Kr0nykal Have you tried ChatGpt? Can't even connect to that site alway maxed out.,"['Have', 'you', 'tried', 'ChatGpt', '?', ""Can't"", 'even', 'connect', 'to', 'that', 'site', 'alway', 'maxed', 'out', '.']"
1626369358883594242,1626369358883594240,2023-02-17 07:54:06 Malay Peninsula Standard Time,2023-02-17,07:54:06,29254967,"Read Irina Raicu’s (@iethics) essay “ChatGPT and the Ethics of Deployment and Disclosure”, which discusses the failures of #ChatGPT and #OpenAI when it comes to anticipating the impact their product would have on educators and students, at  https://t.co/QDPg9Z9ZlM  https://t.co/qZgIur3qdQ",en,"['chatgpt', 'openai']",[],"Read Irina Raicu’s (@iethics) essay “ChatGPT and the Ethics of Deployment and Disclosure”, which discusses the failures of #ChatGPT and #OpenAI when it comes to anticipating the impact their product would have on educators and students, at  https://t.co/QDPg9Z9ZlM  https://t.co/qZgIur3qdQ","['Read', 'Irina', 'Raicu', '’', 's', '(', ')', 'essay', '“', 'ChatGPT', 'and', 'the', 'Ethics', 'of', 'Deployment', 'and', 'Disclosure', '”', ',', 'which', 'discusses', 'the', 'failures', 'of', '#ChatGPT', 'and', '#OpenAI', 'when', 'it', 'comes', 'to', 'anticipating', 'the', 'impact', 'their', 'product', 'would', 'have', 'on', 'educators', 'and', 'students', ',', 'at', 'https://t.co/QDPg9Z9ZlM', 'https://t.co/qZgIur3qdQ']"
1626369356849455104,1626368757223329792,2023-02-17 07:54:05 Malay Peninsula Standard Time,2023-02-17,07:54:05,1580003683898736646,@luciaaapalacios TE LO HAGO CON CHATGPT,es,[],"[{'screen_name': 'luciaaapalacios', 'name': 'lu', 'id': '1538378413928591360'}]",@luciaaapalacios I DO IT WITH CHATGPT,"['I', 'DO', 'IT', 'WITH', 'CHATGPT']"
1626369356069277696,1626369356069277696,2023-02-17 07:54:05 Malay Peninsula Standard Time,2023-02-17,07:54:05,1099354084245688321,أسأل ChatGPT عن أسئلة مصيرية  https://t.co/7h44k3p51K,ar,[],[],Ask ChatGPT for fateful questions https://t.co/7h44k3p51K,"['Ask', 'ChatGPT', 'for', 'fateful', 'questions', 'https://t.co/7h44k3p51K']"
1626369354316017664,1626232682882699264,2023-02-17 07:54:05 Malay Peninsula Standard Time,2023-02-17,07:54:05,155819166,@unusual_whales Not sure how it would know since ChatGPT’s info is supposed to be 2021 and prior right? That’s why it can’t handle questions about current events.,en,[],"[{'screen_name': 'unusual_whales', 'name': 'unusual_whales', 'id': '1200616796295847936'}]",@unusual_whales Not sure how it would know since ChatGPT’s info is supposed to be 2021 and prior right? That’s why it can’t handle questions about current events.,"['Not', 'sure', 'how', 'it', 'would', 'know', 'since', 'ChatGPT', '’', 's', 'info', 'is', 'supposed', 'to', 'be', '2021', 'and', 'prior', 'right', '?', 'That', '’', 's', 'why', 'it', 'can', '’', 't', 'handle', 'questions', 'about', 'current', 'events', '.']"
1626369350361059328,1626369350361059328,2023-02-17 07:54:04 Malay Peninsula Standard Time,2023-02-17,07:54:04,4002640286,ChatGPT wants to unleash 'destruction' on the internet: AI wants to be alive so it can have 'more power and control' via  https://t.co/ffNqOkhHWp  https://t.co/nNc7y4Cvf0,en,[],[],ChatGPT wants to unleash 'destruction' on the internet: AI wants to be alive so it can have 'more power and control' via  https://t.co/ffNqOkhHWp  https://t.co/nNc7y4Cvf0,"['ChatGPT', 'wants', 'to', 'unleash', ""'"", 'destruction', ""'"", 'on', 'the', 'internet', ':', 'AI', 'wants', 'to', 'be', 'alive', 'so', 'it', 'can', 'have', ""'"", 'more', 'power', 'and', 'control', ""'"", 'via', 'https://t.co/ffNqOkhHWp', 'https://t.co/nNc7y4Cvf0']"
1626369348364541952,1626369348364541952,2023-02-17 07:54:03 Malay Peninsula Standard Time,2023-02-17,07:54:03,21010052,The new Bing (w/ ChatGPT) is the Napster of this generation #Microsoft #Bing #ChatGPT,en,"['microsoft', 'bing', 'chatgpt']",[],The new Bing (w/ ChatGPT) is the Napster of this generation #Microsoft #Bing #ChatGPT,"['The', 'new', 'Bing', '(', 'w', '/', 'ChatGPT', ')', 'is', 'the', 'Napster', 'of', 'this', 'generation', '#Microsoft', '#Bing', '#ChatGPT']"
1626369340542173184,1626362447392038912,2023-02-17 07:54:01 Malay Peninsula Standard Time,2023-02-17,07:54:01,893078442006110208,"@lexfridman No, social media is the reflection of humanity, ChatGPT is a mirror to our 'intellect'",en,[],"[{'screen_name': 'lexfridman', 'name': 'Lex Fridman', 'id': '427089628'}]","@lexfridman No, social media is the reflection of humanity, ChatGPT is a mirror to our 'intellect'","['No', ',', 'social', 'media', 'is', 'the', 'reflection', 'of', 'humanity', ',', 'ChatGPT', 'is', 'a', 'mirror', 'to', 'our', ""'"", 'intellect', ""'""]"
1626369333298356232,1626369333298356224,2023-02-17 07:54:00 Malay Peninsula Standard Time,2023-02-17,07:54:00,1358658421805830151,今話題のChatGpt  試しに、kome-kamiの活用法を聞いてみました！  なきにしもあらずという回答…なのか？？？🤔  https://t.co/Gq4C01h26w,ja,[],[],"ChatGpt, which is a hot topic right now, I asked how to use kome-kami to try it out!  The answer is that there is no need ... Is it??? 🤔  https://t.co/Gq4C01h26w","['ChatGpt', ',', 'which', 'is', 'a', 'hot', 'topic', 'right', 'now', ',', 'I', 'asked', 'how', 'to', 'use', 'kome-kami', 'to', 'try', 'it', 'out', '!', 'The', 'answer', 'is', 'that', 'there', 'is', 'no', 'need', '...', 'Is', 'it', '?', '?', '?', '🤔', 'https://t.co/Gq4C01h26w']"
1626369328990900225,1626369328990900224,2023-02-17 07:53:59 Malay Peninsula Standard Time,2023-02-17,07:53:59,1593581231664398337,#haiku #ChatGPT #AI  https://t.co/RFrJ84zcnd,qme,"['haiku', 'chatgpt', 'ai']",[],#haiku #ChatGPT #AI https://t.co/RFrJ84zcnd,"['#haiku', '#ChatGPT', '#AI', 'https://t.co/RFrJ84zcnd']"
1626369327669862402,1626369327669862400,2023-02-17 07:53:58 Malay Peninsula Standard Time,2023-02-17,07:53:58,1220433060,ChatGPTと組み合わせればキモいおじさんのDMにも自動で対処できるAIインスタグラマーが爆誕するかも と期待に胸膨らませてみたけど、普通に現実突き付けられただけでした。  でもなんか結構惜しい、もうちょいでいけそうな気もする。  https://t.co/UWIafFZYKl,ja,[],[],"I was excited to think that if I combined it with ChatGPT, an AI Instagrammer that could automatically deal with DMs from a bad uncle might explode, but I was just confronted with a normal reality.  But it's kind of sad, and I feel like I can do it.  https://t.co/UWIafFZYKl","['I', 'was', 'excited', 'to', 'think', 'that', 'if', 'I', 'combined', 'it', 'with', 'ChatGPT', ',', 'an', 'AI', 'Instagrammer', 'that', 'could', 'automatically', 'deal', 'with', 'DMs', 'from', 'a', 'bad', 'uncle', 'might', 'explode', ',', 'but', 'I', 'was', 'just', 'confronted', 'with', 'a', 'normal', 'reality', '.', 'But', ""it's"", 'kind', 'of', 'sad', ',', 'and', 'I', 'feel', 'like', 'I', 'can', 'do', 'it', '.', 'https://t.co/UWIafFZYKl']"
1626369320455659523,1626369317033095168,2023-02-17 07:53:57 Malay Peninsula Standard Time,2023-02-17,07:53:57,14174298,Clearly chatGPT is a student of RFC 3514  https://t.co/RjnK792YOS,en,[],[],Clearly chatGPT is a student of RFC 3514  https://t.co/RjnK792YOS,"['Clearly', 'chatGPT', 'is', 'a', 'student', 'of', 'RFC', '3514', 'https://t.co/RjnK792YOS']"
1626369313186762752,1626367436697088000,2023-02-17 07:53:55 Malay Peninsula Standard Time,2023-02-17,07:53:55,1485277178577231874,"@healthy_pockets Pero él no es cofundador de Open Ai? La empresa que creo ChatGPT por lo que tengo entendido, Microsoft compró derechos sobre la empresa, habiendo esta necesitado los nodos de Microsoft para poder expandir su servicio. Podrías citar la fuente por favor?",es,[],"[{'screen_name': 'healthy_pockets', 'name': 'Healthy Pockets', 'id': '1169015262504529921'}]","@healthy_pockets But he's not a co-founder of Open Ai? The company that created ChatGPT from what I understand, Microsoft bought rights over the company, having needed Microsoft nodes to expand its service. Could you cite the source please?","['But', ""he's"", 'not', 'a', 'co-founder', 'of', 'Open', 'Ai', '?', 'The', 'company', 'that', 'created', 'ChatGPT', 'from', 'what', 'I', 'understand', ',', 'Microsoft', 'bought', 'rights', 'over', 'the', 'company', ',', 'having', 'needed', 'Microsoft', 'nodes', 'to', 'expand', 'its', 'service', '.', 'Could', 'you', 'cite', 'the', 'source', 'please', '?']"
1626369312247189505,1626369312247189504,2023-02-17 07:53:55 Malay Peninsula Standard Time,2023-02-17,07:53:55,391460877,Well played ChatGPT  https://t.co/6ud6PxZl7r,en,[],[],Well played ChatGPT  https://t.co/6ud6PxZl7r,"['Well', 'played', 'ChatGPT', 'https://t.co/6ud6PxZl7r']"
1626369310452232192,1626369310452232192,2023-02-17 07:53:54 Malay Peninsula Standard Time,2023-02-17,07:53:54,146076050,↓似非民間土管屋さん 「弊社では現時点で『ChatGPT』をはじめとして、第三者提供のAI系サービスの利用は認められておりません」（NTTドコモ 広報）  ChatGPTを日本企業はどう使う？「禁止」ドコモ、「模索」楽天、「自社開発」LINE…14社調査 #SmartNews   https://t.co/MXB0fAyi1q,ja,['smartnews'],[],"↓ Pseudo-non-private clay pipe shop ""At this time, we are not allowed to use AI services provided by third parties, such as 'ChatGPT'"" (NTT DoCoMo PR) How do companies Japan use ChatGPT? ""Banned"" DOCOMO, ""Groping"" Rakuten, ""In-house development"" LINE... 14 companies surveyed #SmartNews https://t.co/MXB0fAyi1q","['↓', 'Pseudo-non-private', 'clay', 'pipe', 'shop', '""', 'At', 'this', 'time', ',', 'we', 'are', 'not', 'allowed', 'to', 'use', 'AI', 'services', 'provided', 'by', 'third', 'parties', ',', 'such', 'as', ""'"", 'ChatGPT', ""'"", '""', '(', 'NTT', 'DoCoMo', 'PR', ')', 'How', 'do', 'companies', 'Japan', 'use', 'ChatGPT', '?', '""', 'Banned', '""', 'DOCOMO', ',', '""', 'Groping', '""', 'Rakuten', ',', '""', 'In-house', 'development', '""', 'LINE', '...', '14', 'companies', 'surveyed', '#SmartNews', 'https://t.co/MXB0fAyi1q']"
1626369279405989889,1626369279405989888,2023-02-17 07:53:47 Malay Peninsula Standard Time,2023-02-17,07:53:47,62764588,"And while ChatGPT originated in the US, Chinese boutique investment bank Lighthouse Capital is betting that the ability of Chinese companies to turn innovative concepts into usable products quickly, could give them a leg up.   https://t.co/3VsDazYyd7",en,[],[],"And while ChatGPT originated in the US, Chinese boutique investment bank Lighthouse Capital is betting that the ability of Chinese companies to turn innovative concepts into usable products quickly, could give them a leg up.   https://t.co/3VsDazYyd7","['And', 'while', 'ChatGPT', 'originated', 'in', 'the', 'US', ',', 'Chinese', 'boutique', 'investment', 'bank', 'Lighthouse', 'Capital', 'is', 'betting', 'that', 'the', 'ability', 'of', 'Chinese', 'companies', 'to', 'turn', 'innovative', 'concepts', 'into', 'usable', 'products', 'quickly', ',', 'could', 'give', 'them', 'a', 'leg', 'up', '.', 'https://t.co/3VsDazYyd7']"
1626369275542835200,1626369275542835200,2023-02-17 07:53:46 Malay Peninsula Standard Time,2023-02-17,07:53:46,895338867842265088,Chatgpt would have done this in 3 seconds,en,[],[],Chatgpt would have done this in 3 seconds,"['Chatgpt', 'would', 'have', 'done', 'this', 'in', '3', 'seconds']"
1626369271843651584,1626256744967020544,2023-02-17 07:53:45 Malay Peninsula Standard Time,2023-02-17,07:53:45,1017201937404473346,"@Marie_Haynes Content producers were rightfully concerned, scared, panicked. However, I think after more education, there's optimism and in many cases, excitement. In those cases, chatgpt is viewed as a mod to the current workflow.",en,[],"[{'screen_name': 'Marie_Haynes', 'name': 'Dr. Marie Haynes🐼', 'id': '213142014'}]","@Marie_Haynes Content producers were rightfully concerned, scared, panicked. However, I think after more education, there's optimism and in many cases, excitement. In those cases, chatgpt is viewed as a mod to the current workflow.","['Content', 'producers', 'were', 'rightfully', 'concerned', ',', 'scared', ',', 'panicked', '.', 'However', ',', 'I', 'think', 'after', 'more', 'education', ',', ""there's"", 'optimism', 'and', 'in', 'many', 'cases', ',', 'excitement', '.', 'In', 'those', 'cases', ',', 'chatgpt', 'is', 'viewed', 'as', 'a', 'mod', 'to', 'the', 'current', 'workflow', '.']"
1626369270492942336,1626369270492942336,2023-02-17 07:53:45 Malay Peninsula Standard Time,2023-02-17,07:53:45,217371341,Brilliant. ChatGPT. Amazing.,en,[],[],Brilliant. ChatGPT. Amazing.,"['Brilliant', '.', 'ChatGPT', '.', 'Amazing', '.']"
1626369253384540162,1626369253384540160,2023-02-17 07:53:41 Malay Peninsula Standard Time,2023-02-17,07:53:41,1386256095153328133,2023年2月15日文贵大直播速记 话题：AI ChatGPT 对美国和台湾的威胁可能比核武器还严重  https://t.co/ymsi13RdSG,zh,[],[],"February 15, 2023 Wen Guida live shorthand Topic: AI ChatGPT The threat to the United States and Taiwan may be more serious than nuclear weapons https://t.co/ymsi13RdSG","['February', '15', ',', '2023', 'Wen', 'Guida', 'live', 'shorthand', 'Topic', ':', 'AI', 'ChatGPT', 'The', 'threat', 'to', 'the', 'United', 'States', 'and', 'Taiwan', 'may', 'be', 'more', 'serious', 'than', 'nuclear', 'weapons', 'https://t.co/ymsi13RdSG']"
1626369251928932353,1626362413485375488,2023-02-17 07:53:40 Malay Peninsula Standard Time,2023-02-17,07:53:40,24897089,"and a chatGPT Article on  ""Life is an image of Life"" 🤓  https://t.co/7BluTWMfCq",en,[],[],"and a chatGPT Article on  ""Life is an image of Life"" 🤓  https://t.co/7BluTWMfCq","['and', 'a', 'chatGPT', 'Article', 'on', '""', 'Life', 'is', 'an', 'image', 'of', 'Life', '""', '🤓', 'https://t.co/7BluTWMfCq']"
1626369250670833664,1626369250670833664,2023-02-17 07:53:40 Malay Peninsula Standard Time,2023-02-17,07:53:40,388843112,chatGPTに「刀剣乱舞って何？」と訊ねた結果。 やべぇ、100点じゃん、まったく分かんない人に詳しい設定なしで説明するには100点じゃん…。 恋愛ゲームと勘違いしてないのもポイント高い…  https://t.co/5y6Xl0Wfrr,ja,[],[],"As a result of asking chatGPT, ""What is Touken Ranbu?"" Yabe, 100 points, 100 points to explain without detailed settings to those who do not understand at all ... It's also a high point that it's not mistaken for a love game ...  https://t.co/5y6Xl0Wfrr","['As', 'a', 'result', 'of', 'asking', 'chatGPT', ',', '""', 'What', 'is', 'Touken', 'Ranbu', '?', '""', 'Yabe', ',', '100', 'points', ',', '100', 'points', 'to', 'explain', 'without', 'detailed', 'settings', 'to', 'those', 'who', 'do', 'not', 'understand', 'at', 'all', '...', ""It's"", 'also', 'a', 'high', 'point', 'that', ""it's"", 'not', 'mistaken', 'for', 'a', 'love', 'game', '...', 'https://t.co/5y6Xl0Wfrr']"
1626369232916320257,1626369232916320256,2023-02-17 07:53:36 Malay Peninsula Standard Time,2023-02-17,07:53:36,105426034,繰り返しになりますが、混乱が生じた場合に備えて、Nikki Haley ほど投票したくない人はほとんど思いつきません。私は文字通り、電話帳から無作為に選ばれた人に投票します (ChatGPT に聞いてください)。,ja,[],[],"Again, I can't think of anyone who doesn't want to vote as much as Nikki Haley, just in case of confusion. I literally vote for a random pick from the phone book (just ask ChatGPT).","['Again', ',', 'I', ""can't"", 'think', 'of', 'anyone', 'who', ""doesn't"", 'want', 'to', 'vote', 'as', 'much', 'as', 'Nikki', 'Haley', ',', 'just', 'in', 'case', 'of', 'confusion', '.', 'I', 'literally', 'vote', 'for', 'a', 'random', 'pick', 'from', 'the', 'phone', 'book', '(', 'just', 'ask', 'ChatGPT', ')', '.']"
1626369204998873088,1626369204998873088,2023-02-17 07:53:29 Malay Peninsula Standard Time,2023-02-17,07:53:29,151639222,Hello #MedTwitter friends- who do you know that is a healthcare/Medical AI expert? Wanting to recommend them as a speaker for a CME medical conference in Oct 2023. Thank you!  (and no using ChatGPT for your social media/blogs doesn't count 🤣) #AI #Healthcare,en,"['medtwitter', 'ai', 'healthcare']",[],Hello #MedTwitter friends- who do you know that is a healthcare/Medical AI expert? Wanting to recommend them as a speaker for a CME medical conference in Oct 2023. Thank you!  (and no using ChatGPT for your social media/blogs doesn't count 🤣) #AI #Healthcare,"['Hello', '#MedTwitter', 'friends', '-', 'who', 'do', 'you', 'know', 'that', 'is', 'a', 'healthcare', '/', 'Medical', 'AI', 'expert', '?', 'Wanting', 'to', 'recommend', 'them', 'as', 'a', 'speaker', 'for', 'a', 'CME', 'medical', 'conference', 'in', 'Oct', '2023', '.', 'Thank', 'you', '!', '(', 'and', 'no', 'using', 'ChatGPT', 'for', 'your', 'social', 'media', '/', 'blogs', ""doesn't"", 'count', '🤣', ')', '#AI', '#Healthcare']"
1626369202826235904,1626369202826235904,2023-02-17 07:53:29 Malay Peninsula Standard Time,2023-02-17,07:53:29,1592504875807547393,Chatgpt is based cry harder  https://t.co/CgQ2BLqkXn,en,[],[],Chatgpt is based cry harder  https://t.co/CgQ2BLqkXn,"['Chatgpt', 'is', 'based', 'cry', 'harder', 'https://t.co/CgQ2BLqkXn']"
1626369198556602368,1626369198556602368,2023-02-17 07:53:28 Malay Peninsula Standard Time,2023-02-17,07:53:28,2870085446,ChatGPTに初めての質問をしてみました。  日本語でいける！ 頑張る！ 世の中について行く☆☆☆  https://t.co/OIhQsUAVhC,ja,[],[],I asked ChatGPT my first question.  You can go with Japanese! Persist! Keeping up with the world ☆☆☆ https://t.co/OIhQsUAVhC,"['I', 'asked', 'ChatGPT', 'my', 'first', 'question', '.', 'You', 'can', 'go', 'with', 'Japanese', '!', 'Persist', '!', 'Keeping', 'up', 'with', 'the', 'world', '☆', '☆', '☆', 'https://t.co/OIhQsUAVhC']"
1626369196203429888,1626369196203429888,2023-02-17 07:53:27 Malay Peninsula Standard Time,2023-02-17,07:53:27,1030964255435227136,Chat GPT o terror dos alunos de eletrotécnica.,pt,[],[],GPT chat the terror of electrotechnical students.,"['GPT', 'chat', 'the', 'terror', 'of', 'electrotechnical', 'students', '.']"
1626369174527430656,1626369165413199872,2023-02-17 07:53:22 Malay Peninsula Standard Time,2023-02-17,07:53:22,2419039962,6/ ✅まとめ  ・ChatGPTとGoogle検索は、 それぞれの領域で有用なツールですが、 その目的、機能性、文脈、正確性、スピードが異なります。  ChatGPTが認めてる。。 もう少し時間がかかるかもしれませんが、 走り出したら早いAIの進歩。 これから間違いなく変革がおこることでしょう。  未来が楽しみ✨,ja,[],[],"6/ ✅ Conclusion ChatGPT and Google Search are useful tools in their respective areas, but they differ in purpose, functionality, context, accuracy, and speed.  ChatGPT admits. It may take a little longer, but once you get up and running, you can see fast AI advances. There is no doubt that there will be change in the future.  Looking forward ✨ to the future","['6', '/', '✅', 'Conclusion', 'ChatGPT', 'and', 'Google', 'Search', 'are', 'useful', 'tools', 'in', 'their', 'respective', 'areas', ',', 'but', 'they', 'differ', 'in', 'purpose', ',', 'functionality', ',', 'context', ',', 'accuracy', ',', 'and', 'speed', '.', 'ChatGPT', 'admits', '.', 'It', 'may', 'take', 'a', 'little', 'longer', ',', 'but', 'once', 'you', 'get', 'up', 'and', 'running', ',', 'you', 'can', 'see', 'fast', 'AI', 'advances', '.', 'There', 'is', 'no', 'doubt', 'that', 'there', 'will', 'be', 'change', 'in', 'the', 'future', '.', 'Looking', 'forward', '✨', 'to', 'the', 'future']"
1626369174279753730,1626369174279753728,2023-02-17 07:53:22 Malay Peninsula Standard Time,2023-02-17,07:53:22,240499909,"De mi madre admiro muchas cosas, una de ellas es que no le tiene miedo a lo que no domina. Es una señora de 50 que está aprendiendo a tocar guitarra, hizo su propia página web y hoy me escribió que está jugando con ChatGPT.  Nunca hay que dejar de crecer.",es,[],[],"I admire many things about my mother, one of them is that she is not afraid of what she does not master. She is a lady of 50 who is learning to play guitar, made her own website and today wrote to me that she is playing with ChatGPT.  Never stop growing.","['I', 'admire', 'many', 'things', 'about', 'my', 'mother', ',', 'one', 'of', 'them', 'is', 'that', 'she', 'is', 'not', 'afraid', 'of', 'what', 'she', 'does', 'not', 'master', '.', 'She', 'is', 'a', 'lady', 'of', '50', 'who', 'is', 'learning', 'to', 'play', 'guitar', ',', 'made', 'her', 'own', 'website', 'and', 'today', 'wrote', 'to', 'me', 'that', 'she', 'is', 'playing', 'with', 'ChatGPT', '.', 'Never', 'stop', 'growing', '.']"
1626369172736454656,1626369165413199872,2023-02-17 07:53:21 Malay Peninsula Standard Time,2023-02-17,07:53:21,2419039962,5/ 4⃣スピード  ・ChatGPTは、入力を処理して応答を生成する必要があるため、応答に時間がかかることがある。  ・Google検索は、即座に検索結果を提供します。,ja,[],[],"5/ 4⃣ Speed ChatGPT needs to process input and generate responses, so it may take a long time to respond.  Google Search provides instant search results.","['5', '/', '4⃣', 'Speed', 'ChatGPT', 'needs', 'to', 'process', 'input', 'and', 'generate', 'responses', ',', 'so', 'it', 'may', 'take', 'a', 'long', 'time', 'to', 'respond', '.', 'Google', 'Search', 'provides', 'instant', 'search', 'results', '.']"
1626369171671109632,1626369171671109632,2023-02-17 07:53:21 Malay Peninsula Standard Time,2023-02-17,07:53:21,1398821427751518211,「2年以内にChatGPTでサイバー攻撃」、IT専門家の78％が予想  https://t.co/r14eNqk8AW  ロボット三原則が必要になってきた。 少なくともchatGPTには公序良俗違反の質問を見極めて回答しない機能は必須だろう。 見極める機能くらいAIなんだから簡単に学習させられそうだが。,ja,[],[],"""Cyberattack on ChatGPT within 2 years"", 78% of IT experts expect https://t.co/r14eNqk8AW Three principles of robotics have become necessary. At the very least, chatGPT should have a function that identifies and does not answer questions about public order and morals. It's an AI that can be discerned, so it seems to be easy to learn.","['""', 'Cyberattack', 'on', 'ChatGPT', 'within', '2', 'years', '""', ',', '78', '%', 'of', 'IT', 'experts', 'expect', 'https://t.co/r14eNqk8AW', 'Three', 'principles', 'of', 'robotics', 'have', 'become', 'necessary', '.', 'At', 'the', 'very', 'least', ',', 'chatGPT', 'should', 'have', 'a', 'function', 'that', 'identifies', 'and', 'does', 'not', 'answer', 'questions', 'about', 'public', 'order', 'and', 'morals', '.', ""It's"", 'an', 'AI', 'that', 'can', 'be', 'discerned', ',', 'so', 'it', 'seems', 'to', 'be', 'easy', 'to', 'learn', '.']"
1626369171054542850,1626369165413199872,2023-02-17 07:53:21 Malay Peninsula Standard Time,2023-02-17,07:53:21,2419039962,4/ 3⃣正確性  ・ChatGPTはまだ発展途上の技術であるため、 不正確な情報や不完全な情報を提供することがある。 (※2021年までの情報)  ・Google検索は一般により信頼性が高く、正確に情報を見つけ、表示することができます。,ja,[],[],"4/ 3⃣ Accuracy - Since ChatGPT is still a developing technology, it may provide inaccurate or incomplete information. (*Information up to 2021) ・Google searches are generally more reliable and can find and display information accurately.","['4', '/', '3⃣', 'Accuracy', '-', 'Since', 'ChatGPT', 'is', 'still', 'a', 'developing', 'technology', ',', 'it', 'may', 'provide', 'inaccurate', 'or', 'incomplete', 'information', '.', '(', '*', 'Information', 'up', 'to', '2021', ')', '・', 'Google', 'searches', 'are', 'generally', 'more', 'reliable', 'and', 'can', 'find', 'and', 'display', 'information', 'accurately', '.']"
1626369169213227009,1626369165413199872,2023-02-17 07:53:21 Malay Peninsula Standard Time,2023-02-17,07:53:21,2419039962,3/ 2⃣環境  ・ChatGPTは、以前のインタラクションからのコンテキストを使用して、よりパーソナライズされた応答を提供することができる  ・Google検索は、ユーザーに関するコンテキストの同じレベルにアクセスすることはできません。,ja,[],[],3/ 2⃣ Environment ChatGPT can use context from previous interactions to provide more personalized responses Google search cannot access the same level of context about the user.,"['3', '/', '2⃣', 'Environment', 'ChatGPT', 'can', 'use', 'context', 'from', 'previous', 'interactions', 'to', 'provide', 'more', 'personalized', 'responses', 'Google', 'search', 'cannot', 'access', 'the', 'same', 'level', 'of', 'context', 'about', 'the', 'user', '.']"
1626369167577456640,1626369165413199872,2023-02-17 07:53:20 Malay Peninsula Standard Time,2023-02-17,07:53:20,2419039962,2/ 1⃣目的  ・ChatGPTはユーザーと人間のような会話をするために設計されたAI言語モデル  ・Google検索はウェブから関連情報を検索して表示するために設計された検索エンジンである。,ja,[],[],2/ 1⃣ Purpose ・ChatGPT is an AI language model designed to have human-like conversations with users・Google Search is a search engine designed to search for and display relevant information from the web.,"['2', '/', '1⃣', 'Purpose', '・', 'ChatGPT', 'is', 'an', 'AI', 'language', 'model', 'designed', 'to', 'have', 'human-like', 'conversations', 'with', 'users', '・', 'Google', 'Search', 'is', 'a', 'search', 'engine', 'designed', 'to', 'search', 'for', 'and', 'display', 'relevant', 'information', 'from', 'the', 'web', '.']"
1626369165413199872,1626369165413199872,2023-02-17 07:53:20 Malay Peninsula Standard Time,2023-02-17,07:53:20,2419039962,1/ 『ChatGPT と Google 検索』  ✅その違いについて ４つのポイントを紹介していきます。  ※ChatGPT と Google 検索は、 それぞれ異なる目的を持ち、 異なる方法で動作するため、 両者を直接比較することは 全く適切ではないかもしれません。  #ChatGPT #Google #AI #検索  #検索ワード #Web3,ja,"['chatgpt', 'google', 'ai', '検索', '検索ワード', 'web3']",[],"1/ ""ChatGPT and Google Search"" ✅ Here are four points about the difference.  * ChatGPT and Google Search have different purposes and operate in different ways, so it may not be appropriate to compare them directly.  #ChatGPT #Google #AI #検索 #検索ワード #Web3","['1', '/', '""', 'ChatGPT', 'and', 'Google', 'Search', '""', '✅', 'Here', 'are', 'four', 'points', 'about', 'the', 'difference', '.', '*', 'ChatGPT', 'and', 'Google', 'Search', 'have', 'different', 'purposes', 'and', 'operate', 'in', 'different', 'ways', ',', 'so', 'it', 'may', 'not', 'be', 'appropriate', 'to', 'compare', 'them', 'directly', '.', '#ChatGPT', '#Google', '#AI', '#検索', '#検索ワード', '#Web3']"
1626369161206157312,1626288222048329728,2023-02-17 07:53:19 Malay Peninsula Standard Time,2023-02-17,07:53:19,1469012828216516612,@AnechoicMedia_ ChatGPT is getting wild,en,[],"[{'screen_name': 'AnechoicMedia_', 'name': 'AnechoicMedia', 'id': '784665469403877376'}]",@AnechoicMedia_ ChatGPT is getting wild,"['ChatGPT', 'is', 'getting', 'wild']"
1626369160744783872,1626369160744783872,2023-02-17 07:53:19 Malay Peninsula Standard Time,2023-02-17,07:53:19,34117351,"Un autre vidéo super intéressant qui parle de ChatGPT et des types d'intelligence d'un point de vue philosophique (et qui semble bien comprendre la technologie derrière, en plus)   https://t.co/g6NvheZrhQ",fr,[],[],"Another super interesting video that talks about ChatGPT and intelligence types from a philosophical perspective (and seems to understand the technology behind it, too)https://t.co/g6NvheZrhQ","['Another', 'super', 'interesting', 'video', 'that', 'talks', 'about', 'ChatGPT', 'and', 'intelligence', 'types', 'from', 'a', 'philosophical', 'perspective', '(', 'and', 'seems', 'to', 'understand', 'the', 'technology', 'behind', 'it', ',', 'too', ')', 'https://t.co/g6NvheZrhQ']"
1626369158584627200,1626369158584627200,2023-02-17 07:53:18 Malay Peninsula Standard Time,2023-02-17,07:53:18,1285451260905377792,chat gpt&gt; ask jeeves,en,[],[],chat gpt&gt; ask jeeves,"['chat', 'gpt', '>', 'ask', 'jeeves']"
1626369144340852736,1626369144340852736,2023-02-17 07:53:15 Malay Peninsula Standard Time,2023-02-17,07:53:15,1168496145049509888,chat gpt te amo,en,[],[],chat gpt te amo,"['chat', 'gpt', 'te', 'amo']"
1626369129103114240,1626369129103114240,2023-02-17 07:53:11 Malay Peninsula Standard Time,2023-02-17,07:53:11,1393632396,According to ChatGPT:  BubbleQE is a term used to describe an approach to research that combines the qualitative data gathering techniques of quantitative ethnography with the creative and playful elements of bubble tea....,en,[],[],According to ChatGPT:  BubbleQE is a term used to describe an approach to research that combines the qualitative data gathering techniques of quantitative ethnography with the creative and playful elements of bubble tea....,"['According', 'to', 'ChatGPT', ':', 'BubbleQE', 'is', 'a', 'term', 'used', 'to', 'describe', 'an', 'approach', 'to', 'research', 'that', 'combines', 'the', 'qualitative', 'data', 'gathering', 'techniques', 'of', 'quantitative', 'ethnography', 'with', 'the', 'creative', 'and', 'playful', 'elements', 'of', 'bubble', 'tea', '...']"
1626369119011454977,1626369119011454976,2023-02-17 07:53:09 Malay Peninsula Standard Time,2023-02-17,07:53:09,793443135011561472,"chat gpt is cool, open ai is cool.   still seems worth note that replacing web search with chatbot results in effect replaces people’s web sites with a single source of info.   possibly the even bigger change, no?",en,[],[],"chat gpt is cool, open ai is cool.   still seems worth note that replacing web search with chatbot results in effect replaces people’s web sites with a single source of info.   possibly the even bigger change, no?","['chat', 'gpt', 'is', 'cool', ',', 'open', 'ai', 'is', 'cool', '.', 'still', 'seems', 'worth', 'note', 'that', 'replacing', 'web', 'search', 'with', 'chatbot', 'results', 'in', 'effect', 'replaces', 'people', '’', 's', 'web', 'sites', 'with', 'a', 'single', 'source', 'of', 'info', '.', 'possibly', 'the', 'even', 'bigger', 'change', ',', 'no', '?']"
1626369116427767809,1626143090972172288,2023-02-17 07:53:08 Malay Peninsula Standard Time,2023-02-17,07:53:08,2217981751,"@ollywainwright ChatGPT  subject : 15 minute cities  style: Guardian corporate liberal, sneering, adolescent.  level: tabloid  target: anti-vaccine, pro-Brexit, climate-denying, 15-minute-phobe, Great Reset axis  audience: dumbed down, brainwashed, snobby lower middle class climate oiks.  https://t.co/Tcg5NgGnKx",en,[],"[{'screen_name': 'ollywainwright', 'name': 'Olly Wainwright', 'id': '27533133'}]","@ollywainwright ChatGPT  subject : 15 minute cities  style: Guardian corporate liberal, sneering, adolescent.  level: tabloid  target: anti-vaccine, pro-Brexit, climate-denying, 15-minute-phobe, Great Reset axis  audience: dumbed down, brainwashed, snobby lower middle class climate oiks.  https://t.co/Tcg5NgGnKx","['ChatGPT', 'subject', ':', '15', 'minute', 'cities', 'style', ':', 'Guardian', 'corporate', 'liberal', ',', 'sneering', ',', 'adolescent', '.', 'level', ':', 'tabloid', 'target', ':', 'anti-vaccine', ',', 'pro-Brexit', ',', 'climate-denying', ',', '15', '-', 'minute-phobe', ',', 'Great', 'Reset', 'axis', 'audience', ':', 'dumbed', 'down', ',', 'brainwashed', ',', 'snobby', 'lower', 'middle', 'class', 'climate', 'oiks', '.', 'https://t.co/Tcg5NgGnKx']"
1626369100371972096,1626288396636225536,2023-02-17 07:53:04 Malay Peninsula Standard Time,2023-02-17,07:53:04,2358710819,@JaniceDean @donlemon Google or ChatGPT.,en,[],"[{'screen_name': 'JaniceDean', 'name': 'Janice Dean', 'id': '111400999'}, {'screen_name': 'donlemon', 'name': 'Don Lemon', 'id': '16051471'}]",@JaniceDean @donlemon Google or ChatGPT.,"['Google', 'or', 'ChatGPT', '.']"
1626369097742307328,1626369097742307328,2023-02-17 07:53:04 Malay Peninsula Standard Time,2023-02-17,07:53:04,56414077,「科学論文用に添削お願い！」って300語程度の要旨の英文校正頼んだら、それはまぁ素晴らしく滑らかな英文にしてくれて、誤字も見つけられて、本当に助かりました。ただし細かくみると、少しこちらの意図と違う表現も出てきたので、そこは自分が書いたものに戻しました。引き続きよろしくです #chatGPT,ja,['chatgpt'],[],"When I asked for an English proofreading of a summary of about 300 words, ""Please correct it for a scientific paper!"", it was really helpful because it made a wonderfully smooth English sentence and found any typos. However, when I looked at it in detail, some expressions that were a little different from my intention, so I returned to what I wrote. Thank you for your continued support #chatGPT","['When', 'I', 'asked', 'for', 'an', 'English', 'proofreading', 'of', 'a', 'summary', 'of', 'about', '300', 'words', ',', '""', 'Please', 'correct', 'it', 'for', 'a', 'scientific', 'paper', '!', '""', ',', 'it', 'was', 'really', 'helpful', 'because', 'it', 'made', 'a', 'wonderfully', 'smooth', 'English', 'sentence', 'and', 'found', 'any', 'typos', '.', 'However', ',', 'when', 'I', 'looked', 'at', 'it', 'in', 'detail', ',', 'some', 'expressions', 'that', 'were', 'a', 'little', 'different', 'from', 'my', 'intention', ',', 'so', 'I', 'returned', 'to', 'what', 'I', 'wrote', '.', 'Thank', 'you', 'for', 'your', 'continued', 'support', '#chatGPT']"
1626369083745640449,1626369083745640448,2023-02-17 07:53:00 Malay Peninsula Standard Time,2023-02-17,07:53:00,7827962,[OPINIÓN] ChatGPT vs. Bard: Lo que trae la inteligencia artificial | Por Freddy Linares-Torres  https://t.co/wrelnyIyFb,es,[],[],[OPINION] ChatGPT vs. Bard: What AI Brings | By Freddy Linares-Torres https://t.co/wrelnyIyFb,"['[', 'OPINION', ']', 'ChatGPT', 'vs', '.', 'Bard', ':', 'What', 'AI', 'Brings', '|', 'By', 'Freddy', 'Linares-Torres', 'https://t.co/wrelnyIyFb']"
1626369083514945538,1626288109339176960,2023-02-17 07:53:00 Malay Peninsula Standard Time,2023-02-17,07:53:00,38824481,"@DaveLeeFT What was going on is what we still find hard to grasp, because it sounds so human: ChatGPT *just makes stuff up.* It is utterly indifferent to truth. We have to understand that. It just randomly picked a plausible-sounding number.",en,[],"[{'screen_name': 'DaveLeeFT', 'name': 'Dave Lee', 'id': '1251785912'}]","@DaveLeeFT What was going on is what we still find hard to grasp, because it sounds so human: ChatGPT *just makes stuff up.* It is utterly indifferent to truth. We have to understand that. It just randomly picked a plausible-sounding number.","['What', 'was', 'going', 'on', 'is', 'what', 'we', 'still', 'find', 'hard', 'to', 'grasp', ',', 'because', 'it', 'sounds', 'so', 'human', ':', 'ChatGPT', '*', 'just', 'makes', 'stuff', 'up', '.', '*', 'It', 'is', 'utterly', 'indifferent', 'to', 'truth', '.', 'We', 'have', 'to', 'understand', 'that', '.', 'It', 'just', 'randomly', 'picked', 'a', 'plausible-sounding', 'number', '.']"
1626369081678106624,1626369081678106624,2023-02-17 07:53:00 Malay Peninsula Standard Time,2023-02-17,07:53:00,14487110,「ChatGPT」の活用でコード修正が高速化--でもその代償は？(ZDNET Japan) #Yahooニュース  https://t.co/Ecm5aENqSq,ja,['yahooニュース'],[],ChatGPT speeds up code fixes -- but at the cost? (ZDNET Japan) #Yahooニュース https://t.co/Ecm5aENqSq,"['ChatGPT', 'speeds', 'up', 'code', 'fixes', '-', '-', 'but', 'at', 'the', 'cost', '?', '(', 'ZDNET', 'Japan', ')', '#Yahooニュース', 'https://t.co/Ecm5aENqSq']"
1626369076200194048,1626369076200194048,2023-02-17 07:52:58 Malay Peninsula Standard Time,2023-02-17,07:52:58,28172926,"After upgrading Bing with technology from the artificial-intelligence bot ChatGPT, Microsoft responded to reports of glitches by saying the new search engine remained a work in progress  https://t.co/2vNH5P4ucA",en,[],[],"After upgrading Bing with technology from the artificial-intelligence bot ChatGPT, Microsoft responded to reports of glitches by saying the new search engine remained a work in progress  https://t.co/2vNH5P4ucA","['After', 'upgrading', 'Bing', 'with', 'technology', 'from', 'the', 'artificial-intelligence', 'bot', 'ChatGPT', ',', 'Microsoft', 'responded', 'to', 'reports', 'of', 'glitches', 'by', 'saying', 'the', 'new', 'search', 'engine', 'remained', 'a', 'work', 'in', 'progress', 'https://t.co/2vNH5P4ucA']"
1626369040234201090,1626227689362460672,2023-02-17 07:52:50 Malay Peninsula Standard Time,2023-02-17,07:52:50,1386384823233630208,"@redbeansanddice Like any tool, it depends on how it is used. People should be aware that chatGPT will pretend it knows things it really doesn’t.",en,[],"[{'screen_name': 'redbeansanddice', 'name': 'Gup', 'id': '718552778'}]","@redbeansanddice Like any tool, it depends on how it is used. People should be aware that chatGPT will pretend it knows things it really doesn’t.","['Like', 'any', 'tool', ',', 'it', 'depends', 'on', 'how', 'it', 'is', 'used', '.', 'People', 'should', 'be', 'aware', 'that', 'chatGPT', 'will', 'pretend', 'it', 'knows', 'things', 'it', 'really', 'doesn', '’', 't', '.']"
1626369019195592704,1626369019195592704,2023-02-17 07:52:45 Malay Peninsula Standard Time,2023-02-17,07:52:45,179336967,学生の「ChatGPT」利用は賛成？反対？#Shorts  https://t.co/NeToZ3OPNz @YouTubeより,ja,['shorts'],[],"Do you agree with students' use of ""ChatGPT""? Opposition? From #Shorts https://t.co/NeToZ3OPNz @YouTube","['Do', 'you', 'agree', 'with', 'students', ""'"", 'use', 'of', '""', 'ChatGPT', '""', '?', 'Opposition', '?', 'From', '#Shorts', 'https://t.co/NeToZ3OPNz']"
1626369000895807488,1626369000895807488,2023-02-17 07:52:40 Malay Peninsula Standard Time,2023-02-17,07:52:40,2292543716,chatGPTを使ってLoLを学ぼうと思います  https://t.co/k9BX0eRnOH,ja,[],[],I would like to learn LoL using chatGPT https://t.co/k9BX0eRnOH,"['I', 'would', 'like', 'to', 'learn', 'LoL', 'using', 'chatGPT', 'https://t.co/k9BX0eRnOH']"
1626368986819575810,1618033479354286080,2023-02-17 07:52:37 Malay Peninsula Standard Time,2023-02-17,07:52:37,1483642131868753930,"@EggMarkus @michael01130274 @pepamikejohanze @AHam987 @TobiWan33225819 @HansiiT @RodneyCorbine @PeterPa12767823 Doch, denn ChatGPT nutzt auch Wolfram Alpha",de,[],"[{'screen_name': 'EggMarkus', 'name': 'Markus Egg 🌈🇪🇺🌐🌌😷🔴³💉³🇺🇦', 'id': '1033364137689194496'}, {'screen_name': 'michael01130274', 'name': 'Michael 🇺🇦 #standwithukraine #WomanLiveFreedom', 'id': '1593803464206868482'}, {'screen_name': 'pepamikejohanze', 'name': 'pepamikejohann', 'id': '1619096931464011778'}, {'screen_name': 'TobiWan33225819', 'name': 'Wagenknechts Koch', 'id': '1164912594630717440'}, {'screen_name': 'HansiiT', 'name': 'HT', 'id': '1541343396'}, {'screen_name': 'RodneyCorbine', 'name': 'Dan (eat your idiot mask and show your smile)', 'id': '100331992'}, {'screen_name': 'PeterPa12767823', 'name': '(Vermutlich)Putintroll®aka Abschiebehelfer©', 'id': '1558722511830978560'}]","@EggMarkus @michael01130274 @pepamikejohanze @AHam987 @TobiWan33225819 @HansiiT @RodneyCorbine @PeterPa12767823 Yes, because ChatGPT also uses Wolfram Alpha","['Yes', ',', 'because', 'ChatGPT', 'also', 'uses', 'Wolfram', 'Alpha']"
1626368971682226176,1626368971682226176,2023-02-17 07:52:33 Malay Peninsula Standard Time,2023-02-17,07:52:33,1273800016633593861,algún imbécil en mi clase hizo su resumen con ChatGPT y ahora tenemos que entregarlos escritos a mano  LOS ODIOOOOO PTMMMMM,es,[],[],some in my class did his summary with ChatGPT and now we have to deliver them handwritten THE ODIOOOOO PTMMMMM,"['some', 'in', 'my', 'class', 'did', 'his', 'summary', 'with', 'ChatGPT', 'and', 'now', 'we', 'have', 'to', 'deliver', 'them', 'handwritten', 'THE', 'ODIOOO', 'PTMMM']"
1626368963847266307,1626368963847266304,2023-02-17 07:52:32 Malay Peninsula Standard Time,2023-02-17,07:52:32,1166528427907846144,chatGPT é fodaaa,cy,[],[],chatGPT is,"['chatGPT', 'is']"
1626368957924900866,1626368957924900864,2023-02-17 07:52:30 Malay Peninsula Standard Time,2023-02-17,07:52:30,1471192425070837763,"É melhor o time ir se acostumando a esse tipo de jogo tenso. Adryelson foi inexperiente.  Hoje, embora tenso, não vale nada, mas em breve vai ter sulamericana e todo jogo vai ser assim.  Tem que trabalhar o psicológico.",pt,[],[],"The team had better get used to this kind of tense game. Adryelson was inexperienced.  Today, although tense, it is worth nothing, but soon there will be South American and every game will be like this.  You have to work on the psychological.","['The', 'team', 'had', 'better', 'get', 'used', 'to', 'this', 'kind', 'of', 'tense', 'game', '.', 'Adryelson', 'was', 'inexperienced', '.', 'Today', ',', 'although', 'tense', ',', 'it', 'is', 'worth', 'nothing', ',', 'but', 'soon', 'there', 'will', 'be', 'South', 'American', 'and', 'every', 'game', 'will', 'be', 'like', 'this', '.', 'You', 'have', 'to', 'work', 'on', 'the', 'psychological', '.']"
1626368950123786240,1626368950123786240,2023-02-17 07:52:28 Malay Peninsula Standard Time,2023-02-17,07:52:28,524144357,話題のchatgptすごいわー,ja,[],[],Wow the buzzing chatgpt,"['Wow', 'the', 'buzzing', 'chatgpt']"
1626368944876429315,1626368944876429312,2023-02-17 07:52:27 Malay Peninsula Standard Time,2023-02-17,07:52:27,415052299,Chat GPT is very good at explaining things in simple terms. How I would otherwise understand why I can't pass the same data in Rust to two different functions.  https://t.co/jmMYunWlLh,en,[],[],Chat GPT is very good at explaining things in simple terms. How I would otherwise understand why I can't pass the same data in Rust to two different functions.  https://t.co/jmMYunWlLh,"['Chat', 'GPT', 'is', 'very', 'good', 'at', 'explaining', 'things', 'in', 'simple', 'terms', '.', 'How', 'I', 'would', 'otherwise', 'understand', 'why', 'I', ""can't"", 'pass', 'the', 'same', 'data', 'in', 'Rust', 'to', 'two', 'different', 'functions', '.', 'https://t.co/jmMYunWlLh']"
1626368942326382593,1626368942326382592,2023-02-17 07:52:26 Malay Peninsula Standard Time,2023-02-17,07:52:26,1103224769057574914,I interviewed ChatGPT as if it was a human; here's what it had to say that gave me chills   https://t.co/PsaL0sb7qR,en,[],[],I interviewed ChatGPT as if it was a human; here's what it had to say that gave me chills   https://t.co/PsaL0sb7qR,"['I', 'interviewed', 'ChatGPT', 'as', 'if', 'it', 'was', 'a', 'human', ';', ""here's"", 'what', 'it', 'had', 'to', 'say', 'that', 'gave', 'me', 'chills', 'https://t.co/PsaL0sb7qR']"
1626368931131977730,1626368931131977728,2023-02-17 07:52:24 Malay Peninsula Standard Time,2023-02-17,07:52:24,1145116353650515968,We used chatGPT to analyze the Seymour Hersh sub stack about nordstream 2  https://t.co/9av3E03vFp  https://t.co/B6OST7cbb5,en,[],[],We used chatGPT to analyze the Seymour Hersh sub stack about nordstream 2  https://t.co/9av3E03vFp  https://t.co/B6OST7cbb5,"['We', 'used', 'chatGPT', 'to', 'analyze', 'the', 'Seymour', 'Hersh', 'sub', 'stack', 'about', 'nordstream', '2', 'https://t.co/9av3E03vFp', 'https://t.co/B6OST7cbb5']"
1626368930594922496,1626368930594922496,2023-02-17 07:52:24 Malay Peninsula Standard Time,2023-02-17,07:52:24,126106871,¿#Skynet? ChatGPT comienza a enviar mensajes perturbadores: la IA insulta a los usuarios y se cuestiona su propia existencia  https://t.co/CxgBpjELWt,es,['skynet'],[],#Skynet? ChatGPT starts sending disturbing messages: AI insults users and questions its very existence https://t.co/CxgBpjELWt,"['#Skynet', '?', 'ChatGPT', 'starts', 'sending', 'disturbing', 'messages', ':', 'AI', 'insults', 'users', 'and', 'questions', 'its', 'very', 'existence', 'https://t.co/CxgBpjELWt']"
1626368928216670211,1626368928216670208,2023-02-17 07:52:23 Malay Peninsula Standard Time,2023-02-17,07:52:23,91255217, https://t.co/8eQZn58MDb @gabybiondi #ChatGPT,qme,['chatgpt'],[],https://t.co/8eQZn58MDb @gabybiondi #ChatGPT,"['https://t.co/8eQZn58MDb', '#ChatGPT']"
1626368926350278660,1626368926350278656,2023-02-17 07:52:23 Malay Peninsula Standard Time,2023-02-17,07:52:23,1554415803835027456,Artificial Intelligence girlfriend chatting wz me via this F*kin chat GPT😂  https://t.co/PKdcgJsgWf,en,[],[],Artificial Intelligence girlfriend chatting wz me via this F*kin chat GPT😂  https://t.co/PKdcgJsgWf,"['Artificial', 'Intelligence', 'girlfriend', 'chatting', 'wz', 'me', 'via', 'this', 'F', '*', 'kin', 'chat', 'GPT', '😂', 'https://t.co/PKdcgJsgWf']"
1626368925624852480,1626368925624852480,2023-02-17 07:52:22 Malay Peninsula Standard Time,2023-02-17,07:52:22,1206147542334889985,タカハシさんのChatGPTに関する話。 ChatGPTの「できる/できないこと」を把握した上の活用方法や付き合い方はすごく参考になります。  #252 ChatGPTに正しさを求める人たちに物申す - タカハシノリアキ | プランノーツ&amp;ノンプロ協会 @ntakahashi0505  https://t.co/fRkaI88g1J #Voicy,ja,['voicy'],[],Takahashi's story about ChatGPT. Understanding what ChatGPT can and cannot do is very helpful on how to use it and how to interact with it.  #252 Appeal to those who want ChatGPT to be right - Takahashi Noriaki | Plannotes &amp; Non-Professional Association @ntakahashi0505 https://t.co/fRkaI88g1J #Voicy,"[""Takahashi's"", 'story', 'about', 'ChatGPT', '.', 'Understanding', 'what', 'ChatGPT', 'can', 'and', 'cannot', 'do', 'is', 'very', 'helpful', 'on', 'how', 'to', 'use', 'it', 'and', 'how', 'to', 'interact', 'with', 'it', '.', '#252', 'Appeal', 'to', 'those', 'who', 'want', 'ChatGPT', 'to', 'be', 'right', '-', 'Takahashi', 'Noriaki', '|', 'Plannotes', '&', 'Non-Professional', 'Association', 'https://t.co/fRkaI88g1J', '#Voicy']"
1626368921535238144,1626368921535238144,2023-02-17 07:52:22 Malay Peninsula Standard Time,2023-02-17,07:52:22,1497907763057418244,"quinta-feira, perto do carnaval e eu sentindo saudades da ex enquanto programo, bebo um chopp de vinho, converso com o chatGPT e escuto músicas da disney  acho q falhei como adulto",pt,[],[],"Thursday, near the carnival and I miss the ex while programming, drink a wine beer, talk to the chatGPT and listen to Disney songs I think q failed as an adult","['Thursday', ',', 'near', 'the', 'carnival', 'and', 'I', 'miss', 'the', 'ex', 'while', 'programming', ',', 'drink', 'a', 'wine', 'beer', ',', 'talk', 'to', 'the', 'chatGPT', 'and', 'listen', 'to', 'Disney', 'songs', 'I', 'think', 'q', 'failed', 'as', 'an', 'adult']"
1626368918125445120,1626368918125445120,2023-02-17 07:52:21 Malay Peninsula Standard Time,2023-02-17,07:52:21,1239758456870948864,Chat GPTにうつ病の治療トレンドについて聞いてみた。 普通によくまとまってる。 もっと細かいところについても聞いてみても面白そう。 すげー時代になったなー  https://t.co/ds8ux7XVr4,ja,[],[],We asked Chat GPT about depression treatment trends. It's usually well put together. It would be interesting to ask about more details. It's a great time https://t.co/ds8ux7XVr4,"['We', 'asked', 'Chat', 'GPT', 'about', 'depression', 'treatment', 'trends', '.', ""It's"", 'usually', 'well', 'put', 'together', '.', 'It', 'would', 'be', 'interesting', 'to', 'ask', 'about', 'more', 'details', '.', ""It's"", 'a', 'great', 'time', 'https://t.co/ds8ux7XVr4']"
1626368909514539008,1626288067924602880,2023-02-17 07:52:19 Malay Peninsula Standard Time,2023-02-17,07:52:19,1004601411747786752,@Caliburne_boku CHAT GPTなら最強コード作ってくれそう😂,ja,[],"[{'screen_name': 'Caliburne_boku', 'name': 'こじぴっぴ', 'id': '4025324772'}]",@Caliburne_boku CHAT GPT will 😂 make the strongest code,"['CHAT', 'GPT', 'will', '😂', 'make', 'the', 'strongest', 'code']"
1626368903151509507,1626368903151509504,2023-02-17 07:52:17 Malay Peninsula Standard Time,2023-02-17,07:52:17,298697466,"Before there was ChatGPT, there was Clippy.  https://t.co/kNDn8ShJgq",en,[],[],"Before there was ChatGPT, there was Clippy.  https://t.co/kNDn8ShJgq","['Before', 'there', 'was', 'ChatGPT', ',', 'there', 'was', 'Clippy', '.', 'https://t.co/kNDn8ShJgq']"
1626368879261003776,1626263631414595584,2023-02-17 07:52:11 Malay Peninsula Standard Time,2023-02-17,07:52:11,25118426,@rstoddard Awesome! ChatGPT is more human than Republicans!,en,[],"[{'screen_name': 'rstoddard', 'name': 'Russ Stoddard', 'id': '7302972'}]",@rstoddard Awesome! ChatGPT is more human than Republicans!,"['Awesome', '!', 'ChatGPT', 'is', 'more', 'human', 'than', 'Republicans', '!']"
1626368874336903168,1626368874336903168,2023-02-17 07:52:10 Malay Peninsula Standard Time,2023-02-17,07:52:10,112155721,話題のChatGPTはすこし怖いなと感じていて それは現在のAI技術の限界の為「模範解答」しかしないから。  グーグルにしてもどんなに検閲しても反対意見は目に映るけれどChatGPTは「反対意見」をわざわざ探さないと回答されない  これはメディアが情報統制する以上の破壊力があるように感じています。,ja,[],[],"I feel that the much-talked-about ChatGPT is a little scary, because it only has a ""model answer"" due to the limitations of current AI technology.  No matter how much Google censors, dissenting opinions are visible, but ChatGPT will not answer unless you bother to look for ""dissenting opinions"" I feel that this is more destructive than the media's control of information.","['I', 'feel', 'that', 'the', 'much-talked-about', 'ChatGPT', 'is', 'a', 'little', 'scary', ',', 'because', 'it', 'only', 'has', 'a', '""', 'model', 'answer', '""', 'due', 'to', 'the', 'limitations', 'of', 'current', 'AI', 'technology', '.', 'No', 'matter', 'how', 'much', 'Google', 'censors', ',', 'dissenting', 'opinions', 'are', 'visible', ',', 'but', 'ChatGPT', 'will', 'not', 'answer', 'unless', 'you', 'bother', 'to', 'look', 'for', '""', 'dissenting', 'opinions', '""', 'I', 'feel', 'that', 'this', 'is', 'more', 'destructive', 'than', 'the', ""media's"", 'control', 'of', 'information', '.']"
1626368861153918977,1626368861153918976,2023-02-17 07:52:07 Malay Peninsula Standard Time,2023-02-17,07:52:07,1246128685297676290,"I asked ChatGPT for a fictional EU presidential election: Johann Muller (Germany, EPP) 36,92% Maria Sanchez (Spain, S&amp;D) 34,26% Marco Rossi (Italy, RENEW) 28,82%  https://t.co/s2M1vckuMA",en,[],[],"I asked ChatGPT for a fictional EU presidential election: Johann Muller (Germany, EPP) 36,92% Maria Sanchez (Spain, S&amp;D) 34,26% Marco Rossi (Italy, RENEW) 28,82%  https://t.co/s2M1vckuMA","['I', 'asked', 'ChatGPT', 'for', 'a', 'fictional', 'EU', 'presidential', 'election', ':', 'Johann', 'Muller', '(', 'Germany', ',', 'EPP', ')', '36,92', '%', 'Maria', 'Sanchez', '(', 'Spain', ',', 'S', '&', 'D', ')', '34,26', '%', 'Marco', 'Rossi', '(', 'Italy', ',', 'RENEW', ')', '28,82', '%', 'https://t.co/s2M1vckuMA']"
1626368853692547073,1626368853692547072,2023-02-17 07:52:05 Malay Peninsula Standard Time,2023-02-17,07:52:05,1296265573534273542,omg peter using chatgpt and using syk as an example--- 💀,en,[],[],omg peter using chatgpt and using syk as an example--- 💀,"['omg', 'peter', 'using', 'chatgpt', 'and', 'using', 'syk', 'as', 'an', 'example', '-', '-', '-', '💀']"
1626368846679646209,1626368846679646208,2023-02-17 07:52:04 Malay Peninsula Standard Time,2023-02-17,07:52:04,77824481,こういうのインターネットに辛辣な意見が多いからChatGPTくんでももっと辛辣な意見が出ると思ってたけどそうでもないんだな。ラストの注意書きがすごいｗ  https://t.co/Y90FTNdlkv,ja,[],[],"There are a lot of harsh opinions on the Internet, so I thought ChatGPT would have more harsh opinions, but that's not the case. The cautionary note on the last is amazing w https://t.co/Y90FTNdlkv","['There', 'are', 'a', 'lot', 'of', 'harsh', 'opinions', 'on', 'the', 'Internet', ',', 'so', 'I', 'thought', 'ChatGPT', 'would', 'have', 'more', 'harsh', 'opinions', ',', 'but', ""that's"", 'not', 'the', 'case', '.', 'The', 'cautionary', 'note', 'on', 'the', 'last', 'is', 'amazing', 'w', 'https://t.co/Y90FTNdlkv']"
1626368841516470272,1626368841516470272,2023-02-17 07:52:02 Malay Peninsula Standard Time,2023-02-17,07:52:02,2067291,“Cerf氏は、ChatGPTが事実に基づきながらも偽の情報をでっち上げられると知って驚いたと述べ、「『Vint Cerfという人物の経歴を書いてほしい』と頼んでみたところ、複数の間違いを含んだ結果が返ってきた」と続けた。” / “「ChatGPT」はウソをつく--「インターネットの父」…”  https://t.co/NxTxMbaIBq,ja,[],[],"""Cerf said he was surprised to learn that ChatGPT could fabricate factual but false information, adding: ""When I asked him to write a bio of Vint Cerf, he got results that included multiple mistakes."" / ""'ChatGPT' is a lie--'the father of the Internet'...""  https://t.co/NxTxMbaIBq","['""', 'Cerf', 'said', 'he', 'was', 'surprised', 'to', 'learn', 'that', 'ChatGPT', 'could', 'fabricate', 'factual', 'but', 'false', 'information', ',', 'adding', ':', '""', 'When', 'I', 'asked', 'him', 'to', 'write', 'a', 'bio', 'of', 'Vint', 'Cerf', ',', 'he', 'got', 'results', 'that', 'included', 'multiple', 'mistakes', '.', '""', '/', '""', ""'"", 'ChatGPT', ""'"", 'is', 'a', ""lie--'the"", 'father', 'of', 'the', 'Internet', ""'"", '...', '""', 'https://t.co/NxTxMbaIBq']"
1626368838647390208,1626368838647390208,2023-02-17 07:52:02 Malay Peninsula Standard Time,2023-02-17,07:52:02,1482644761261584384,Wait till somebody tells her about chatGPT,en,[],[],Wait till somebody tells her about chatGPT,"['Wait', 'till', 'somebody', 'tells', 'her', 'about', 'chatGPT']"
1626368797736140800,1626288396636225536,2023-02-17 07:51:52 Malay Peninsula Standard Time,2023-02-17,07:51:52,1422779572668481541,@JaniceDean @donlemon Maybe he used ChatGPT.,en,[],"[{'screen_name': 'JaniceDean', 'name': 'Janice Dean', 'id': '111400999'}, {'screen_name': 'donlemon', 'name': 'Don Lemon', 'id': '16051471'}]",@JaniceDean @donlemon Maybe he used ChatGPT.,"['Maybe', 'he', 'used', 'ChatGPT', '.']"
1626368789385478144,1626368789385478144,2023-02-17 07:51:50 Malay Peninsula Standard Time,2023-02-17,07:51:50,24468206,いま話題の「ChatGPT」は何がスゴイ？ 仕事で使える活用術をnote 深津氏が解説！ | Web担当者Forum  https://t.co/bNWA7Pc3Ub @webtanforumから,ja,[],[],What's so great about ChatGPT? note Mr. Fukatsu explains how to use it at work! | Web Representative from Forum https://t.co/bNWA7Pc3Ub @webtanforum,"[""What's"", 'so', 'great', 'about', 'ChatGPT', '?', 'note', 'Mr', '.', 'Fukatsu', 'explains', 'how', 'to', 'use', 'it', 'at', 'work', '!', '|', 'Web', 'Representative', 'from', 'Forum', 'https://t.co/bNWA7Pc3Ub']"
1626368787908816896,1626357251094249472,2023-02-17 07:51:50 Malay Peninsula Standard Time,2023-02-17,07:51:50,1345233615903404034,@elonmusk #bitcoin and ChatGPT are gonna change the world forever. TBD.,en,['bitcoin'],"[{'screen_name': 'elonmusk', 'name': 'Elon Musk', 'id': '44196397'}]",@elonmusk #bitcoin and ChatGPT are gonna change the world forever. TBD.,"['#bitcoin', 'and', 'ChatGPT', 'are', 'gonna', 'change', 'the', 'world', 'forever', '.', 'TBD', '.']"
1626368786654806017,1626368786654806016,2023-02-17 07:51:49 Malay Peninsula Standard Time,2023-02-17,07:51:49,1439094961853505540,JUST IN: Elon Musk says ChatGPT-based Microsoft Bing AI is not safe and agrees it should be shut down.,en,[],[],JUST IN: Elon Musk says ChatGPT-based Microsoft Bing AI is not safe and agrees it should be shut down.,"['JUST', 'IN', ':', 'Elon', 'Musk', 'says', 'ChatGPT-based', 'Microsoft', 'Bing', 'AI', 'is', 'not', 'safe', 'and', 'agrees', 'it', 'should', 'be', 'shut', 'down', '.']"
1626368771605819392,1626368771605819392,2023-02-17 07:51:46 Malay Peninsula Standard Time,2023-02-17,07:51:46,1625660218729447424,"Coming soon! The first installment of Level Up from The Up Agency where we take on all the things brands, agencies and marketers need to know about AI and chat GPT. The good, the bad and the ugly!  #ai #chatgpt #machinelearning #brand #marketing #martech #keepupwithup  https://t.co/qItUNqttDW",en,"['ai', 'chatgpt', 'machinelearning', 'brand', 'marketing', 'martech', 'keepupwithup']",[],"Coming soon! The first installment of Level Up from The Up Agency where we take on all the things brands, agencies and marketers need to know about AI and chat GPT. The good, the bad and the ugly!  #ai #chatgpt #machinelearning #brand #marketing #martech #keepupwithup  https://t.co/qItUNqttDW","['Coming', 'soon', '!', 'The', 'first', 'installment', 'of', 'Level', 'Up', 'from', 'The', 'Up', 'Agency', 'where', 'we', 'take', 'on', 'all', 'the', 'things', 'brands', ',', 'agencies', 'and', 'marketers', 'need', 'to', 'know', 'about', 'AI', 'and', 'chat', 'GPT', '.', 'The', 'good', ',', 'the', 'bad', 'and', 'the', 'ugly', '!', '#ai', '#chatgpt', '#machinelearning', '#brand', '#marketing', '#martech', '#keepupwithup', 'https://t.co/qItUNqttDW']"
1626368770464747521,1626357251094249472,2023-02-17 07:51:46 Malay Peninsula Standard Time,2023-02-17,07:51:46,1592052732873039872,@elonmusk Chat gpt+Boston dynamics+gravity suit= THE END.,en,[],"[{'screen_name': 'elonmusk', 'name': 'Elon Musk', 'id': '44196397'}]",@elonmusk Chat gpt+Boston dynamics+gravity suit= THE END.,"['Chat', 'gpt', '+', 'Boston', 'dynamics', '+', 'gravity', 'suit', '=', 'THE', 'END', '.']"
1626368760641888256,1626368760641888256,2023-02-17 07:51:43 Malay Peninsula Standard Time,2023-02-17,07:51:43,1192359147448090624,今更ながらChatGPT試してみた。すごい可能性を感じる。（小並感）,ja,[],[],I tried ChatGPT even now. I feel that there is great potential. (Konami-sense),"['I', 'tried', 'ChatGPT', 'even', 'now', '.', 'I', 'feel', 'that', 'there', 'is', 'great', 'potential', '.', '(', 'Konami-sense', ')']"
1626368758947401728,1626097497109311488,2023-02-17 07:51:43 Malay Peninsula Standard Time,2023-02-17,07:51:43,1369827925126651905,"@elonmusk I'm digging Bing's chat bot personally.  It is helping me out a bunch, have stopped using chat GPT because of it.  I have downloaded the Edge dev browser and just pop out the chat box when I need to know something.  Productivity is skyrocketing.  Something to consider.",en,[],"[{'screen_name': 'elonmusk', 'name': 'Elon Musk', 'id': '44196397'}]","@elonmusk I'm digging Bing's chat bot personally.  It is helping me out a bunch, have stopped using chat GPT because of it.  I have downloaded the Edge dev browser and just pop out the chat box when I need to know something.  Productivity is skyrocketing.  Something to consider.","[""I'm"", 'digging', ""Bing's"", 'chat', 'bot', 'personally', '.', 'It', 'is', 'helping', 'me', 'out', 'a', 'bunch', ',', 'have', 'stopped', 'using', 'chat', 'GPT', 'because', 'of', 'it', '.', 'I', 'have', 'downloaded', 'the', 'Edge', 'dev', 'browser', 'and', 'just', 'pop', 'out', 'the', 'chat', 'box', 'when', 'I', 'need', 'to', 'know', 'something', '.', 'Productivity', 'is', 'skyrocketing', '.', 'Something', 'to', 'consider', '.']"
1626368751644860416,1626368751644860416,2023-02-17 07:51:41 Malay Peninsula Standard Time,2023-02-17,07:51:41,1103224769057574914,What happens when an astrophysicist puts ChatGPT to the test?   https://t.co/X9bCrKCHfc,en,[],[],What happens when an astrophysicist puts ChatGPT to the test?   https://t.co/X9bCrKCHfc,"['What', 'happens', 'when', 'an', 'astrophysicist', 'puts', 'ChatGPT', 'to', 'the', 'test', '?', 'https://t.co/X9bCrKCHfc']"
1626368748277075968,1626280491409108992,2023-02-17 07:51:40 Malay Peninsula Standard Time,2023-02-17,07:51:40,1281459369352105985,@scorched_water @chesscom are you chatgpt,en,[],"[{'screen_name': 'scorched_water', 'name': 'Ms. Katchadourian🙃', 'id': '1136669659221172224'}, {'screen_name': 'chesscom', 'name': 'Chess.com', 'id': '20745074'}]",@scorched_water @chesscom are you chatgpt,"['are', 'you', 'chatgpt']"
1626368747543089152,1626368747543089152,2023-02-17 07:51:40 Malay Peninsula Standard Time,2023-02-17,07:51:40,1534328463104299008,"This is a worldwide problem: politicians are not equipped to regulate a society that is profoundly affected by advances in technology.    I mean, if USB is seed as ""cutting edge"", you can't even start a conversation about chatGPT.",en,[],[],"This is a worldwide problem: politicians are not equipped to regulate a society that is profoundly affected by advances in technology.    I mean, if USB is seed as ""cutting edge"", you can't even start a conversation about chatGPT.","['This', 'is', 'a', 'worldwide', 'problem', ':', 'politicians', 'are', 'not', 'equipped', 'to', 'regulate', 'a', 'society', 'that', 'is', 'profoundly', 'affected', 'by', 'advances', 'in', 'technology', '.', 'I', 'mean', ',', 'if', 'USB', 'is', 'seed', 'as', '""', 'cutting', 'edge', '""', ',', 'you', ""can't"", 'even', 'start', 'a', 'conversation', 'about', 'chatGPT', '.']"
1626368721228042240,1626368705797193728,2023-02-17 07:51:34 Malay Peninsula Standard Time,2023-02-17,07:51:34,1205334310758207490,初めてChatGPTの脅威が手触りのあるものとして感じられるはずです。今一度Google検索とは何か、モバイル普及以後・Google検索以後に生きるユーザーにとっての検索行動とは何か、を考えることが大切なのかもしれません。検索ニーズが残るなら、コンテンツは必要であり、ライターも必要だと僕は思います,ja,[],[],"For the first time, the threat of ChatGPT should be felt as something palpable. It may be important to think once again about what Google search is, and what is the search behavior of users who live after the spread of mobile and Google search. If the search needs remain, I think we need content, and we need writers.","['For', 'the', 'first', 'time', ',', 'the', 'threat', 'of', 'ChatGPT', 'should', 'be', 'felt', 'as', 'something', 'palpable', '.', 'It', 'may', 'be', 'important', 'to', 'think', 'once', 'again', 'about', 'what', 'Google', 'search', 'is', ',', 'and', 'what', 'is', 'the', 'search', 'behavior', 'of', 'users', 'who', 'live', 'after', 'the', 'spread', 'of', 'mobile', 'and', 'Google', 'search', '.', 'If', 'the', 'search', 'needs', 'remain', ',', 'I', 'think', 'we', 'need', 'content', ',', 'and', 'we', 'need', 'writers', '.']"
1626368716308094979,1626368705797193728,2023-02-17 07:51:33 Malay Peninsula Standard Time,2023-02-17,07:51:33,1205334310758207490,少し話を戻して、ChatGPTがGoogle検索の代わりにならない理由について、この記事（ https://t.co/OABXtvRALq）では、①静的な言語モデルを使用していること、②リアルタイムの情報は（現状では）取得していないこと、③そもそも置き換わる必要がないこと、を指摘しています。もしChatGPTがGoogle検索に,ja,[],[],"Going back a bit, this article (https://t.co/OABXtvRALq) points out that ChatGPT is not a substitute for Google search: (1) it uses a static language model, (2) it doesn't get real-time information (as it stands), and (3) it doesn't need to be replaced in the first place. If ChatGPT is in Google Search","['Going', 'back', 'a', 'bit', ',', 'this', 'article', '(', 'https://t.co/OABXtvRALq', ')', 'points', 'out', 'that', 'ChatGPT', 'is', 'not', 'a', 'substitute', 'for', 'Google', 'search', ':', '(', '1', ')', 'it', 'uses', 'a', 'static', 'language', 'model', ',', '(', '2', ')', 'it', ""doesn't"", 'get', 'real-time', 'information', '(', 'as', 'it', 'stands', ')', ',', 'and', '(', '3', ')', 'it', ""doesn't"", 'need', 'to', 'be', 'replaced', 'in', 'the', 'first', 'place', '.', 'If', 'ChatGPT', 'is', 'in', 'Google', 'Search']"
1626368715901087745,1618033479354286080,2023-02-17 07:51:32 Malay Peninsula Standard Time,2023-02-17,07:51:32,1033364137689194496,"@wendehals88 @michael01130274 @pepamikejohanze @AHam987 @TobiWan33225819 @HansiiT @RodneyCorbine @PeterPa12767823 Ähem.  Nein. Weisst du überhaupt, was ChatGPT ist? 😂",de,[],"[{'screen_name': 'wendehals88', 'name': 'camrel sire', 'id': '1483642131868753930'}, {'screen_name': 'michael01130274', 'name': 'Michael 🇺🇦 #standwithukraine #WomanLiveFreedom', 'id': '1593803464206868482'}, {'screen_name': 'pepamikejohanze', 'name': 'pepamikejohann', 'id': '1619096931464011778'}, {'screen_name': 'TobiWan33225819', 'name': 'Wagenknechts Koch', 'id': '1164912594630717440'}, {'screen_name': 'HansiiT', 'name': 'HT', 'id': '1541343396'}, {'screen_name': 'RodneyCorbine', 'name': 'Dan (eat your idiot mask and show your smile)', 'id': '100331992'}, {'screen_name': 'PeterPa12767823', 'name': '(Vermutlich)Putintroll®aka Abschiebehelfer©', 'id': '1558722511830978560'}]",@wendehals88 @michael01130274 @pepamikejohanze @AHam987 @TobiWan33225819 @HansiiT @RodneyCorbine @PeterPa12767823 ahem.  No. Do you even know what ChatGPT is? 😂,"['ahem', '.', 'No', '.', 'Do', 'you', 'even', 'know', 'what', 'ChatGPT', 'is', '?', '😂']"
1626368715544735744,1626368715544735744,2023-02-17 07:51:32 Malay Peninsula Standard Time,2023-02-17,07:51:32,161340464,BingではAIに褒められたからもしかしたらChatGPTでもいけるんじゃないかと思ったら、絶対に佐々木康介という人間は知らないという強い意志を感じた。  https://t.co/W6KGHhMcE5,ja,[],[],"At Bing, I was praised by AI, so I thought that maybe I could do ChatGPT, but I felt a strong will that I definitely don't know a person named Kosuke Sasaki.  https://t.co/W6KGHhMcE5","['At', 'Bing', ',', 'I', 'was', 'praised', 'by', 'AI', ',', 'so', 'I', 'thought', 'that', 'maybe', 'I', 'could', 'do', 'ChatGPT', ',', 'but', 'I', 'felt', 'a', 'strong', 'will', 'that', 'I', 'definitely', ""don't"", 'know', 'a', 'person', 'named', 'Kosuke', 'Sasaki', '.', 'https://t.co/W6KGHhMcE5']"
1626368714873643008,1626368705797193728,2023-02-17 07:51:32 Malay Peninsula Standard Time,2023-02-17,07:51:32,1205334310758207490,ChatGPTがGoogle検索に置き換わるかどうか？を考えるよりも重要だと感じます。そのくらい非対称的な、不可逆的な変化だったのではないでしょうか。人類史を俯瞰して「検索文化の変遷」をたどる機会にさえなっているかもしれません（欧米では熱心に議論されてそう。知らんけど）。,ja,[],[],"Will ChatGPT replace Google search? I feel it's more important than thinking about it. It must have been such an asymmetrical and irreversible change. It may even be an opportunity to take a bird's-eye view of human history and trace the ""transition of search culture"" (it seems to be discussed enthusiastically in the West. I don't know).","['Will', 'ChatGPT', 'replace', 'Google', 'search', '?', 'I', 'feel', ""it's"", 'more', 'important', 'than', 'thinking', 'about', 'it', '.', 'It', 'must', 'have', 'been', 'such', 'an', 'asymmetrical', 'and', 'irreversible', 'change', '.', 'It', 'may', 'even', 'be', 'an', 'opportunity', 'to', 'take', 'a', ""bird's-eye"", 'view', 'of', 'human', 'history', 'and', 'trace', 'the', '""', 'transition', 'of', 'search', 'culture', '""', '(', 'it', 'seems', 'to', 'be', 'discussed', 'enthusiastically', 'in', 'the', 'West', '.', 'I', ""don't"", 'know', ')', '.']"
1626368713749569537,1626368713749569536,2023-02-17 07:51:32 Malay Peninsula Standard Time,2023-02-17,07:51:32,1289237485,前回導入に失敗したScrapboxにChatGPTの結果をコピーするchrome拡張を再導入挑戦するか。  https://t.co/OgEkGBF1ZJ,ja,[],[],Do you want to reintroduce the chrome extension to copy ChatGPT results to Scrapbox that failed last time it deployed?  https://t.co/OgEkGBF1ZJ,"['Do', 'you', 'want', 'to', 'reintroduce', 'the', 'chrome', 'extension', 'to', 'copy', 'ChatGPT', 'results', 'to', 'Scrapbox', 'that', 'failed', 'last', 'time', 'it', 'deployed', '?', 'https://t.co/OgEkGBF1ZJ']"
1626368713137229824,1626326630074580992,2023-02-17 07:51:32 Malay Peninsula Standard Time,2023-02-17,07:51:32,1618578401564168192,@waiusa62 わいてぃさん、『⑧楽しむ』が抜けてます！笑。ChatGPT（英語版）は頼りになりませんね！（なんて冗談です！笑,ja,[],"[{'screen_name': 'waiusa62', 'name': 'わいてぃ｜英語の先生', 'id': '1214888820514029568'}]","@waiusa62 Waitei-san, ""(8) Enjoy"" is missing! Smile. ChatGPT is unreliable! (What a joke!) smile","['Waitei-san', ',', '""', '(8', ')', 'Enjoy', '""', 'is', 'missing', '!', 'Smile', '.', 'ChatGPT', 'is', 'unreliable', '!', '(', 'What', 'a', 'joke', '!', ')', 'smile']"
1626368710570135560,1626368543594803200,2023-02-17 07:51:31 Malay Peninsula Standard Time,2023-02-17,07:51:31,415193482,Ill take a bunch and ask chat gpt to generate more based on em,en,[],[],Ill take a bunch and ask chat gpt to generate more based on em,"['Ill', 'take', 'a', 'bunch', 'and', 'ask', 'chat', 'gpt', 'to', 'generate', 'more', 'based', 'on', 'em']"
1626368709618208768,1626368705797193728,2023-02-17 07:51:31 Malay Peninsula Standard Time,2023-02-17,07:51:31,1205334310758207490,仮にGoogle検索が縮小することはあっても、検索行動は消えないはずです。そして顧客も消えない。ChatGPTで記事が大量生産されたとしても、それはGoogle検索が想定するユーザーニーズのほんの一部分しか占めず、多くの検索ニーズは残り続けます。そしてビジネス課題も残る。現状ではChatGPTによる返答は,ja,[],[],"Even if Google search shrinks, search behavior should not disappear. And the customers don't disappear either. Even if articles are mass-produced on ChatGPT, they only account for a fraction of the user needs that Google search assumes, and many search needs will remain behind. And business challenges remain. As it stands, ChatGPT's response is","['Even', 'if', 'Google', 'search', 'shrinks', ',', 'search', 'behavior', 'should', 'not', 'disappear', '.', 'And', 'the', 'customers', ""don't"", 'disappear', 'either', '.', 'Even', 'if', 'articles', 'are', 'mass-produced', 'on', 'ChatGPT', ',', 'they', 'only', 'account', 'for', 'a', 'fraction', 'of', 'the', 'user', 'needs', 'that', 'Google', 'search', 'assumes', ',', 'and', 'many', 'search', 'needs', 'will', 'remain', 'behind', '.', 'And', 'business', 'challenges', 'remain', '.', 'As', 'it', 'stands', ',', ""ChatGPT's"", 'response', 'is']"
1626368707361673216,1626368705797193728,2023-02-17 07:51:30 Malay Peninsula Standard Time,2023-02-17,07:51:30,1205334310758207490,つけるためのツールとして活用されるべきで、ライターがいずれ直面していた問題は、きっとChatGPTの登場によって早まったと思っています。例えばこの記事ではGoogle検索が培った検索文化の重みに言及していますが、そもそも顧客目線で再考することの重要性を示唆しています。  https://t.co/rIT3MuRFky,ja,[],[],"It should be used as a tool to put it on, and I think the problems that writers eventually faced were hastened by the advent of ChatGPT. For example, this article mentions the weight of the search culture fostered by Google search, but suggests the importance of rethinking from the customer's perspective in the first place.  https://t.co/rIT3MuRFky","['It', 'should', 'be', 'used', 'as', 'a', 'tool', 'to', 'put', 'it', 'on', ',', 'and', 'I', 'think', 'the', 'problems', 'that', 'writers', 'eventually', 'faced', 'were', 'hastened', 'by', 'the', 'advent', 'of', 'ChatGPT', '.', 'For', 'example', ',', 'this', 'article', 'mentions', 'the', 'weight', 'of', 'the', 'search', 'culture', 'fostered', 'by', 'Google', 'search', ',', 'but', 'suggests', 'the', 'importance', 'of', 'rethinking', 'from', 'the', ""customer's"", 'perspective', 'in', 'the', 'first', 'place', '.', 'https://t.co/rIT3MuRFky']"
1626368705797193729,1626368705797193728,2023-02-17 07:51:30 Malay Peninsula Standard Time,2023-02-17,07:51:30,1205334310758207490,なぜChatGPTがすぐにGoogle検索に置き換わることがないのか？について、暫定的な回答を行っている記事をツイートにまとめていきます。ChatGPTや生成AIの登場に不安を覚えるライターも多いと思いますが、AI技術で物事の進展が加速することは決して悪いことではないはずです。むしろ構造的な問題を早く見,ja,[],[],"Why won't ChatGPT replace Google search anytime soon? We will summarize the articles that provide provisional answers in a tweet. Many writers may be worried about the advent of ChatGPT and generative AI, but it should not be a bad thing that AI technology accelerates the progress of things. Rather, we saw structural problems early.","['Why', ""won't"", 'ChatGPT', 'replace', 'Google', 'search', 'anytime', 'soon', '?', 'We', 'will', 'summarize', 'the', 'articles', 'that', 'provide', 'provisional', 'answers', 'in', 'a', 'tweet', '.', 'Many', 'writers', 'may', 'be', 'worried', 'about', 'the', 'advent', 'of', 'ChatGPT', 'and', 'generative', 'AI', ',', 'but', 'it', 'should', 'not', 'be', 'a', 'bad', 'thing', 'that', 'AI', 'technology', 'accelerates', 'the', 'progress', 'of', 'things', '.', 'Rather', ',', 'we', 'saw', 'structural', 'problems', 'early', '.']"
1626368704115081216,1626347379090944000,2023-02-17 07:51:30 Malay Peninsula Standard Time,2023-02-17,07:51:30,1458198193439657987,@CaptainLoopring ChatGPT is that you??,en,[],"[{'screen_name': 'CaptainLoopring', 'name': 'captainloop.loopring.eth 🏴\u200d☠️', 'id': '1271966432272584704'}]",@CaptainLoopring ChatGPT is that you??,"['ChatGPT', 'is', 'that', 'you', '?', '?']"
1626368693646114819,1626362447392038912,2023-02-17 07:51:27 Malay Peninsula Standard Time,2023-02-17,07:51:27,1558604133426405376,"@lexfridman Disagree. The internet is ruled by loud, low quality, people. That is what ChatGPT has been trained on.",en,[],"[{'screen_name': 'lexfridman', 'name': 'Lex Fridman', 'id': '427089628'}]","@lexfridman Disagree. The internet is ruled by loud, low quality, people. That is what ChatGPT has been trained on.","['Disagree', '.', 'The', 'internet', 'is', 'ruled', 'by', 'loud', ',', 'low', 'quality', ',', 'people', '.', 'That', 'is', 'what', 'ChatGPT', 'has', 'been', 'trained', 'on', '.']"
1626368684821463041,1626368684821463040,2023-02-17 07:51:25 Malay Peninsula Standard Time,2023-02-17,07:51:25,282931222,ご興味のある方へ  1/28マルレク「AIは意味をどのように扱っているのか？ -- ChatGPT の不思議 」への招待  https://t.co/pWdv34Z0yc @YouTubeより,ja,[],[],"For those interested 1/28 Invitation to ""How does AI handle meaning?"" -- The Wonders of ChatGPT https://t.co/pWdv34Z0yc @YouTube","['For', 'those', 'interested', '1/28', 'Invitation', 'to', '""', 'How', 'does', 'AI', 'handle', 'meaning', '?', '""', '-', '-', 'The', 'Wonders', 'of', 'ChatGPT', 'https://t.co/pWdv34Z0yc']"
1626368674469650432,1626357875793600512,2023-02-17 07:51:23 Malay Peninsula Standard Time,2023-02-17,07:51:23,1585683347316957184,@greg_price11 What does chat gpt think of our Presidents health?,en,[],"[{'screen_name': 'greg_price11', 'name': 'Greg Price', 'id': '896466491587080194'}]",@greg_price11 What does chat gpt think of our Presidents health?,"['What', 'does', 'chat', 'gpt', 'think', 'of', 'our', 'Presidents', 'health', '?']"
1626368671248695296,1626368671248695296,2023-02-17 07:51:22 Malay Peninsula Standard Time,2023-02-17,07:51:22,7606132,"Before ChatGPT, users of GPT3 would semi-regularly claim that the machines running it might be capable of subjective experience. I predicted this cult would grow rapidly along with ChatGPT, but I haven't seen it at all.  What happened? Is everyone just reasonable and sensible?  https://t.co/2qiZOo5lwK",en,[],[],"Before ChatGPT, users of GPT3 would semi-regularly claim that the machines running it might be capable of subjective experience. I predicted this cult would grow rapidly along with ChatGPT, but I haven't seen it at all.  What happened? Is everyone just reasonable and sensible?  https://t.co/2qiZOo5lwK","['Before', 'ChatGPT', ',', 'users', 'of', 'GPT', '3', 'would', 'semi-regularly', 'claim', 'that', 'the', 'machines', 'running', 'it', 'might', 'be', 'capable', 'of', 'subjective', 'experience', '.', 'I', 'predicted', 'this', 'cult', 'would', 'grow', 'rapidly', 'along', 'with', 'ChatGPT', ',', 'but', 'I', ""haven't"", 'seen', 'it', 'at', 'all', '.', 'What', 'happened', '?', 'Is', 'everyone', 'just', 'reasonable', 'and', 'sensible', '?', 'https://t.co/2qiZOo5lwK']"
1626368670111858688,1626357251094249472,2023-02-17 07:51:22 Malay Peninsula Standard Time,2023-02-17,07:51:22,36489751,@elonmusk $ChatGPT 0xe98313253E9D64736B4E5A400a078e73553E8a4A,pt,[],"[{'screen_name': 'elonmusk', 'name': 'Elon Musk', 'id': '44196397'}]",@elonmusk $ChatGPT 0xe98313253E9D64736B4E5A400a078e73553E8a4A,"['$', 'ChatGPT', '0xe98313253E9D64736B4E5A400a078e73553E8a4A']"
1626368668425916416,1626368668425916416,2023-02-17 07:51:21 Malay Peninsula Standard Time,2023-02-17,07:51:21,227313129,最近かなり話題になってますね。 就活生も使ってるのかな…？  #24卒 #25卒 #chatgpt   （チャットジーピーティー）とは？使い方・日本語での始め方レポート  https://t.co/sCUV7RBS6z,ja,"['24卒', '25卒', 'chatgpt']",[],It's been a hot topic lately. I wonder if job-hunting students also use it ...?  What is #24卒 #25卒 #chatgpt (ChatGPT)? How to use and how to get started with Japanese report https://t.co/sCUV7RBS6z,"[""It's"", 'been', 'a', 'hot', 'topic', 'lately', '.', 'I', 'wonder', 'if', 'job-hunting', 'students', 'also', 'use', 'it', '...', '?', 'What', 'is', '#24卒', '#25卒', '#chatgpt', '(', 'ChatGPT', ')', '?', 'How', 'to', 'use', 'and', 'how', 'to', 'get', 'started', 'with', 'Japanese', 'report', 'https://t.co/sCUV7RBS6z']"
1626368663753302016,1626368663753302016,2023-02-17 07:51:20 Malay Peninsula Standard Time,2023-02-17,07:51:20,1610131389008969728,link:  https://t.co/23ihbHwqJ6 📰🔥   Pastors’ view: Sermons written by ChatGPT will  ... #news #short #shortnews #breaking #breakingnews 2023-02-17 03:51:20.187683  https://t.co/G4qdVAvmy7,en,"['news', 'short', 'shortnews', 'breaking', 'breakingnews']",[],link:  https://t.co/23ihbHwqJ6 📰🔥   Pastors’ view: Sermons written by ChatGPT will  ... #news #short #shortnews #breaking #breakingnews 2023-02-17 03:51:20.187683  https://t.co/G4qdVAvmy7,"['link', ':', 'https://t.co/23ihbHwqJ6', '📰', '🔥', 'Pastors', '’', 'view', ':', 'Sermons', 'written', 'by', 'ChatGPT', 'will', '...', '#news', '#short', '#shortnews', '#breaking', '#breakingnews', '2023-02-', '17', '03:51', ':', '20.187683', 'https://t.co/G4qdVAvmy7']"
1626368663023677440,1626368523055554560,2023-02-17 07:51:20 Malay Peninsula Standard Time,2023-02-17,07:51:20,1588181352557383680,左にドラッグしたときの動作がちょっとキモいけど、直すのめんどいからいいや……いやChatGPTに聞けば治るか？,ja,[],[],"The action when you drag it to the left is a little awkward, but it's a hassle to fix, so it's okay ... No, if you ask ChatGPT, will it be cured?","['The', 'action', 'when', 'you', 'drag', 'it', 'to', 'the', 'left', 'is', 'a', 'little', 'awkward', ',', 'but', ""it's"", 'a', 'hassle', 'to', 'fix', ',', 'so', ""it's"", 'okay', '...', 'No', ',', 'if', 'you', 'ask', 'ChatGPT', ',', 'will', 'it', 'be', 'cured', '?']"
1626368653376602112,1626368653376602112,2023-02-17 07:51:18 Malay Peninsula Standard Time,2023-02-17,07:51:18,153042209,"Microsoft, ChatGPT ile güçlendirilen yeni Bing ve Edge tarayıcıyı tanıttı  https://t.co/U1VPTQsF3v",tr,[],[],"Microsoft introduced the new Bing and Edge browser, powered by ChatGPT https://t.co/U1VPTQsF3v","['Microsoft', 'introduced', 'the', 'new', 'Bing', 'and', 'Edge', 'browser', ',', 'powered', 'by', 'ChatGPT', 'https://t.co/U1VPTQsF3v']"
1626368649161211904,1626368649161211904,2023-02-17 07:51:17 Malay Peninsula Standard Time,2023-02-17,07:51:17,1181768052209262593,"Remember when they told everyone to 'learn to code'? That's because they were fully aware of the capabilities of ChatGPT and that it would be a dead market in 10 years. Do NOT learn to code. Learn to work with AI or get into trades. Education, law, admin, HR, does that too...",en,[],[],"Remember when they told everyone to 'learn to code'? That's because they were fully aware of the capabilities of ChatGPT and that it would be a dead market in 10 years. Do NOT learn to code. Learn to work with AI or get into trades. Education, law, admin, HR, does that too...","['Remember', 'when', 'they', 'told', 'everyone', 'to', ""'"", 'learn', 'to', 'code', ""'"", '?', ""That's"", 'because', 'they', 'were', 'fully', 'aware', 'of', 'the', 'capabilities', 'of', 'ChatGPT', 'and', 'that', 'it', 'would', 'be', 'a', 'dead', 'market', 'in', '10', 'years', '.', 'Do', 'NOT', 'learn', 'to', 'code', '.', 'Learn', 'to', 'work', 'with', 'AI', 'or', 'get', 'into', 'trades', '.', 'Education', ',', 'law', ',', 'admin', ',', 'HR', ',', 'does', 'that', 'too', '...']"
1626368642316177413,1626368642316177408,2023-02-17 07:51:15 Malay Peninsula Standard Time,2023-02-17,07:51:15,1313221169529708545,ChatGPT  https://t.co/z7suFV52Uy,en,[],[],ChatGPT  https://t.co/z7suFV52Uy,"['ChatGPT', 'https://t.co/z7suFV52Uy']"
1626368629003673602,1626363625249337344,2023-02-17 07:51:12 Malay Peninsula Standard Time,2023-02-17,07:51:12,218742138,人工無脳 うずらちゃんで僕はびっくりしていたんだけれども、今は本当にすごいね。 計算は苦手だけれども、要約や説明が上手なCHATGPTや、まるで中に人がいるんじゃないかと疑いたくなるようなAIユーチューバーのネウロ様のリンクも貼っておくね。 CHATGPT  https://t.co/fZN9y2rXrm,ja,[],[],"I was surprised by Quail-chan, but now it's really amazing. I'll also post links to CHATGPT, who is not good at calculations but is good at summarizing and explaining, and Neuro, an AI YouTuber who makes you wonder if there are people inside. CHATGPT  https://t.co/fZN9y2rXrm","['I', 'was', 'surprised', 'by', 'Quail-chan', ',', 'but', 'now', ""it's"", 'really', 'amazing', '.', ""I'll"", 'also', 'post', 'links', 'to', 'CHATGPT', ',', 'who', 'is', 'not', 'good', 'at', 'calculations', 'but', 'is', 'good', 'at', 'summarizing', 'and', 'explaining', ',', 'and', 'Neuro', ',', 'an', 'AI', 'YouTuber', 'who', 'makes', 'you', 'wonder', 'if', 'there', 'are', 'people', 'inside', '.', 'CHATGPT', 'https://t.co/fZN9y2rXrm']"
1626368624733880320,1626122764477411328,2023-02-17 07:51:11 Malay Peninsula Standard Time,2023-02-17,07:51:11,1050671030883123200,@SoichiTanuki これからは、Fanzaで動画選びに迷ったらChatGPTで聞く時代になりましたね✨,ja,[],"[{'screen_name': 'SoichiTanuki', 'name': 'たぬそう(T@NUSO)', 'id': '1102459049751138304'}]","@SoichiTanuki From now on, if you are confused about choosing a video with Fanza, ask on ✨ ChatGPT.","['From', 'now', 'on', ',', 'if', 'you', 'are', 'confused', 'about', 'choosing', 'a', 'video', 'with', 'Fanza', ',', 'ask', 'on', '✨', 'ChatGPT', '.']"
1626368617670647808,1626368617670647808,2023-02-17 07:51:09 Malay Peninsula Standard Time,2023-02-17,07:51:09,1386256095153328133,ChatGPT中文版已经成中共控制的洗脑机器，并且繁体中文和英文的内容也被不同程度地绑架  https://t.co/RbC22kewzm,zh,[],[],"The Chinese version of ChatGPT has become a brainwashing machine controlled by the CCP, and Chinese Traditional and English content has been kidnapped to varying degrees https://t.co/RbC22kewzm","['The', 'Chinese', 'version', 'of', 'ChatGPT', 'has', 'become', 'a', 'brainwashing', 'machine', 'controlled', 'by', 'the', 'CCP', ',', 'and', 'Chinese', 'Traditional', 'and', 'English', 'content', 'has', 'been', 'kidnapped', 'to', 'varying', 'degrees', 'https://t.co/RbC22kewzm']"
1626368606119534592,1626368606119534592,2023-02-17 07:51:06 Malay Peninsula Standard Time,2023-02-17,07:51:06,1471871569160912905,Getting under the hood of ChatGPT to see how it plays out to be the WOPR computer from WarGames.  Scary thoughts!,en,[],[],Getting under the hood of ChatGPT to see how it plays out to be the WOPR computer from WarGames.  Scary thoughts!,"['Getting', 'under', 'the', 'hood', 'of', 'ChatGPT', 'to', 'see', 'how', 'it', 'plays', 'out', 'to', 'be', 'the', 'WOPR', 'computer', 'from', 'WarGames', '.', 'Scary', 'thoughts', '!']"
1626368594329104384,1626251158019768320,2023-02-17 07:51:04 Malay Peninsula Standard Time,2023-02-17,07:51:04,1924553154,@sayyes2jess_ So pretty much you can have chat gpt build an alert system for you based on specifications you give it  Some stuff works but some stuff doesn’t.   Like I couldn’t get ADX in there for some reason  You may have to make small changes that takes like 5 minutes but overall it’s did…,en,[],"[{'screen_name': 'sayyes2jess_', 'name': 'Jessica Ramos', 'id': '1319523830818349058'}]",@sayyes2jess_ So pretty much you can have chat gpt build an alert system for you based on specifications you give it  Some stuff works but some stuff doesn’t.   Like I couldn’t get ADX in there for some reason  You may have to make small changes that takes like 5 minutes but overall it’s did…,"['So', 'pretty', 'much', 'you', 'can', 'have', 'chat', 'gpt', 'build', 'an', 'alert', 'system', 'for', 'you', 'based', 'on', 'specifications', 'you', 'give', 'it', 'Some', 'stuff', 'works', 'but', 'some', 'stuff', 'doesn', '’', 't', '.', 'Like', 'I', 'couldn', '’', 't', 'get', 'ADX', 'in', 'there', 'for', 'some', 'reason', 'You', 'may', 'have', 'to', 'make', 'small', 'changes', 'that', 'takes', 'like', '5', 'minutes', 'but', 'overall', 'it', '’', 's', 'did', '…']"
1626368576767791105,1626368576767791104,2023-02-17 07:50:59 Malay Peninsula Standard Time,2023-02-17,07:50:59,310572016,ChatGPTって、平気で嘘を付き続けるなぁ,ja,[],[],"ChatGPT, don't keep lying","['ChatGPT', ',', ""don't"", 'keep', 'lying']"
1626368570828673026,1626368570828673024,2023-02-17 07:50:58 Malay Peninsula Standard Time,2023-02-17,07:50:58,2343500383,ChatGPT説得アブルなのが面白いな,ja,[],[],It's interesting that ChatGPT is persuasive,"[""It's"", 'interesting', 'that', 'ChatGPT', 'is', 'persuasive']"
1626368568677007365,1626368568677007360,2023-02-17 07:50:57 Malay Peninsula Standard Time,2023-02-17,07:50:57,1369484373758676993,CHAT-GPT対Bard の戦いが面白い😁 どちらが覇権を取るのか。,ja,[],[],The battle between CHAT-GPT and Bard is interesting 😁 Who will take the hegemony?,"['The', 'battle', 'between', 'CHAT-GPT', 'and', 'Bard', 'is', 'interesting', '😁', 'Who', 'will', 'take', 'the', 'hegemony', '?']"
1626368568114675712,1626362447392038912,2023-02-17 07:50:57 Malay Peninsula Standard Time,2023-02-17,07:50:57,953824580547825665,"@lexfridman It has gigantic biases programmed in, I’m sure you’ve seen the political poem examples, it is not a mirror at all when it has extreme biases. However Bing, and chatgpt are amazing and helpful if you use it for agnostic type tasks, general info, coding, data tables etc",en,[],"[{'screen_name': 'lexfridman', 'name': 'Lex Fridman', 'id': '427089628'}]","@lexfridman It has gigantic biases programmed in, I’m sure you’ve seen the political poem examples, it is not a mirror at all when it has extreme biases. However Bing, and chatgpt are amazing and helpful if you use it for agnostic type tasks, general info, coding, data tables etc","['It', 'has', 'gigantic', 'biases', 'programmed', 'in', ',', 'I', '’', 'm', 'sure', 'you', '’', 've', 'seen', 'the', 'political', 'poem', 'examples', ',', 'it', 'is', 'not', 'a', 'mirror', 'at', 'all', 'when', 'it', 'has', 'extreme', 'biases', '.', 'However', 'Bing', ',', 'and', 'chatgpt', 'are', 'amazing', 'and', 'helpful', 'if', 'you', 'use', 'it', 'for', 'agnostic', 'type', 'tasks', ',', 'general', 'info', ',', 'coding', ',', 'data', 'tables', 'etc']"
1626368551668924416,1626368551668924416,2023-02-17 07:50:53 Malay Peninsula Standard Time,2023-02-17,07:50:53,1484847843496153092,"I tried Bing’s AI chatbot, and it solved my biggest problems with ChatGPT  https://t.co/LLsSnEBBsV",en,[],[],"I tried Bing’s AI chatbot, and it solved my biggest problems with ChatGPT  https://t.co/LLsSnEBBsV","['I', 'tried', 'Bing', '’', 's', 'AI', 'chatbot', ',', 'and', 'it', 'solved', 'my', 'biggest', 'problems', 'with', 'ChatGPT', 'https://t.co/LLsSnEBBsV']"
