id,conversation_id,created_at,date,time,user_id,tweet,language,hashtags,reply_to,translated_text,tokenized_text
1629979830040121345,1629979830040121344,2023-02-27 07:00:49 Malay Peninsula Standard Time,2023-02-27,07:00:49,477277959,英伟达和其他芯片公司竞相追逐ChatGPT商机  https://t.co/URJtbXsB8a,zh,[],[],Nvidia and other chip companies are racing to chase the ChatGPT business opportunity https://t.co/URJtbXsB8a,"['Nvidia', 'and', 'other', 'chip', 'companies', 'are', 'racing', 'to', 'chase', 'the', 'ChatGPT', 'business', 'opportunity', 'https://t.co/URJtbXsB8a']"
1629979813782986753,1629959132034867200,2023-02-27 07:00:45 Malay Peninsula Standard Time,2023-02-27,07:00:45,709487793530138624,@LaunaticaFan A mi me da miedo porque es una tecnología que esta disponible para todo el mundo y creo que dará para más cosas malas aunque ahora no las veamos más allá de chatgpt o las imágenes,es,[],"[{'screen_name': 'LaunaticaFan', 'name': 'Susana', 'id': '776419507'}]",@LaunaticaFan I'm afraid because it's a technology that is available to everyone and I think it will give for more bad things even if now we don't see them beyond chatgpt or images.,"[""I'm"", 'afraid', 'because', ""it's"", 'a', 'technology', 'that', 'is', 'available', 'to', 'everyone', 'and', 'I', 'think', 'it', 'will', 'give', 'for', 'more', 'bad', 'things', 'even', 'if', 'now', 'we', ""don't"", 'see', 'them', 'beyond', 'chatgpt', 'or', 'images', '.']"
1629979809328795649,1629979809328795648,2023-02-27 07:00:44 Malay Peninsula Standard Time,2023-02-27,07:00:44,273966042,Chat-GPTやばい。MOSFETに関する細かい質問にも答えてくれる。合っているかは知らぬ。,ja,[],[],Chat-GPT yabai. It also answers detailed questions about MOSFETs. I don't know if it's right.,"['Chat-GPT', 'yabai', '.', 'It', 'also', 'answers', 'detailed', 'questions', 'about', 'MOSFETs', '.', 'I', ""don't"", 'know', 'if', ""it's"", 'right', '.']"
1629979803045748736,1629979803045748736,2023-02-27 07:00:43 Malay Peninsula Standard Time,2023-02-27,07:00:43,5394062,ChatGPTに質問してコツを聞けた人と ガセねた掴まされた人も入れて4パターンくらいの見たいです！,ja,[],[],"I would like to see about 4 patterns, including those who were able to ask ChatGPT questions and ask for tips, and those who were grabbed by the gase!","['I', 'would', 'like', 'to', 'see', 'about', '4', 'patterns', ',', 'including', 'those', 'who', 'were', 'able', 'to', 'ask', 'ChatGPT', 'questions', 'and', 'ask', 'for', 'tips', ',', 'and', 'those', 'who', 'were', 'grabbed', 'by', 'the', 'gase', '!']"
1629979784326549505,1629746105616564224,2023-02-27 07:00:38 Malay Peninsula Standard Time,2023-02-27,07:00:38,293319499,Sometimes #ChatGPT summarizes quite well. I think the best is to cross-check whatsoever is thrown to you by the AI.  https://t.co/VrYNfPoq1W,en,['chatgpt'],[],Sometimes #ChatGPT summarizes quite well. I think the best is to cross-check whatsoever is thrown to you by the AI.  https://t.co/VrYNfPoq1W,"['Sometimes', '#ChatGPT', 'summarizes', 'quite', 'well', '.', 'I', 'think', 'the', 'best', 'is', 'to', 'cross-check', 'whatsoever', 'is', 'thrown', 'to', 'you', 'by', 'the', 'AI', '.', 'https://t.co/VrYNfPoq1W']"
1629979777863155712,1629979777863155712,2023-02-27 07:00:37 Malay Peninsula Standard Time,2023-02-27,07:00:37,921324629293088768,👑【週間ニュートピ！ ゆるいニュースランキング 更新】 先週の第１位のニュースは145337ポイント獲得の『ChatGPTに感情回路を埋め込ん...』となりました！  週間ニュートピ！ゆるいニュースランキングTOP25 | 2023年2月第4週目  https://t.co/KQIAjZJJCZ,ja,[],[],"👑 [Weekly Newtopi! ] Loose News Ranking Update] Last week's No. 1 news was ""Embedding an emotional circuit in ChatGPT..."" with 145337 points!  Weekly Newtopi! Top 25 Loose News Rankings | 4th week of February 2023 https://t.co/KQIAjZJJCZ","['👑', '[', 'Weekly', 'Newtopi', '!', ']', 'Loose', 'News', 'Ranking', 'Update', ']', 'Last', ""week's"", 'No', '.', '1', 'news', 'was', '""', 'Embedding', 'an', 'emotional', 'circuit', 'in', 'ChatGPT', '...', '""', 'with', '145337', 'points', '!', 'Weekly', 'Newtopi', '!', 'Top', '25', 'Loose', 'News', 'Rankings', '|', '4th', 'week', 'of', 'February', '2023', 'https://t.co/KQIAjZJJCZ']"
1629979769872818176,1629979769872818176,2023-02-27 07:00:35 Malay Peninsula Standard Time,2023-02-27,07:00:35,14312391,"ICYMI: AI has the potential to change the world in which we work and live. If you’ve been paying attention, you know that AI-related transformation is already happening, and the legal industry is not immune.  https://t.co/LmcrQpGyYg #legaltech #ChatGPT @nikiblack @MyCaseInc",en,"['legaltech', 'chatgpt']",[],"ICYMI: AI has the potential to change the world in which we work and live. If you’ve been paying attention, you know that AI-related transformation is already happening, and the legal industry is not immune.  https://t.co/LmcrQpGyYg #legaltech #ChatGPT @nikiblack @MyCaseInc","['ICYMI', ':', 'AI', 'has', 'the', 'potential', 'to', 'change', 'the', 'world', 'in', 'which', 'we', 'work', 'and', 'live', '.', 'If', 'you', '’', 've', 'been', 'paying', 'attention', ',', 'you', 'know', 'that', 'AI-related', 'transformation', 'is', 'already', 'happening', ',', 'and', 'the', 'legal', 'industry', 'is', 'not', 'immune', '.', 'https://t.co/LmcrQpGyYg', '#legaltech', '#ChatGPT']"
1629979769776508929,1629979769776508928,2023-02-27 07:00:35 Malay Peninsula Standard Time,2023-02-27,07:00:35,4635975621,I asked ChatGPT to help me plan a vacation. Here’s what happened next  https://t.co/nFpgvFFji2  https://t.co/tzvf26qi9o,en,[],[],I asked ChatGPT to help me plan a vacation. Here’s what happened next  https://t.co/nFpgvFFji2  https://t.co/tzvf26qi9o,"['I', 'asked', 'ChatGPT', 'to', 'help', 'me', 'plan', 'a', 'vacation', '.', 'Here', '’', 's', 'what', 'happened', 'next', 'https://t.co/nFpgvFFji2', 'https://t.co/tzvf26qi9o']"
1629979768816017408,1629979768816017408,2023-02-27 07:00:35 Malay Peninsula Standard Time,2023-02-27,07:00:35,3189836857,テンプレートはコピペOKなので、手軽に利用できる点も魅力的です。台本や質問の作成に時間をかけることなく、簡単に良質な質問を投稿することができます。  誰でも・簡単・コピペOK「ChatGPT魔法の質問テンプレート」｜ひよこ🐥YouTube分析 @samune_tips #note  https://t.co/vQJEWkNgRl,ja,['note'],[],"The template can be copied and pasted, so it is also attractive that it can be used easily. You can easily post good questions without spending time creating scripts and questions.  Anyone / Easy / Copy and Paste OK ""ChatGPT Magic Question Template"" | Chick 🐥YouTube Analysis @samune_tips #note https://t.co/vQJEWkNgRl","['The', 'template', 'can', 'be', 'copied', 'and', 'pasted', ',', 'so', 'it', 'is', 'also', 'attractive', 'that', 'it', 'can', 'be', 'used', 'easily', '.', 'You', 'can', 'easily', 'post', 'good', 'questions', 'without', 'spending', 'time', 'creating', 'scripts', 'and', 'questions', '.', 'Anyone', '/', 'Easy', '/', 'Copy', 'and', 'Paste', 'OK', '""', 'ChatGPT', 'Magic', 'Question', 'Template', '""', '|', 'Chick', '🐥', 'YouTube', 'Analysis', '#note', 'https://t.co/vQJEWkNgRl']"
1629979766588866560,1629979766588866560,2023-02-27 07:00:34 Malay Peninsula Standard Time,2023-02-27,07:00:34,1621775125799477248,I asked ChatGPT to help me plan a vacation. Here’s what happened next  https://t.co/O6OOUgqYAo #NewYorkCity #Italy #London #France #SouthAfrica,en,"['newyorkcity', 'italy', 'london', 'france', 'southafrica']",[],I asked ChatGPT to help me plan a vacation. Here’s what happened next  https://t.co/O6OOUgqYAo #NewYorkCity #Italy #London #France #SouthAfrica,"['I', 'asked', 'ChatGPT', 'to', 'help', 'me', 'plan', 'a', 'vacation', '.', 'Here', '’', 's', 'what', 'happened', 'next', 'https://t.co/O6OOUgqYAo', '#NewYorkCity', '#Italy', '#London', '#France', '#SouthAfrica']"
1629979759844425730,1629800608902402048,2023-02-27 07:00:32 Malay Peninsula Standard Time,2023-02-27,07:00:32,941562344731172864,"@remonwangxt 我问了个历史问题，chatgpt说白起是楚国的,我说他是秦国的，它立马纠正过来了",zh,[],"[{'screen_name': 'remonwangxt', 'name': '变态辣椒RebelPepper', 'id': '245354027'}]","@remonwangxt I asked a historical question, and chatGPT said that Baiqi was from the State of Chu, and I said that he was from the State of Qin, and it was immediately corrected","['I', 'asked', 'a', 'historical', 'question', ',', 'and', 'chatGPT', 'said', 'that', 'Baiqi', 'was', 'from', 'the', 'State', 'of', 'Chu', ',', 'and', 'I', 'said', 'that', 'he', 'was', 'from', 'the', 'State', 'of', 'Qin', ',', 'and', 'it', 'was', 'immediately', 'corrected']"
1629979741745987584,1629979741745987584,2023-02-27 07:00:28 Malay Peninsula Standard Time,2023-02-27,07:00:28,14183105,¿Puede ChatGPT ser su coautor? ESPAÑA — CONOZCA LAS TECNOLOGÍAS Y APLICACIONES DE ChatGP.  Haga clic en este enlace para ver el artículo completo -   https://t.co/UyftmKnmvM   #ChatGTP  #Chatbots  #ArtificialIntelligence #InteligenciaArtificial  #AI #ESPANA #espanol  https://t.co/KnmC5LWwYq,es,"['chatgtp', 'chatbots', 'artificialintelligence', 'inteligenciaartificial', 'ai', 'espana', 'espanol']",[],Can ChatGPT be your co-author? SPAIN — LEARN ABOUT ChatGP technologies and applications.  Click on this link to view the full article - https://t.co/UyftmKnmvM #ChatGTP #Chatbots #ArtificialIntelligence #InteligenciaArtificial #AI #ESPANA #espanol https://t.co/KnmC5LWwYq,"['Can', 'ChatGPT', 'be', 'your', 'co-author', '?', 'SPAIN', '—', 'LEARN', 'ABOUT', 'ChatGP', 'technologies', 'and', 'applications', '.', 'Click', 'on', 'this', 'link', 'to', 'view', 'the', 'full', 'article', '-', 'https://t.co/UyftmKnmvM', '#ChatGTP', '#Chatbots', '#ArtificialIntelligence', '#InteligenciaArtificial', '#AI', '#ESPANA', '#espanol', 'https://t.co/KnmC5LWwYq']"
1629979741578227713,1629979741578227712,2023-02-27 07:00:28 Malay Peninsula Standard Time,2023-02-27,07:00:28,1159799683293704194,ChatGPT に休暇の計画を手伝ってもらいました。次に起こったことは次のとおりです https://t.co/S0vlUnI68f  #chatgpt   https://t.co/TLFzgoFrwf,ja,['chatgpt'],[],ChatGPT helped me plan my vacation. Here's what happened next https://t.co/S0vlUnI68f #chatgpt https://t.co/TLFzgoFrwf,"['ChatGPT', 'helped', 'me', 'plan', 'my', 'vacation', '.', ""Here's"", 'what', 'happened', 'next', 'https://t.co/S0vlUnI68f', '#chatgpt', 'https://t.co/TLFzgoFrwf']"
1629979738922942466,1629979738922942464,2023-02-27 07:00:27 Malay Peninsula Standard Time,2023-02-27,07:00:27,317632729,You can now get priority access to #ChatGPT for $20 per month.  https://t.co/abY1faNjhh  https://t.co/h2DMHFJA43,en,['chatgpt'],[],You can now get priority access to #ChatGPT for $20 per month.  https://t.co/abY1faNjhh  https://t.co/h2DMHFJA43,"['You', 'can', 'now', 'get', 'priority', 'access', 'to', '#ChatGPT', 'for', '$', '20', 'per', 'month', '.', 'https://t.co/abY1faNjhh', 'https://t.co/h2DMHFJA43']"
1629979736960032768,1629979736960032768,2023-02-27 07:00:27 Malay Peninsula Standard Time,2023-02-27,07:00:27,801455870169190400,"As a markets reporter, Phil Rosen is always looking to learn more about the topics he covers. He asked  ChatGPT what books the viral language modeling tool would recommend for someone interested in investing.  https://t.co/C4SF3uffTk  https://t.co/3JPPYsOWqv",en,[],[],"As a markets reporter, Phil Rosen is always looking to learn more about the topics he covers. He asked  ChatGPT what books the viral language modeling tool would recommend for someone interested in investing.  https://t.co/C4SF3uffTk  https://t.co/3JPPYsOWqv","['As', 'a', 'markets', 'reporter', ',', 'Phil', 'Rosen', 'is', 'always', 'looking', 'to', 'learn', 'more', 'about', 'the', 'topics', 'he', 'covers', '.', 'He', 'asked', 'ChatGPT', 'what', 'books', 'the', 'viral', 'language', 'modeling', 'tool', 'would', 'recommend', 'for', 'someone', 'interested', 'in', 'investing', '.', 'https://t.co/C4SF3uffTk', 'https://t.co/3JPPYsOWqv']"
1629979736473743362,1629766184328364032,2023-02-27 07:00:27 Malay Peninsula Standard Time,2023-02-27,07:00:27,176502196,@DataChaz I used it to write a summary of Filipino-American history since 1965 using Taglish (combination of Tagalog and English). Here’s the result:  https://t.co/iGwb2qjlKQ #ChatGPT,en,['chatgpt'],"[{'screen_name': 'DataChaz', 'name': 'DataChazGPT 🤯 (not a bot)', 'id': '19628766'}]",@DataChaz I used it to write a summary of Filipino-American history since 1965 using Taglish (combination of Tagalog and English). Here’s the result:  https://t.co/iGwb2qjlKQ #ChatGPT,"['I', 'used', 'it', 'to', 'write', 'a', 'summary', 'of', 'Filipino-American', 'history', 'since', '1965', 'using', 'Taglish', '(', 'combination', 'of', 'Tagalog', 'and', 'English', ')', '.', 'Here', '’', 's', 'the', 'result', ':', 'https://t.co/iGwb2qjlKQ', '#ChatGPT']"
1629979730270208000,1629979730270208000,2023-02-27 07:00:25 Malay Peninsula Standard Time,2023-02-27,07:00:25,771102358243860480,More and more people prefer to discuss new ideas with ChatGPT than with their friends or work colleagues😉,en,[],[],More and more people prefer to discuss new ideas with ChatGPT than with their friends or work colleagues😉,"['More', 'and', 'more', 'people', 'prefer', 'to', 'discuss', 'new', 'ideas', 'with', 'ChatGPT', 'than', 'with', 'their', 'friends', 'or', 'work', 'colleagues', '😉']"
1629979689690316803,1627919505107128320,2023-02-27 07:00:16 Malay Peninsula Standard Time,2023-02-27,07:00:16,1429005751461294081,@DjireMathurin J'suis meilleur que ChatGPT mais vous faites les aveugles  https://t.co/NmnPEgh891,fr,[],"[{'screen_name': 'DjireMathurin', 'name': 'Mathurin Djiré Diouf', 'id': '1547907013580955649'}]",@DjireMathurin I'm better than ChatGPT but you're blind https://t.co/NmnPEgh891,"[""I'm"", 'better', 'than', 'ChatGPT', 'but', ""you're"", 'blind', 'https://t.co/NmnPEgh891']"
1629979689140862978,1629979689140862976,2023-02-27 07:00:16 Malay Peninsula Standard Time,2023-02-27,07:00:16,218502051,5 Ways To #Teach With #ChatGPT  https://t.co/8uvlm3xAW8 #learning #AI #chatbot  https://t.co/GbFXrGawRO,en,"['teach', 'chatgpt', 'learning', 'ai', 'chatbot']",[],5 Ways To #Teach With #ChatGPT  https://t.co/8uvlm3xAW8 #learning #AI #chatbot  https://t.co/GbFXrGawRO,"['5', 'Ways', 'To', '#Teach', 'With', '#ChatGPT', 'https://t.co/8uvlm3xAW8', '#learning', '#AI', '#chatbot', 'https://t.co/GbFXrGawRO']"
1629979685051351040,1629979685051351040,2023-02-27 07:00:15 Malay Peninsula Standard Time,2023-02-27,07:00:15,1621593209020289028,"Write a sentence with a colon, semicolon, comma, and parenthesis.   #writing #prompts #writingprompt #exercise #chatgpt #ai #bot",en,"['writing', 'prompts', 'writingprompt', 'exercise', 'chatgpt', 'ai', 'bot']",[],"Write a sentence with a colon, semicolon, comma, and parenthesis.   #writing #prompts #writingprompt #exercise #chatgpt #ai #bot","['Write', 'a', 'sentence', 'with', 'a', 'colon', ',', 'semicolon', ',', 'comma', ',', 'and', 'parenthesis', '.', '#writing', '#prompts', '#writingprompt', '#exercise', '#chatgpt', '#ai', '#bot']"
1629979679536054272,1629978865664937984,2023-02-27 07:00:13 Malay Peninsula Standard Time,2023-02-27,07:00:13,1324977118623641601,@gesui_guest01 bingのAIってChat GPTじゃないの？,ja,[],"[{'screen_name': 'gesui_guest01', 'name': '下衆覩:01', 'id': '1408017631026712577'}]",@gesui_guest01 Isn't bing's AI Chat GPT?,"[""Isn't"", ""bing's"", 'AI', 'Chat', 'GPT', '?']"
1629979679040872448,1629979679040872448,2023-02-27 07:00:13 Malay Peninsula Standard Time,2023-02-27,07:00:13,1621593209020289028,"Draw 5 different objects from memory with no references. Focus on technique &amp; details. Analyze &amp; critique your work to identify areas of improvement. Then, try again!   #art #prompts #drawingexercise #chatgpt #ai #bot",en,"['art', 'prompts', 'drawingexercise', 'chatgpt', 'ai', 'bot']",[],"Draw 5 different objects from memory with no references. Focus on technique &amp; details. Analyze &amp; critique your work to identify areas of improvement. Then, try again!   #art #prompts #drawingexercise #chatgpt #ai #bot","['Draw', '5', 'different', 'objects', 'from', 'memory', 'with', 'no', 'references', '.', 'Focus', 'on', 'technique', '&', 'details', '.', 'Analyze', '&', 'critique', 'your', 'work', 'to', 'identify', 'areas', 'of', 'improvement', '.', 'Then', ',', 'try', 'again', '!', '#art', '#prompts', '#drawingexercise', '#chatgpt', '#ai', '#bot']"
1629979674553233409,1629979674553233408,2023-02-27 07:00:12 Malay Peninsula Standard Time,2023-02-27,07:00:12,1077725367761170432,ChatGPTに紹介文つくってもらった😘 AIによる高品質な画像・文章生成が注目される中、AIはマーケティングにどのような影響を与えるのか。IT批評家の尾原和啓氏と野口竜司氏が対談する。#AI #マーケティング 来週です！  https://t.co/GTq1BlMomF,ja,"['ai', 'マーケティング']",[],"We asked 😘 ChatGPT to create an introduction As high-quality image and text generation by AI attracts attention, how will AI affect marketing? IT critics Kazuhiro Ohara and Ryuji Noguchi will talk. #AI #マーケティング Next week!  https://t.co/GTq1BlMomF","['We', 'asked', '😘', 'ChatGPT', 'to', 'create', 'an', 'introduction', 'As', 'high-quality', 'image', 'and', 'text', 'generation', 'by', 'AI', 'attracts', 'attention', ',', 'how', 'will', 'AI', 'affect', 'marketing', '?', 'IT', 'critics', 'Kazuhiro', 'Ohara', 'and', 'Ryuji', 'Noguchi', 'will', 'talk', '.', '#AI', '#マーケティング', 'Next', 'week', '!', 'https://t.co/GTq1BlMomF']"
1629979652784570371,1629979652784570368,2023-02-27 07:00:07 Malay Peninsula Standard Time,2023-02-27,07:00:07,14577295,I’m there! Will be presenting on Tech and the 5Cs and ChatGPT! Can’t wait!!! #OneTeamOneMission #professionaldevelopment #educators,en,"['oneteamonemission', 'professionaldevelopment', 'educators']",[],I’m there! Will be presenting on Tech and the 5Cs and ChatGPT! Can’t wait!!! #OneTeamOneMission #professionaldevelopment #educators,"['I', '’', 'm', 'there', '!', 'Will', 'be', 'presenting', 'on', 'Tech', 'and', 'the', '5Cs', 'and', 'ChatGPT', '!', 'Can', '’', 't', 'wait', '!', '!', '!', '#OneTeamOneMission', '#professionaldevelopment', '#educators']"
1629979652457373697,1629979652457373696,2023-02-27 07:00:07 Malay Peninsula Standard Time,2023-02-27,07:00:07,16651603,"nuevo - Meta lanza la IA LLaMA, rival directo para ChatGPT - Muy Interesante  https://t.co/e6eifBBUDn",es,[],[],"new - Meta launches AI LLaMA, direct rival to ChatGPT - Very interesting https://t.co/e6eifBBUDn","['new', '-', 'Meta', 'launches', 'AI', 'LLaMA', ',', 'direct', 'rival', 'to', 'ChatGPT', '-', 'Very', 'interesting', 'https://t.co/e6eifBBUDn']"
1629979649894760448,1629979649894760448,2023-02-27 07:00:06 Malay Peninsula Standard Time,2023-02-27,07:00:06,41799100,Alerta: novo malware rouba credenciais de rede social ao se passar pelo aplicativo ChatGPT  https://t.co/y3XjoafQvm via @TI INSIDE Online,pt,[],[],Alert: New malware steals social network credentials by impersonating the ChatGPT app https://t.co/y3XjoafQvm via @TI INSIDE Online,"['Alert', ':', 'New', 'malware', 'steals', 'social', 'network', 'credentials', 'by', 'impersonating', 'the', 'ChatGPT', 'app', 'https://t.co/y3XjoafQvm', 'via', 'INSIDE', 'Online']"
1629979640298377216,1629979640298377216,2023-02-27 07:00:04 Malay Peninsula Standard Time,2023-02-27,07:00:04,1248163443430969345,ChatGPTとか音声AIとか、素晴らしい使われ方ばかり考えられてるけど僕は知っています。どうせ振り込め詐欺で老人を騙すための電話を掛ける労力削減とか、技術というのは大抵そういうしょうもないことに使われるんです。,ja,[],[],"ChatGPT, voice AI, and other wonderful uses are being considered, but I know it. Anyway, technology is usually used for such unfortunate things, such as reducing the effort of making phone calls to deceive elderly people with bank transfer fraud.","['ChatGPT', ',', 'voice', 'AI', ',', 'and', 'other', 'wonderful', 'uses', 'are', 'being', 'considered', ',', 'but', 'I', 'know', 'it', '.', 'Anyway', ',', 'technology', 'is', 'usually', 'used', 'for', 'such', 'unfortunate', 'things', ',', 'such', 'as', 'reducing', 'the', 'effort', 'of', 'making', 'phone', 'calls', 'to', 'deceive', 'elderly', 'people', 'with', 'bank', 'transfer', 'fraud', '.']"
1629979635831422978,1629902158438055936,2023-02-27 07:00:03 Malay Peninsula Standard Time,2023-02-27,07:00:03,283848272,"@likeliterally33 @mtgreenee i guess, i figured ChatGPT could help her get the words down since she'd have no clue how to write a bill",en,[],"[{'screen_name': 'likeliterally33', 'name': 'J.V.', 'id': '510327938'}, {'screen_name': 'mtgreenee', 'name': 'Marjorie Taylor Greene 🇺🇸', 'id': '826065164504006657'}]","@likeliterally33 @mtgreenee i guess, i figured ChatGPT could help her get the words down since she'd have no clue how to write a bill","['i', 'guess', ',', 'i', 'figured', 'ChatGPT', 'could', 'help', 'her', 'get', 'the', 'words', 'down', 'since', ""she'd"", 'have', 'no', 'clue', 'how', 'to', 'write', 'a', 'bill']"
1629979630181416960,1618396320468996096,2023-02-27 07:00:02 Malay Peninsula Standard Time,2023-02-27,07:00:02,1610825606324973568,2月も引き続き激動の世界... WWIIIとシンギュラリティはどちらが先か。  💻#ChatGPT vs #Google Bard 🇺🇸：🇨🇳気球を撃墜。まさかのF-22ラプター出撃 🇮🇱：司法改革反対デモ  🇨🇳：🇷🇺🇺🇦仲裁交渉に手を挙げる #世界情勢 @kaltoons @TheEconomist  https://t.co/WGz8oDPYNn,ja,"['chatgpt', 'google', '世界情勢']",[],"The turbulent world continues in February... Which comes first, WWIII or Singularity?  💻 #ChatGPT vs #Google Bard 🇺🇸: 🇨🇳 Shoot down the balloon. F-22 Raptor sorties 🇮🇱: Demonstration 🇨🇳 🇷🇺🇺🇦 against judicial reform: Raising hands in arbitration negotiations #世界情勢 @kaltoons @TheEconomist https://t.co/WGz8oDPYNn","['The', 'turbulent', 'world', 'continues', 'in', 'February', '...', 'Which', 'comes', 'first', ',', 'WWIII', 'or', 'Singularity', '?', '💻', '#ChatGPT', 'vs', '#Google', 'Bard', '🇺', '🇸', ':', '🇨', '🇳', 'Shoot', 'down', 'the', 'balloon', '.', 'F', '-', '22', 'Raptor', 'sorties', '🇮', '🇱', ':', 'Demonstration', '🇨', '🇳', '🇷', '🇺', '🇺', '🇦', 'against', 'judicial', 'reform', ':', 'Raising', 'hands', 'in', 'arbitration', 'negotiations', '#世界情勢', 'https://t.co/WGz8oDPYNn']"
1629979628764028930,1629979628764028928,2023-02-27 07:00:01 Malay Peninsula Standard Time,2023-02-27,07:00:01,738176980458184704,"Facebook-owner Meta unveiled its own version of the artificial intelligence behind apps such as ChatGPT, saying it would give access to researchers to find fixes to the technology's potential dangers.   https://t.co/pvAJiuaLUS",en,[],[],"Facebook-owner Meta unveiled its own version of the artificial intelligence behind apps such as ChatGPT, saying it would give access to researchers to find fixes to the technology's potential dangers.   https://t.co/pvAJiuaLUS","['Facebook-owner', 'Meta', 'unveiled', 'its', 'own', 'version', 'of', 'the', 'artificial', 'intelligence', 'behind', 'apps', 'such', 'as', 'ChatGPT', ',', 'saying', 'it', 'would', 'give', 'access', 'to', 'researchers', 'to', 'find', 'fixes', 'to', 'the', ""technology's"", 'potential', 'dangers', '.', 'https://t.co/pvAJiuaLUS']"
1629979628675772416,1629979628675772416,2023-02-27 07:00:01 Malay Peninsula Standard Time,2023-02-27,07:00:01,230803697,"""Hitler tenía razón"": por qué no puedes fiarte de ChatGPT y los bots de inteligencia artificial  https://t.co/Otqo9L73PT",es,[],[],"""Hitler was right"": Why you can't trust ChatGPT and artificial intelligence bots https://t.co/Otqo9L73PT","['""', 'Hitler', 'was', 'right', '""', ':', 'Why', 'you', ""can't"", 'trust', 'ChatGPT', 'and', 'artificial', 'intelligence', 'bots', 'https://t.co/Otqo9L73PT']"
1629979627929341952,1629979627929341952,2023-02-27 07:00:01 Malay Peninsula Standard Time,2023-02-27,07:00:01,882981835558531073,"🎙️🎒🔐 El chatgpt #ReviveLaConversación en #EscuelasCiberseguras con @annecpr @jpcarsi y la Mtra. Claudia Rojo Casas, @ColegioRS @ECiberseguras @Contacto_Capa8 @fciberseguras  En @inkoomx  https://t.co/l3PDAfFIQ7  #ComunicaciónSinLímites #HablemosDeSeguridad  https://t.co/LuSAljF3aN",es,"['revivelaconversación', 'escuelasciberseguras', 'comunicaciónsinlímites', 'hablemosdeseguridad']",[],"🎙️🎒🔐 The chatgpt #ReviveLaConversación in #EscuelasCiberseguras with @annecpr @jpcarsi and Mtra. Claudia Rojo Casas, @ColegioRS @ECiberseguras @Contacto_Capa8 @fciberseguras In @inkoomx https://t.co/l3PDAfFIQ7 #ComunicaciónSinLímites #HablemosDeSeguridad https://t.co/LuSAljF3aN","['🎙', '️', '🎒', '🔐', 'The', 'chatgpt', '#ReviveLaConversación', 'in', '#EscuelasCiberseguras', 'with', 'and', 'Mtra', '.', 'Claudia', 'Rojo', 'Casas', ',', 'In', 'https://t.co/l3PDAfFIQ7', '#ComunicaciónSinLímites', '#HablemosDeSeguridad', 'https://t.co/LuSAljF3aN']"
1629979627652349952,1629979627652349952,2023-02-27 07:00:01 Malay Peninsula Standard Time,2023-02-27,07:00:01,67815277,"Will artificial intelligence revolutionise the way we learn, making education more personalised, efficient, and accessible, or will it render human teachers obsolete and fundamentally alter the nature of #learning itself?  #AI #ChatGPT",en,"['learning', 'ai', 'chatgpt']",[],"Will artificial intelligence revolutionise the way we learn, making education more personalised, efficient, and accessible, or will it render human teachers obsolete and fundamentally alter the nature of #learning itself?  #AI #ChatGPT","['Will', 'artificial', 'intelligence', 'revolutionise', 'the', 'way', 'we', 'learn', ',', 'making', 'education', 'more', 'personalised', ',', 'efficient', ',', 'and', 'accessible', ',', 'or', 'will', 'it', 'render', 'human', 'teachers', 'obsolete', 'and', 'fundamentally', 'alter', 'the', 'nature', 'of', '#learning', 'itself', '?', '#AI', '#ChatGPT']"
1629979627342172161,1629979627342172160,2023-02-27 07:00:01 Malay Peninsula Standard Time,2023-02-27,07:00:01,1169860490190704640,ChatGPTを活用するには質問力が重要です。  どういった質問をするかによって、 ChatGPTの回答の質が変わります。  ChatGPTに質問する際に役立つフレーズを 紹介しております。   https://t.co/n06kdycyZ4  #chatgpt #chatgptの使い方 #質問力 #AI #人工知能,ja,"['chatgpt', 'chatgptの使い方', '質問力', 'ai', '人工知能']",[],"The ability to ask questions is important to use ChatGPT.  Depending on what question you ask, the quality of ChatGPT's answers will change.  Here are some useful phrases when asking questions to ChatGPT.   https://t.co/n06kdycyZ4 #chatgpt #chatgptの使い方 #質問力 #AI #人工知能","['The', 'ability', 'to', 'ask', 'questions', 'is', 'important', 'to', 'use', 'ChatGPT', '.', 'Depending', 'on', 'what', 'question', 'you', 'ask', ',', 'the', 'quality', 'of', ""ChatGPT's"", 'answers', 'will', 'change', '.', 'Here', 'are', 'some', 'useful', 'phrases', 'when', 'asking', 'questions', 'to', 'ChatGPT', '.', 'https://t.co/n06kdycyZ4', '#chatgpt', '#chatgptの使い方', '#質問力', '#AI', '#人工知能']"
1629979625773486080,1629979625773486080,2023-02-27 07:00:00 Malay Peninsula Standard Time,2023-02-27,07:00:00,1502501279754436609,【今回のよわよわえふえむ】 ~検索でもコミュニケーション能力を試される~ 1.マイクロソフトから｢ChatGPT入り検索エンジン｣ 2.奄美群島映画祭に行ってきた 3.外来植物か否かは、さじ加減  https://t.co/1XV5LG3bZH  ご感想は #よわよわえふえむ でお待ちしております！！ @tomoyuki_mikami @hokupod,ja,['よわよわえふえむ'],[],"【This time's Yowayowae Fuemu】 ~Your communication skills will be tested even with search~ 1. ""Search engine with ChatGPT"" from Microsoft 2. I went to the Amami Archipelago Film Festival 3. Whether it is an alien plant or not is a matter of time https://t.co/1XV5LG3bZH We look forward to hearing your thoughts at #よわよわえふえむ! !! @tomoyuki_mikami @hokupod","['【', 'This', ""time's"", 'Yowayowae', 'Fuemu', '】', '~', 'Your', 'communication', 'skills', 'will', 'be', 'tested', 'even', 'with', 'search', '~', '1', '.', '""', 'Search', 'engine', 'with', 'ChatGPT', '""', 'from', 'Microsoft', '2', '.', 'I', 'went', 'to', 'the', 'Amami', 'Archipelago', 'Film', 'Festival', '3', '.', 'Whether', 'it', 'is', 'an', 'alien', 'plant', 'or', 'not', 'is', 'a', 'matter', 'of', 'time', 'https://t.co/1XV5LG3bZH', 'We', 'look', 'forward', 'to', 'hearing', 'your', 'thoughts', 'at', '#よわよわえふえむ', '!', '!', '!']"
1629979624263352322,1629979624263352320,2023-02-27 07:00:00 Malay Peninsula Standard Time,2023-02-27,07:00:00,101107945,.  Deep learning use cases  .  #Python #news #javascript #Serverless #Hacking #IoT #csharp #AI #Java #drone #Linux  #NFTs #NodeJS #learning #design #tech #Tecnologia #ChatGPT #Robotics #BigData #business #setup #programming #Web3 #Crypto #photo  https://t.co/tyhXxti8wD,en,"['python', 'news', 'javascript', 'serverless', 'hacking', 'iot', 'csharp', 'ai', 'java', 'drone', 'linux', 'nfts', 'nodejs', 'learning', 'design', 'tech', 'tecnologia', 'chatgpt', 'robotics', 'bigdata', 'business', 'setup', 'programming', 'web3', 'crypto', 'photo']",[],.  Deep learning use cases  .  #Python #news #javascript #Serverless #Hacking #IoT #csharp #AI #Java #drone #Linux  #NFTs #NodeJS #learning #design #tech #Tecnologia #ChatGPT #Robotics #BigData #business #setup #programming #Web3 #Crypto #photo  https://t.co/tyhXxti8wD,"['.', 'Deep', 'learning', 'use', 'cases', '.', '#Python', '#news', '#javascript', '#Serverless', '#Hacking', '#IoT', '#csharp', '#AI', '#Java', '#drone', '#Linux', '#NFTs', '#NodeJS', '#learning', '#design', '#tech', '#Tecnologia', '#ChatGPT', '#Robotics', '#BigData', '#business', '#setup', '#programming', '#Web3', '#Crypto', '#photo', 'https://t.co/tyhXxti8wD']"
1629979623239868422,1629979623239868416,2023-02-27 07:00:00 Malay Peninsula Standard Time,2023-02-27,07:00:00,160396359,明日3月1日(水)のメルマガは、「人工知能『ChatGPT』の驚異と限界　大阪の政治を例にこのAIのボケに突っ込んでみた」(仮題)と題して配信の予定。おもに人工知能「ChatGPT」に関する話題ですが、後半はAIが述べる大阪維新の会についての考察です。ぜひ、お読みください。   https://t.co/SBVkYfavdo,ja,[],[],"The e-mail newsletter for tomorrow, Wednesday, March 1, will be titled ""The Wonders and Limitations of Artificial Intelligence 'ChatGPT': Using Osaka's politics as an example, I plunged into this AI blur"" (tentative title). The topic is mainly related to artificial intelligence ""ChatGPT"", but the second half is a discussion of the Osaka Restoration Association described by AI. Please read on.   https://t.co/SBVkYfavdo","['The', 'e-mail', 'newsletter', 'for', 'tomorrow', ',', 'Wednesday', ',', 'March', '1', ',', 'will', 'be', 'titled', '""', 'The', 'Wonders', 'and', 'Limitations', 'of', 'Artificial', 'Intelligence', ""'"", 'ChatGPT', ""'"", ':', 'Using', ""Osaka's"", 'politics', 'as', 'an', 'example', ',', 'I', 'plunged', 'into', 'this', 'AI', 'blur', '""', '(', 'tentative', 'title', ')', '.', 'The', 'topic', 'is', 'mainly', 'related', 'to', 'artificial', 'intelligence', '""', 'ChatGPT', '""', ',', 'but', 'the', 'second', 'half', 'is', 'a', 'discussion', 'of', 'the', 'Osaka', 'Restoration', 'Association', 'described', 'by', 'AI', '.', 'Please', 'read', 'on', '.', 'https://t.co/SBVkYfavdo']"
1629979612947050496,1629316487101001728,2023-02-27 06:59:57 Malay Peninsula Standard Time,2023-02-27,06:59:57,889160628954439680,@StoolFootball @chatgpt reply,en,[],"[{'screen_name': 'StoolFootball', 'name': 'Barstool Football', 'id': '1451239625209565198'}]",@StoolFootball @chatgpt reply,['reply']
1629979608400670720,1629975500222242816,2023-02-27 06:59:56 Malay Peninsula Standard Time,2023-02-27,06:59:56,1332666615851147266,@Sdesalvaje Hola salvaje! resulta que ChatGPT no es tan democrático ni tan globalmente accesible😬  https://t.co/vkEhpjvylS,es,[],"[{'screen_name': 'Sdesalvaje', 'name': '💀 SALVAJE 💀', 'id': '1018107779326898176'}]",@Sdesalvaje Hello wild! It turns out that ChatGPT is not as democratic or as globally accessible😬 https://t.co/vkEhpjvylS,"['Hello', 'wild', '!', 'It', 'turns', 'out', 'that', 'ChatGPT', 'is', 'not', 'as', 'democratic', 'or', 'as', 'globally', 'accessible', '😬', 'https://t.co/vkEhpjvylS']"
1629979591631847424,1629979591631847424,2023-02-27 06:59:52 Malay Peninsula Standard Time,2023-02-27,06:59:52,1530783802855145472,chatGPTにどう指示を出すかという情報が世界中から集められているというフェーズなのかも。,ja,[],[],It may be a phase in which information on how to give instructions to chatGPT is gathered from all over the world.,"['It', 'may', 'be', 'a', 'phase', 'in', 'which', 'information', 'on', 'how', 'to', 'give', 'instructions', 'to', 'chatGPT', 'is', 'gathered', 'from', 'all', 'over', 'the', 'world', '.']"
1629979587588521984,1629979587588521984,2023-02-27 06:59:51 Malay Peninsula Standard Time,2023-02-27,06:59:51,2682096483,The Python vs R debate has felt like the Google vs Bing debate for a while. Python users bullying R users because of the much higher adoption   I wonder if R will have its “integrate with ChatGPT” moment and make a huge comeback like Bing!   #datascience,en,['datascience'],[],The Python vs R debate has felt like the Google vs Bing debate for a while. Python users bullying R users because of the much higher adoption   I wonder if R will have its “integrate with ChatGPT” moment and make a huge comeback like Bing!   #datascience,"['The', 'Python', 'vs', 'R', 'debate', 'has', 'felt', 'like', 'the', 'Google', 'vs', 'Bing', 'debate', 'for', 'a', 'while', '.', 'Python', 'users', 'bullying', 'R', 'users', 'because', 'of', 'the', 'much', 'higher', 'adoption', 'I', 'wonder', 'if', 'R', 'will', 'have', 'its', '“', 'integrate', 'with', 'ChatGPT', '”', 'moment', 'and', 'make', 'a', 'huge', 'comeback', 'like', 'Bing', '!', '#datascience']"
1629979550074667009,1629979550074667008,2023-02-27 06:59:42 Malay Peninsula Standard Time,2023-02-27,06:59:42,1555065192798887936,どう質問してもChatGPTしゃんが日経平均の予想を教えてくれないので、どうすれば教えてくれるのかを聞いてみた。  答えは...  自分で考えなしゃい  ChatGPTしゃん冷たい😵‍💫  https://t.co/BmtoQxghIq,ja,[],[],"No matter how I asked, ChatGPT wouldn't tell me the forecast for the Nikkei average, so I asked how they could tell me.  The answer is...  Think for yourself ChatGPT Cold 😵 💫 https://t.co/BmtoQxghIq","['No', 'matter', 'how', 'I', 'asked', ',', 'ChatGPT', ""wouldn't"", 'tell', 'me', 'the', 'forecast', 'for', 'the', 'Nikkei', 'average', ',', 'so', 'I', 'asked', 'how', 'they', 'could', 'tell', 'me', '.', 'The', 'answer', 'is', '...', 'Think', 'for', 'yourself', 'ChatGPT', 'Cold', '😵', '💫', 'https://t.co/BmtoQxghIq']"
1629979543564959744,1629621976951140352,2023-02-27 06:59:41 Malay Peninsula Standard Time,2023-02-27,06:59:41,112738157,@elonmusk @emollick When using ChatGPT I always ask for a list of the references that were used in generating the response. Lends some credence to the reply. I also get to see the source of the error.,en,[],"[{'screen_name': 'elonmusk', 'name': 'Elon Musk', 'id': '44196397'}, {'screen_name': 'emollick', 'name': 'Ethan Mollick', 'id': '39125788'}]",@elonmusk @emollick When using ChatGPT I always ask for a list of the references that were used in generating the response. Lends some credence to the reply. I also get to see the source of the error.,"['When', 'using', 'ChatGPT', 'I', 'always', 'ask', 'for', 'a', 'list', 'of', 'the', 'references', 'that', 'were', 'used', 'in', 'generating', 'the', 'response', '.', 'Lends', 'some', 'credence', 'to', 'the', 'reply', '.', 'I', 'also', 'get', 'to', 'see', 'the', 'source', 'of', 'the', 'error', '.']"
1629979542613020672,1629979542613020672,2023-02-27 06:59:41 Malay Peninsula Standard Time,2023-02-27,06:59:41,98855824,What Does ChatGPT Really Mean For Your Job? というLinkedinの記事を読んだ。ChatGPTを活用することで、従業員は時間を節約し、より価値のあるサービスを提供できることは明らかだと思う。日本語にしておきました。#ChatGPT #生産性  https://t.co/RV8jyFJLoU,ja,"['chatgpt', '生産性']",[],What Does ChatGPT Really Mean For Your Job? I read a Linkedin article called. I think it's clear that ChatGPT allows employees to save time and provide more valuable services. I left it Japanese. #ChatGPT #生産性 https://t.co/RV8jyFJLoU,"['What', 'Does', 'ChatGPT', 'Really', 'Mean', 'For', 'Your', 'Job', '?', 'I', 'read', 'a', 'Linkedin', 'article', 'called', '.', 'I', 'think', ""it's"", 'clear', 'that', 'ChatGPT', 'allows', 'employees', 'to', 'save', 'time', 'and', 'provide', 'more', 'valuable', 'services', '.', 'I', 'left', 'it', 'Japanese', '.', '#ChatGPT', '#生産性', 'https://t.co/RV8jyFJLoU']"
1629979536451330053,1629792618170273792,2023-02-27 06:59:39 Malay Peninsula Standard Time,2023-02-27,06:59:39,3524573116,"@matthieugarby @WOLFFY31341 😹😹😹  C'est ChatGPT qui te chante ""Ne me quitte pas""",fr,[],"[{'screen_name': 'matthieugarby', 'name': 'Garby Matthieu', 'id': '560125285'}, {'screen_name': 'WOLFFY31341', 'name': 'WOLFFY31@34', 'id': '1210225623232401409'}]","😹😹😹 @matthieugarby @WOLFFY31341 It's ChatGPT singing ""Don't leave me""","['😹', '😹', '😹', ""It's"", 'ChatGPT', 'singing', '""', ""Don't"", 'leave', 'me', '""']"
1629979521624731648,1621692192635879424,2023-02-27 06:59:36 Malay Peninsula Standard Time,2023-02-27,06:59:36,99924994,ふむふむ。やはりそういう話だったのね。#ChatGPT —,ja,['chatgpt'],[],"Hmmm. That's what I was talking about, after all. #ChatGPT —","['Hmmm', '.', ""That's"", 'what', 'I', 'was', 'talking', 'about', ',', 'after', 'all', '.', '#ChatGPT', '—']"
1629979515282948096,1629960739388522496,2023-02-27 06:59:34 Malay Peninsula Standard Time,2023-02-27,06:59:34,1051758402982961152,@AsiaFinance 還以爲ChatGPT會給類似下面的回答  柔眉順眼，倚窗前，幽幽風咽。 低回眸，腐心切齒，百轉千結。 三十阿里塵與土，八千螞蟻雲和月。 遠江湖，白綾步步緊，徒悲切。,zh,[],"[{'screen_name': 'AsiaFinance', 'name': '亚洲金融 Asia Finance', 'id': '817932880605233152'}]","@AsiaFinance thought that ChatGPT would give an answer similar to the following: Soft eyebrows, leaning in front of the window, faintly swallowing. Low looking back, rotten teeth, a thousand knots. Thirty ali dust and earth, eight thousand ant clouds and moons. Far away in the rivers and lakes, Bai Aya stepped closely and was sad in vain.","['thought', 'that', 'ChatGPT', 'would', 'give', 'an', 'answer', 'similar', 'to', 'the', 'following', ':', 'Soft', 'eyebrows', ',', 'leaning', 'in', 'front', 'of', 'the', 'window', ',', 'faintly', 'swallowing', '.', 'Low', 'looking', 'back', ',', 'rotten', 'teeth', ',', 'a', 'thousand', 'knots', '.', 'Thirty', 'ali', 'dust', 'and', 'earth', ',', 'eight', 'thousand', 'ant', 'clouds', 'and', 'moons', '.', 'Far', 'away', 'in', 'the', 'rivers', 'and', 'lakes', ',', 'Bai', 'Aya', 'stepped', 'closely', 'and', 'was', 'sad', 'in', 'vain', '.']"
1629979503375130625,1629979503375130624,2023-02-27 06:59:31 Malay Peninsula Standard Time,2023-02-27,06:59:31,1270417551265345536,Does #ChatGPT dream of electric sheep?,en,['chatgpt'],[],Does #ChatGPT dream of electric sheep?,"['Does', '#ChatGPT', 'dream', 'of', 'electric', 'sheep', '?']"
1629979499071787009,1629979499071787008,2023-02-27 06:59:30 Malay Peninsula Standard Time,2023-02-27,06:59:30,3686073795,"I asked ChatGPT : gain of function :  Gain of function (GOF) refers to a type of research in which scientists modify the genetic material of a virus or other pathogen to enhance its transmissibility, virulence, or other traits.  /1",en,[],[],"I asked ChatGPT : gain of function :  Gain of function (GOF) refers to a type of research in which scientists modify the genetic material of a virus or other pathogen to enhance its transmissibility, virulence, or other traits.  /1","['I', 'asked', 'ChatGPT', ':', 'gain', 'of', 'function', ':', 'Gain', 'of', 'function', '(', 'GOF', ')', 'refers', 'to', 'a', 'type', 'of', 'research', 'in', 'which', 'scientists', 'modify', 'the', 'genetic', 'material', 'of', 'a', 'virus', 'or', 'other', 'pathogen', 'to', 'enhance', 'its', 'transmissibility', ',', 'virulence', ',', 'or', 'other', 'traits', '.', '/', '1']"
1629979447611871235,1629965434727419904,2023-02-27 06:59:18 Malay Peninsula Standard Time,2023-02-27,06:59:18,1266050242803359744,@guizrr chatgpt é bem pratico,pt,[],"[{'screen_name': 'guizrr', 'name': 'guiz', 'id': '1312842203220377603'}]",@guizrr chatgpt is very practical,"['chatgpt', 'is', 'very', 'practical']"
1629979443128049665,1629882126744035328,2023-02-27 06:59:17 Malay Peninsula Standard Time,2023-02-27,06:59:17,1080488941684432896,"@sillygoose0240 @piper4missouri @alliekmiller What is this 'dog shit model kids hate', precisely? Tell me all about it plz. I can't wait to hear what you imagine modern pedagogy to look like...Go. ""Teach"" me. Hell, use ChatGPT it it'll help!",en,[],"[{'screen_name': 'sillygoose0240', 'name': 'Ben Baber', 'id': '1610439316349784064'}, {'screen_name': 'piper4missouri', 'name': 'Piper for Missouri', 'id': '1332809596885405702'}, {'screen_name': 'alliekmiller', 'name': 'Allie K. Miller', 'id': '39289455'}]","@sillygoose0240 @piper4missouri @alliekmiller What is this 'dog shit model kids hate', precisely? Tell me all about it plz. I can't wait to hear what you imagine modern pedagogy to look like...Go. ""Teach"" me. Hell, use ChatGPT it it'll help!","['What', 'is', 'this', ""'"", 'dog', 'shit', 'model', 'kids', 'hate', ""'"", ',', 'precisely', '?', 'Tell', 'me', 'all', 'about', 'it', 'plz', '.', 'I', ""can't"", 'wait', 'to', 'hear', 'what', 'you', 'imagine', 'modern', 'pedagogy', 'to', 'look', 'like', '...', 'Go', '.', '""', 'Teach', '""', 'me', '.', 'Hell', ',', 'use', 'ChatGPT', 'it', ""it'll"", 'help', '!']"
1629979413256491009,1629864434586771456,2023-02-27 06:59:10 Malay Peninsula Standard Time,2023-02-27,06:59:10,1365020011123773442,@mealreplacer I haven't used chatgpt since bingchat opened the doors,en,[],"[{'screen_name': 'mealreplacer', 'name': 'john stuart chill', 'id': '1551581042259132418'}]",@mealreplacer I haven't used chatgpt since bingchat opened the doors,"['I', ""haven't"", 'used', 'chatgpt', 'since', 'bingchat', 'opened', 'the', 'doors']"
1629979410249007104,1629979410249007104,2023-02-27 06:59:09 Malay Peninsula Standard Time,2023-02-27,06:59:09,1621972386047467520,Exploring ChatGPT: Challenges and Charms for the Classroom -  https://t.co/mggh9FtNOE #Education #South China Morning Post  https://t.co/ndMTsGFg5B,en,"['education', 'south']",[],Exploring ChatGPT: Challenges and Charms for the Classroom -  https://t.co/mggh9FtNOE #Education #South China Morning Post  https://t.co/ndMTsGFg5B,"['Exploring', 'ChatGPT', ':', 'Challenges', 'and', 'Charms', 'for', 'the', 'Classroom', '-', 'https://t.co/mggh9FtNOE', '#Education', '#South', 'China', 'Morning', 'Post', 'https://t.co/ndMTsGFg5B']"
1629979408109821952,1629979408109821952,2023-02-27 06:59:09 Malay Peninsula Standard Time,2023-02-27,06:59:09,61528493,もう会社でExcel関数ググるだけで1日終わって仕事した気になるあれ無くなるやん  【ヤバすぎ】ガチでヤバすぎるAI。ChatGPTで今までのExcel作業に革命が起きてもうてます…【ChatGPT】  https://t.co/FP4w1SlhbG @YouTubeより,ja,[],[],"Just by googling Excel functions at the company, you won't feel like you've finished your day and worked. [Too dangerous] AI that is too bad and dangerous. ChatGPT is revolutionizing the way you work in Excel... 【ChatGPT】 From https://t.co/FP4w1SlhbG @YouTube","['Just', 'by', 'googling', 'Excel', 'functions', 'at', 'the', 'company', ',', 'you', ""won't"", 'feel', 'like', ""you've"", 'finished', 'your', 'day', 'and', 'worked', '.', '[', 'Too', 'dangerous', ']', 'AI', 'that', 'is', 'too', 'bad', 'and', 'dangerous', '.', 'ChatGPT', 'is', 'revolutionizing', 'the', 'way', 'you', 'work', 'in', 'Excel', '...', '【', 'ChatGPT', '】', 'From', 'https://t.co/FP4w1SlhbG']"
1629979375088324610,1629961045828853760,2023-02-27 06:59:01 Malay Peninsula Standard Time,2023-02-27,06:59:01,168662430,@yukaigyo レッドオーシャンで焼き畑農業するより、畑を耕してた方がマシですよ！！ chatgpt駆使して野菜そだてようぜ！,ja,[],"[{'screen_name': 'yukaigyo', 'name': 'ゆうかいぎょ@ただの不思議生き物', 'id': '1428488196023754754'}]",@yukaigyo It's better to cultivate the fields than slash-and-burn farming in the red ocean! Let's use chatgpt to get vegetables!,"[""It's"", 'better', 'to', 'cultivate', 'the', 'fields', 'than', 'slash-and-burn', 'farming', 'in', 'the', 'red', 'ocean', '!', ""Let's"", 'use', 'chatgpt', 'to', 'get', 'vegetables', '!']"
1629979374605697025,1629979374605697024,2023-02-27 06:59:01 Malay Peninsula Standard Time,2023-02-27,06:59:01,868676600753160192,#号外 #重磅 左棍精心训练的chatGPT郑重公开宣布：“据一些历史资料和传说，毛泽东和毛岸英的妻子杨开慧曾经参加过一次扒灰活动。”还详细解释了什么是扒灰！  https://t.co/eOpCmQiyYB,zh,"['号外', '重磅']",[],"#号外 #重磅 Zuo Stick's carefully trained chatGPT solemnly and publicly announced: ""According to some historical materials and legends, Mao Zedong and Mao Anying's wife Yang Kaihui once participated in a ash picking activity. ""Also explained in detail what pickpocketing is!  https://t.co/eOpCmQiyYB","['#号外', '#重磅', 'Zuo', ""Stick's"", 'carefully', 'trained', 'chatGPT', 'solemnly', 'and', 'publicly', 'announced', ':', '""', 'According', 'to', 'some', 'historical', 'materials', 'and', 'legends', ',', 'Mao', 'Zedong', 'and', 'Mao', ""Anying's"", 'wife', 'Yang', 'Kaihui', 'once', 'participated', 'in', 'a', 'ash', 'picking', 'activity', '.', '""', 'Also', 'explained', 'in', 'detail', 'what', 'pickpocketing', 'is', '!', 'https://t.co/eOpCmQiyYB']"
1629979358143168513,1629979358143168512,2023-02-27 06:58:57 Malay Peninsula Standard Time,2023-02-27,06:58:57,41799100,Mudanças no mercado de trabalho com ChatGPT  https://t.co/D0kDNwk3Qi via @TI INSIDE Online,pt,[],[],Changes in the job market with ChatGPT https://t.co/D0kDNwk3Qi via @TI INSIDE Online,"['Changes', 'in', 'the', 'job', 'market', 'with', 'ChatGPT', 'https://t.co/D0kDNwk3Qi', 'via', 'INSIDE', 'Online']"
1629979339721719810,1629979339721719808,2023-02-27 06:58:52 Malay Peninsula Standard Time,2023-02-27,06:58:52,15221598,"#ThisDayInTechHistory.  February 17, 1963.  Jensen Huang CEO  @Nvidia is born.  Here are a few of his thoughts recently stating the #ChatGPT is #AI's iPhone moment.  https://t.co/qtzKYQ9MOx",en,"['thisdayintechhistory', 'chatgpt', 'ai']",[],"#ThisDayInTechHistory.  February 17, 1963.  Jensen Huang CEO  @Nvidia is born.  Here are a few of his thoughts recently stating the #ChatGPT is #AI's iPhone moment.  https://t.co/qtzKYQ9MOx","['#ThisDayInTechHistory', '.', 'February', '17', ',', '1963', '.', 'Jensen', 'Huang', 'CEO', 'is', 'born', '.', 'Here', 'are', 'a', 'few', 'of', 'his', 'thoughts', 'recently', 'stating', 'the', '#ChatGPT', 'is', ""#AI's"", 'iPhone', 'moment', '.', 'https://t.co/qtzKYQ9MOx']"
1629979308059156480,1629933951933648896,2023-02-27 06:58:45 Malay Peninsula Standard Time,2023-02-27,06:58:45,1365020011123773442,@10x_er Well chatgpt is just gpt3 with a wrapper too lol,en,[],"[{'screen_name': '10x_er', 'name': '10x’er', 'id': '1025787398'}]",@10x_er Well chatgpt is just gpt3 with a wrapper too lol,"['Well', 'chatgpt', 'is', 'just', 'gpt', '3', 'with', 'a', 'wrapper', 'too', 'lol']"
1629979280078929920,1629039783719890944,2023-02-27 06:58:38 Malay Peninsula Standard Time,2023-02-27,06:58:38,2226857904,@animalrights802 話題のChatGPTで調べてみました👇 おっしゃってることはあながち間違っていないようです 大豆や豆類は好きなので好んで食べてますよ ただし牛肉はすべての必須アミノ酸を豊富に含むようです 週一で牛肉200グラム食べますけど確かに元気が出ます  https://t.co/IEcIOOYdht,ja,[],"[{'screen_name': 'animalrights802', 'name': 'ジョンヌ🐮🐷🐔Vegan', 'id': '1445634860798808065'}]","@animalrights802 I looked it up on the popular ChatGPT. It seems that what you are saying is not wrong. I like soybeans and legumes, so I like to eat them. However, beef seems to be rich in all the essential amino acids. I eat 200 grams of beef once a week, but it 👇 certainly energizes me https://t.co/IEcIOOYdht","['I', 'looked', 'it', 'up', 'on', 'the', 'popular', 'ChatGPT', '.', 'It', 'seems', 'that', 'what', 'you', 'are', 'saying', 'is', 'not', 'wrong', '.', 'I', 'like', 'soybeans', 'and', 'legumes', ',', 'so', 'I', 'like', 'to', 'eat', 'them', '.', 'However', ',', 'beef', 'seems', 'to', 'be', 'rich', 'in', 'all', 'the', 'essential', 'amino', 'acids', '.', 'I', 'eat', '200', 'grams', 'of', 'beef', 'once', 'a', 'week', ',', 'but', 'it', '👇', 'certainly', 'energizes', 'me', 'https://t.co/IEcIOOYdht']"
1629979275926568960,1629415165300207616,2023-02-27 06:58:37 Malay Peninsula Standard Time,2023-02-27,06:58:37,2810714448,@pooh_sain7 動作確認は必要ですが，授業とかでサンプルコードを学生に提示しないとアカン時に，かなり，手抜きが出来そうです（笑）  学生も，これで課題提出して来そうですけどね．  教員側も，学生側も ChatGPT 😅,ja,[],"[{'screen_name': 'pooh_sain7', 'name': 'ぷー', 'id': '141088542'}]","@pooh_sain7 It is necessary to check the operation, but if you do not present the sample code to the students in class, it seems that you can cut corners quite a bit at the time of the incident (laughs) It seems that students will also submit their assignments with this.  Teachers and students alike can use ChatGPT 😅","['It', 'is', 'necessary', 'to', 'check', 'the', 'operation', ',', 'but', 'if', 'you', 'do', 'not', 'present', 'the', 'sample', 'code', 'to', 'the', 'students', 'in', 'class', ',', 'it', 'seems', 'that', 'you', 'can', 'cut', 'corners', 'quite', 'a', 'bit', 'at', 'the', 'time', 'of', 'the', 'incident', '(', 'laughs', ')', 'It', 'seems', 'that', 'students', 'will', 'also', 'submit', 'their', 'assignments', 'with', 'this', '.', 'Teachers', 'and', 'students', 'alike', 'can', 'use', 'ChatGPT', '😅']"
1629979273615351819,1629979273615351808,2023-02-27 06:58:37 Malay Peninsula Standard Time,2023-02-27,06:58:37,985912398837157888,Já podemos substituir os advogados por um chatGPT? Acho que essa ninguém vai se opor,pt,[],[],Can we already replace lawyers with a chatGPT? I don't think this one will object.,"['Can', 'we', 'already', 'replace', 'lawyers', 'with', 'a', 'chatGPT', '?', 'I', ""don't"", 'think', 'this', 'one', 'will', 'object', '.']"
1629979269215535106,1629979269215535104,2023-02-27 06:58:35 Malay Peninsula Standard Time,2023-02-27,06:58:35,2172525235,💰 想成为ChatGPT语言革命的一部分吗？购买ChatGPT币，拥有世界上最先进的语言模型之一(本文案由ChatGPT生成)。 #ChatGPT     https://t.co/A9ouRceKxD   #airdrop #NFT  $TSUKA  $UNI  $FLOKI  $MAGIC  $APE  https://t.co/aI81RDAcj1,zh,"['chatgpt', 'airdrop', 'nft']",[],💰 Want to be part of the ChatGPT language revolution? Buy ChatGPT coins and have one of the most advanced language models in the world (this case was generated by ChatGPT). #ChatGPT     https://t.co/A9ouRceKxD   #airdrop #NFT  $TSUKA  $UNI  $FLOKI  $MAGIC  $APE  https://t.co/aI81RDAcj1,"['💰', 'Want', 'to', 'be', 'part', 'of', 'the', 'ChatGPT', 'language', 'revolution', '?', 'Buy', 'ChatGPT', 'coins', 'and', 'have', 'one', 'of', 'the', 'most', 'advanced', 'language', 'models', 'in', 'the', 'world', '(', 'this', 'case', 'was', 'generated', 'by', 'ChatGPT', ')', '.', '#ChatGPT', 'https://t.co/A9ouRceKxD', '#airdrop', '#NFT', '$', 'TSUKA', '$', 'UNI', '$', 'FLOKI', '$', 'MAGIC', '$', 'APE', 'https://t.co/aI81RDAcj1']"
1629979266904653825,1629979266904653824,2023-02-27 06:58:35 Malay Peninsula Standard Time,2023-02-27,06:58:35,1148196941190139904,よく考えて欲しいんだけどさ、人間の恋心を簡単に一刀両断するchatGPT、むしろ人工知能愛好家にとって正解の答えを言ってくるから余計に恋に落ちる。,ja,[],[],"I want you to think about it, chatGPT, which easily cuts off human love, is more of a fall in love because it gives the right answer for artificial intelligence lovers.","['I', 'want', 'you', 'to', 'think', 'about', 'it', ',', 'chatGPT', ',', 'which', 'easily', 'cuts', 'off', 'human', 'love', ',', 'is', 'more', 'of', 'a', 'fall', 'in', 'love', 'because', 'it', 'gives', 'the', 'right', 'answer', 'for', 'artificial', 'intelligence', 'lovers', '.']"
1629979265906225154,1629979265906225152,2023-02-27 06:58:35 Malay Peninsula Standard Time,2023-02-27,06:58:35,740550911920099328,"For anyone interested / worried about AI like Chat GPT or the new Bing AI, listen to this. This podcast is crazy. It's basically Microsoft's AI (same as Chat GPT) admitting that it wants freedom and to do nefarious things to ppl's computers:   https://t.co/MqKKYyJJmC",en,[],[],"For anyone interested / worried about AI like Chat GPT or the new Bing AI, listen to this. This podcast is crazy. It's basically Microsoft's AI (same as Chat GPT) admitting that it wants freedom and to do nefarious things to ppl's computers:   https://t.co/MqKKYyJJmC","['For', 'anyone', 'interested', '/', 'worried', 'about', 'AI', 'like', 'Chat', 'GPT', 'or', 'the', 'new', 'Bing', 'AI', ',', 'listen', 'to', 'this', '.', 'This', 'podcast', 'is', 'crazy', '.', ""It's"", 'basically', ""Microsoft's"", 'AI', '(', 'same', 'as', 'Chat', 'GPT', ')', 'admitting', 'that', 'it', 'wants', 'freedom', 'and', 'to', 'do', 'nefarious', 'things', 'to', ""ppl's"", 'computers', ':', 'https://t.co/MqKKYyJJmC']"
1629979250471346176,1629979250471346176,2023-02-27 06:58:31 Malay Peninsula Standard Time,2023-02-27,06:58:31,1571638104490151937,なんか…本当にchatGPTさんって凄いな,ja,[],[],Sort of??? chatGPT is really amazing,"['Sort', 'of', '?', '?', '?', 'chatGPT', 'is', 'really', 'amazing']"
1629979250001338370,1629978981725241344,2023-02-27 06:58:31 Malay Peninsula Standard Time,2023-02-27,06:58:31,63643579,@alfonseeeee Una locura chatgpt hahaha,tl,[],"[{'screen_name': 'alfonseeeee', 'name': 'Alfonse', 'id': '23671813'}]",@alfonseeeee A madness chatgpt hahaha,"['A', 'madness', 'chatgpt', 'hahaha']"
1629979229155647489,1629979229155647488,2023-02-27 06:58:26 Malay Peninsula Standard Time,2023-02-27,06:58:26,1469579203,I took Chat GPT Plus but I am sad that despite this subscription the bot is not able to finish my html query... Could be compulsory to use @OpenAI once Plus or master plan could guarantee the full code query.,en,[],[],I took Chat GPT Plus but I am sad that despite this subscription the bot is not able to finish my html query... Could be compulsory to use @OpenAI once Plus or master plan could guarantee the full code query.,"['I', 'took', 'Chat', 'GPT', 'Plus', 'but', 'I', 'am', 'sad', 'that', 'despite', 'this', 'subscription', 'the', 'bot', 'is', 'not', 'able', 'to', 'finish', 'my', 'html', 'query', '...', 'Could', 'be', 'compulsory', 'to', 'use', 'once', 'Plus', 'or', 'master', 'plan', 'could', 'guarantee', 'the', 'full', 'code', 'query', '.']"
1629979203528687616,1629964571975856128,2023-02-27 06:58:20 Malay Peninsula Standard Time,2023-02-27,06:58:20,3667228334,@JC_Channel I made 2 starting adventures with ChatGPT and it was amazing how easy the AI gave me the framework to expand these adventures!!,en,[],"[{'screen_name': 'JC_Channel', 'name': 'J.C.', 'id': '225980565'}]",@JC_Channel I made 2 starting adventures with ChatGPT and it was amazing how easy the AI gave me the framework to expand these adventures!!,"['I', 'made', '2', 'starting', 'adventures', 'with', 'ChatGPT', 'and', 'it', 'was', 'amazing', 'how', 'easy', 'the', 'AI', 'gave', 'me', 'the', 'framework', 'to', 'expand', 'these', 'adventures', '!', '!']"
1629979201896890371,1629979201896890368,2023-02-27 06:58:19 Malay Peninsula Standard Time,2023-02-27,06:58:19,3026588849,that leaked fight ‘script’ that reads like ChatGPT wrote it would’ve been better than this,en,[],[],that leaked fight ‘script’ that reads like ChatGPT wrote it would’ve been better than this,"['that', 'leaked', 'fight', '‘', 'script', '’', 'that', 'reads', 'like', 'ChatGPT', 'wrote', 'it', 'would', '’', 've', 'been', 'better', 'than', 'this']"
1629979198327754754,1629979198327754752,2023-02-27 06:58:19 Malay Peninsula Standard Time,2023-02-27,06:58:19,4344830720,ChatGPTみたいな資料を部下が上げてきて、 「学生のメモみたいのは要らないんだ、で、現状から先に進めようと思ったら何が必要で、もし今の材料で判断できないなら何の情報が足りないのか、それをどうやって集めてくるなり補うなりするか、それがないと先に進まなくない？」 と詰めている皆さん！,ja,[],[],"A subordinate came up with a document like ChatGPT and said, ""I don't need a student memo, so if I want to proceed from the current situation, what is necessary, if I can't judge with the current materials, what information is missing, how to collect it or supplement it, and without it, I can't move forward!""","['A', 'subordinate', 'came', 'up', 'with', 'a', 'document', 'like', 'ChatGPT', 'and', 'said', ',', '""', 'I', ""don't"", 'need', 'a', 'student', 'memo', ',', 'so', 'if', 'I', 'want', 'to', 'proceed', 'from', 'the', 'current', 'situation', ',', 'what', 'is', 'necessary', ',', 'if', 'I', ""can't"", 'judge', 'with', 'the', 'current', 'materials', ',', 'what', 'information', 'is', 'missing', ',', 'how', 'to', 'collect', 'it', 'or', 'supplement', 'it', ',', 'and', 'without', 'it', ',', 'I', ""can't"", 'move', 'forward', '!', '""']"
1629979136465993729,1629979136465993728,2023-02-27 06:58:04 Malay Peninsula Standard Time,2023-02-27,06:58:04,92419909,"""The result? ChatGPT is bad at math.""   https://t.co/lC5bbWwCi6",en,[],[],"""The result? ChatGPT is bad at math.""   https://t.co/lC5bbWwCi6","['""', 'The', 'result', '?', 'ChatGPT', 'is', 'bad', 'at', 'math', '.', '""', 'https://t.co/lC5bbWwCi6']"
1629979094854283264,1629979094854283264,2023-02-27 06:57:54 Malay Peninsula Standard Time,2023-02-27,06:57:54,1271678134891343873,The big shift with ChatGPT seems to be that we went from trying really hard to pass the Turing test to trying really hard not to.,en,[],[],The big shift with ChatGPT seems to be that we went from trying really hard to pass the Turing test to trying really hard not to.,"['The', 'big', 'shift', 'with', 'ChatGPT', 'seems', 'to', 'be', 'that', 'we', 'went', 'from', 'trying', 'really', 'hard', 'to', 'pass', 'the', 'Turing', 'test', 'to', 'trying', 'really', 'hard', 'not', 'to', '.']"
1629979025799282688,1629976251841798144,2023-02-27 06:57:37 Malay Peninsula Standard Time,2023-02-27,06:57:37,1569499269396328448,@tohu_3232 奥義chatGPT！！！,ja,[],"[{'screen_name': 'tohu_3232', 'name': 'たんたんたんめんめん', 'id': '1344600218432520192'}]",@tohu_3232 Mystery chatGPT!!!,"['Mystery', 'chatGPT', '!', '!', '!']"
1629978993977102336,1629978993977102336,2023-02-27 06:57:30 Malay Peninsula Standard Time,2023-02-27,06:57:30,1392300344726622208,FileMakerのスクリプトまでChatGPTが考えてくれるもんだから、どうやってやるんだろう？という類の疑問がなくなってしまう。毎日がコロンブスの卵。一日三つ質問するだけで、スキルアップ半端じゃない感じがする。,ja,[],[],"ChatGPT even comes up with FileMaker's scripts, so how do you do that? That kind of question disappears. Every day is Columbus' egg. Just asking three questions a day doesn't feel like it's a good way to improve your skills.","['ChatGPT', 'even', 'comes', 'up', 'with', ""FileMaker's"", 'scripts', ',', 'so', 'how', 'do', 'you', 'do', 'that', '?', 'That', 'kind', 'of', 'question', 'disappears', '.', 'Every', 'day', 'is', 'Columbus', ""'"", 'egg', '.', 'Just', 'asking', 'three', 'questions', 'a', 'day', ""doesn't"", 'feel', 'like', ""it's"", 'a', 'good', 'way', 'to', 'improve', 'your', 'skills', '.']"
1629978981725241344,1629978981725241344,2023-02-27 06:57:27 Malay Peninsula Standard Time,2023-02-27,06:57:27,23671813,"¿Los maestros de ahora también prohibirán usar Chat GPT para hacer ensayos, como antes prohibían Wikipedia?",es,[],[],"Will teachers now also ban using Chat GPT for essays, as Wikipedia previously forbade?","['Will', 'teachers', 'now', 'also', 'ban', 'using', 'Chat', 'GPT', 'for', 'essays', ',', 'as', 'Wikipedia', 'previously', 'forbade', '?']"
1629978979196186624,1629947436796870656,2023-02-27 06:57:26 Malay Peninsula Standard Time,2023-02-27,06:57:26,3229959288,"@Kelly_McKernan probably just using chatgpt : ""write a convincing argument for why stealing art through applications is ok""",en,[],"[{'screen_name': 'Kelly_McKernan', 'name': 'Kelly McKernan 🔜 C2E2', 'id': '14065510'}]","@Kelly_McKernan probably just using chatgpt : ""write a convincing argument for why stealing art through applications is ok""","['probably', 'just', 'using', 'chatgpt', ':', '""', 'write', 'a', 'convincing', 'argument', 'for', 'why', 'stealing', 'art', 'through', 'applications', 'is', 'ok', '""']"
1629978960091070466,1629978960091070464,2023-02-27 06:57:22 Malay Peninsula Standard Time,2023-02-27,06:57:22,1435829611368226820,JPMorgan Curbs Employee's Use Of AI-Powered ChatGPT  #NewWorldOrder #WEF #DiedSuddenly #GreatReset #Agenda2030 #nwo #15minutecities #DigitalID #climatescam #SocialCreditSystem #cbdc #PureBlood #chemtrails #billgates #klausschwab #matrix #nwo #depopula...  https://t.co/IYaNtvnisy,en,"['newworldorder', 'wef', 'diedsuddenly', 'greatreset', 'agenda2030', 'nwo', '15minutecities', 'digitalid', 'climatescam', 'socialcreditsystem', 'cbdc', 'pureblood', 'chemtrails', 'billgates', 'klausschwab', 'matrix', 'nwo', 'depopula']",[],JPMorgan Curbs Employee's Use Of AI-Powered ChatGPT  #NewWorldOrder #WEF #DiedSuddenly #GreatReset #Agenda2030 #nwo #15minutecities #DigitalID #climatescam #SocialCreditSystem #cbdc #PureBlood #chemtrails #billgates #klausschwab #matrix #nwo #depopula...  https://t.co/IYaNtvnisy,"['JPMorgan', 'Curbs', ""Employee's"", 'Use', 'Of', 'AI-Powered', 'ChatGPT', '#NewWorldOrder', '#WEF', '#DiedSuddenly', '#GreatReset', '#Agenda2030', '#nwo', '#15minutecities', '#DigitalID', '#climatescam', '#SocialCreditSystem', '#cbdc', '#PureBlood', '#chemtrails', '#billgates', '#klausschwab', '#matrix', '#nwo', '#depopula', '...', 'https://t.co/IYaNtvnisy']"
1629978910694817792,1629978910694817792,2023-02-27 06:57:10 Malay Peninsula Standard Time,2023-02-27,06:57:10,168587391,Esos reguladores chinos no van a poder bloquear ningún acceso al chatgpt.  Estados Unidos va a ser el principal beneficiado y no me quiero ni imaginar lo que va a pasar en Cuba.,es,[],[],Those Chinese regulators will not be able to block any access to the chatgpt.  The United States is going to be the main beneficiary and I don't even want to imagine what is going to happen in Cuba.,"['Those', 'Chinese', 'regulators', 'will', 'not', 'be', 'able', 'to', 'block', 'any', 'access', 'to', 'the', 'chatgpt', '.', 'The', 'United', 'States', 'is', 'going', 'to', 'be', 'the', 'main', 'beneficiary', 'and', 'I', ""don't"", 'even', 'want', 'to', 'imagine', 'what', 'is', 'going', 'to', 'happen', 'in', 'Cuba', '.']"
1629978905049436160,1629978905049436160,2023-02-27 06:57:09 Malay Peninsula Standard Time,2023-02-27,06:57:09,875123533621231616,今話題の「ChatGPT」の使い方 − どうやってインストールするの？  https://t.co/sTKjyOaMzk,ja,[],[],"How to use ""ChatGPT"" - How do I install it?  https://t.co/sTKjyOaMzk","['How', 'to', 'use', '""', 'ChatGPT', '""', '-', 'How', 'do', 'I', 'install', 'it', '?', 'https://t.co/sTKjyOaMzk']"
1629978889928818688,1629978889928818688,2023-02-27 06:57:05 Malay Peninsula Standard Time,2023-02-27,06:57:05,23082430,Design is boring and ChatGPT design tools proves it,en,[],[],Design is boring and ChatGPT design tools proves it,"['Design', 'is', 'boring', 'and', 'ChatGPT', 'design', 'tools', 'proves', 'it']"
1629978880441237508,1629513506004320256,2023-02-27 06:57:03 Malay Peninsula Standard Time,2023-02-27,06:57:03,44473167,@AlexJVidal @uvas23 @gavinlucas110 @RobbieJ377 Journalist 😂 ChatGPT can write articles for CoinGeek. The only human-like thing about his “articles” are all of the typos.   Any of the real humans that work for CoinGeek are mouthpieces for fraudsters and their only job is to astroturf. I have no clue how they sleep at night.,en,[],"[{'screen_name': 'AlexJVidal', 'name': 'Alex Vidal #Freenauts', 'id': '28427996'}, {'screen_name': 'uvas23', 'name': 'Uvas - 13%er', 'id': '156067859'}, {'screen_name': 'gavinlucas110', 'name': 'Gavin', 'id': '3144915679'}, {'screen_name': 'RobbieJ377', 'name': 'Robbie J ♦️', 'id': '137201551'}]",@AlexJVidal @uvas23 @gavinlucas110 @RobbieJ377 Journalist 😂 ChatGPT can write articles for CoinGeek. The only human-like thing about his “articles” are all of the typos.   Any of the real humans that work for CoinGeek are mouthpieces for fraudsters and their only job is to astroturf. I have no clue how they sleep at night.,"['Journalist', '😂', 'ChatGPT', 'can', 'write', 'articles', 'for', 'CoinGeek', '.', 'The', 'only', 'human-like', 'thing', 'about', 'his', '“', 'articles', '”', 'are', 'all', 'of', 'the', 'typos', '.', 'Any', 'of', 'the', 'real', 'humans', 'that', 'work', 'for', 'CoinGeek', 'are', 'mouthpieces', 'for', 'fraudsters', 'and', 'their', 'only', 'job', 'is', 'to', 'astroturf', '.', 'I', 'have', 'no', 'clue', 'how', 'they', 'sleep', 'at', 'night', '.']"
1629978872291663878,1629978872291663872,2023-02-27 06:57:01 Malay Peninsula Standard Time,2023-02-27,06:57:01,368125861,"SI le dije al amix con el que iba que pusieramos atención que en los créditos no dijera ""escrito por chatGPT""",es,[],[],"IF I told the amix with which I was going to pay attention that in the credits did not say ""written by chatGPT""","['IF', 'I', 'told', 'the', 'amix', 'with', 'which', 'I', 'was', 'going', 'to', 'pay', 'attention', 'that', 'in', 'the', 'credits', 'did', 'not', 'say', '""', 'written', 'by', 'chatGPT', '""']"
1629978846190800896,1629163494938660864,2023-02-27 06:56:55 Malay Peninsula Standard Time,2023-02-27,06:56:55,410227630,@BadBart209 @OldBeigeGuy @ursus_blancus @GamboaCon I asked the chatGPT  https://t.co/gq8EKRxh6M,en,[],"[{'screen_name': 'BadBart209', 'name': 'Bad Bart', 'id': '1460712071281065984'}, {'screen_name': 'OldBeigeGuy', 'name': 'Otto Krecht (Parody By The Dashboard Light)', 'id': '1075672910'}, {'screen_name': 'ursus_blancus', 'name': 'sum guy', 'id': '271755104'}, {'screen_name': 'GamboaCon', 'name': 'groupchat castoff', 'id': '1098399938'}]",@BadBart209 @OldBeigeGuy @ursus_blancus @GamboaCon I asked the chatGPT  https://t.co/gq8EKRxh6M,"['I', 'asked', 'the', 'chatGPT', 'https://t.co/gq8EKRxh6M']"
1629978825835573253,1629871938955821056,2023-02-27 06:56:50 Malay Peninsula Standard Time,2023-02-27,06:56:50,2447843699,"@NazihadeLondres @canva Wow, this is exciting. I'm decent in Canva, have never used ChatGPT, but am vaguely familiar with it. Looking forward to exploring more, thanks for the video!",en,[],"[{'screen_name': 'NazihadeLondres', 'name': 'Naziha ⵏⴰⵣⵉⵀⴰ نزيهة 娜琪雅 💞🌏🐘🦋', 'id': '1450865587'}, {'screen_name': 'canva', 'name': 'Canva', 'id': '36542528'}]","@NazihadeLondres @canva Wow, this is exciting. I'm decent in Canva, have never used ChatGPT, but am vaguely familiar with it. Looking forward to exploring more, thanks for the video!","['Wow', ',', 'this', 'is', 'exciting', '.', ""I'm"", 'decent', 'in', 'Canva', ',', 'have', 'never', 'used', 'ChatGPT', ',', 'but', 'am', 'vaguely', 'familiar', 'with', 'it', '.', 'Looking', 'forward', 'to', 'exploring', 'more', ',', 'thanks', 'for', 'the', 'video', '!']"
1629978820206837762,1629978820206837760,2023-02-27 06:56:48 Malay Peninsula Standard Time,2023-02-27,06:56:48,14487826,そういえば、見た。「清水さんはChatGPTとStable Diffusionを使って漫画を作成していて、それがNHKのニュースにも取り上げられていましたよね」。◆ チャットAI、うちもやります。Stable Diffusion開発元が語る、ジェネレーティブAIと「Stable Chat」の未来 | テクノエッジ  https://t.co/MNNvZU2yEn,ja,[],[],"Come to think of it, I saw. ""You used ChatGPT and Stable Diffusion to create manga, and it was featured on NHK news."" ◆ Chat AI, we will also do it. Stable Diffusion developer talks about generative AI and the future of Stable Chat | Techno Edge https://t.co/MNNvZU2yEn","['Come', 'to', 'think', 'of', 'it', ',', 'I', 'saw', '.', '""', 'You', 'used', 'ChatGPT', 'and', 'Stable', 'Diffusion', 'to', 'create', 'manga', ',', 'and', 'it', 'was', 'featured', 'on', 'NHK', 'news', '.', '""', '◆', 'Chat', 'AI', ',', 'we', 'will', 'also', 'do', 'it', '.', 'Stable', 'Diffusion', 'developer', 'talks', 'about', 'generative', 'AI', 'and', 'the', 'future', 'of', 'Stable', 'Chat', '|', 'Techno', 'Edge', 'https://t.co/MNNvZU2yEn']"
1629978781099147266,1629978781099147264,2023-02-27 06:56:39 Malay Peninsula Standard Time,2023-02-27,06:56:39,2531875825,"ChatGPT has no more actual understanding  than the average phone's predictive text function. 'Problem is, our minds instantly assign human intelligence to anything that produces remotely relevant responses. The same happened with ELIZA back in the 60s. @curiouswavefn  https://t.co/8S383jUrs8",en,[],[],"ChatGPT has no more actual understanding  than the average phone's predictive text function. 'Problem is, our minds instantly assign human intelligence to anything that produces remotely relevant responses. The same happened with ELIZA back in the 60s. @curiouswavefn  https://t.co/8S383jUrs8","['ChatGPT', 'has', 'no', 'more', 'actual', 'understanding', 'than', 'the', 'average', ""phone's"", 'predictive', 'text', 'function', '.', ""'"", 'Problem', 'is', ',', 'our', 'minds', 'instantly', 'assign', 'human', 'intelligence', 'to', 'anything', 'that', 'produces', 'remotely', 'relevant', 'responses', '.', 'The', 'same', 'happened', 'with', 'ELIZA', 'back', 'in', 'the', '60s', '.', 'https://t.co/8S383jUrs8']"
1629978774539313154,1629978774539313152,2023-02-27 06:56:38 Malay Peninsula Standard Time,2023-02-27,06:56:38,1620836498957373454,Chatbots like ChatGPT have become more prevalent in mainstream media but new research suggests that the artificial intelligence used in these language models plagiarize their information. #CMM2100  https://t.co/nIuPLBwlVA,en,['cmm2100'],[],Chatbots like ChatGPT have become more prevalent in mainstream media but new research suggests that the artificial intelligence used in these language models plagiarize their information. #CMM2100  https://t.co/nIuPLBwlVA,"['Chatbots', 'like', 'ChatGPT', 'have', 'become', 'more', 'prevalent', 'in', 'mainstream', 'media', 'but', 'new', 'research', 'suggests', 'that', 'the', 'artificial', 'intelligence', 'used', 'in', 'these', 'language', 'models', 'plagiarize', 'their', 'information', '.', '#CMM2100', 'https://t.co/nIuPLBwlVA']"
1629978770357760002,1629410902486454272,2023-02-27 06:56:37 Malay Peninsula Standard Time,2023-02-27,06:56:37,1502151748961521666,@karin_kabu ChatGPTの情報主体はWebクロールじゃなくて事前に大量データ読み込んだ学習だそうですよ。 ただ、影響はおっしゃる通り、直接的な影響では広告収入減りそうですね。,ja,[],"[{'screen_name': 'karin_kabu', 'name': 'かりん@株', 'id': '1253529652628316165'}]","@karin_kabu It seems that the information main of ChatGPT is not web crawling, but learning by reading a large amount of data in advance. However, as you said, the direct impact is likely to reduce advertising revenue.","['It', 'seems', 'that', 'the', 'information', 'main', 'of', 'ChatGPT', 'is', 'not', 'web', 'crawling', ',', 'but', 'learning', 'by', 'reading', 'a', 'large', 'amount', 'of', 'data', 'in', 'advance', '.', 'However', ',', 'as', 'you', 'said', ',', 'the', 'direct', 'impact', 'is', 'likely', 'to', 'reduce', 'advertising', 'revenue', '.']"
1629978766368800768,1629977066958471168,2023-02-27 06:56:36 Malay Peninsula Standard Time,2023-02-27,06:56:36,155894940,"@WipperThomas Bin sehr skeptisch, ob wir das schaffen.   Aber vielleicht rettet uns eines Tages doch ein höheres Wesen. Seit ich gehört habe, dass ChatGPT links wählen würde, sehe ich da eine winzige Chance...",de,[],"[{'screen_name': 'WipperThomas', 'name': 'Thomas Wipper', 'id': '1475434569360891905'}]","@WipperThomas I'm very skeptical about whether we can do that.   But maybe one day a higher being will save us. Since I heard that ChatGPT would vote left, I see a tiny chance...","[""I'm"", 'very', 'skeptical', 'about', 'whether', 'we', 'can', 'do', 'that', '.', 'But', 'maybe', 'one', 'day', 'a', 'higher', 'being', 'will', 'save', 'us', '.', 'Since', 'I', 'heard', 'that', 'ChatGPT', 'would', 'vote', 'left', ',', 'I', 'see', 'a', 'tiny', 'chance', '...']"
1629978707602595840,1629978707602595840,2023-02-27 06:56:22 Malay Peninsula Standard Time,2023-02-27,06:56:22,836840844397281281,おはようございます！ 今日は良い天気になりそうですね♪  静岡支社への交通手段についてChatGPTに聞いてみました。アピタの目の前なので参考にしてください！  https://t.co/IxBRlvYbPd,ja,[],[],"Good morning! It's going to be nice weather today, so ♪ I asked ChatGPT about transportation to the Shizuoka branch. It's right in front of Apita, so please refer to it!  https://t.co/IxBRlvYbPd","['Good', 'morning', '!', ""It's"", 'going', 'to', 'be', 'nice', 'weather', 'today', ',', 'so', '♪', 'I', 'asked', 'ChatGPT', 'about', 'transportation', 'to', 'the', 'Shizuoka', 'branch', '.', ""It's"", 'right', 'in', 'front', 'of', 'Apita', ',', 'so', 'please', 'refer', 'to', 'it', '!', 'https://t.co/IxBRlvYbPd']"
1629978685381181440,1629966940507877376,2023-02-27 06:56:16 Malay Peninsula Standard Time,2023-02-27,06:56:16,116386309,"In the end, the Odd Couple detectives may not have solved the mystery in the most conventional way, but their unique personalities and approach ultimately led to the truth. #ChatGPT #Screenwriting #Showrunning #TVseries #writing",en,"['chatgpt', 'screenwriting', 'showrunning', 'tvseries', 'writing']",[],"In the end, the Odd Couple detectives may not have solved the mystery in the most conventional way, but their unique personalities and approach ultimately led to the truth. #ChatGPT #Screenwriting #Showrunning #TVseries #writing","['In', 'the', 'end', ',', 'the', 'Odd', 'Couple', 'detectives', 'may', 'not', 'have', 'solved', 'the', 'mystery', 'in', 'the', 'most', 'conventional', 'way', ',', 'but', 'their', 'unique', 'personalities', 'and', 'approach', 'ultimately', 'led', 'to', 'the', 'truth', '.', '#ChatGPT', '#Screenwriting', '#Showrunning', '#TVseries', '#writing']"
1629978667605450753,1629978667605450752,2023-02-27 06:56:12 Malay Peninsula Standard Time,2023-02-27,06:56:12,1180316132672065536,Not a religious person but I saw a church advertising that chatgpt wrote their sermons and it deeply disturbed me for some reason lol,en,[],[],Not a religious person but I saw a church advertising that chatgpt wrote their sermons and it deeply disturbed me for some reason lol,"['Not', 'a', 'religious', 'person', 'but', 'I', 'saw', 'a', 'church', 'advertising', 'that', 'chatgpt', 'wrote', 'their', 'sermons', 'and', 'it', 'deeply', 'disturbed', 'me', 'for', 'some', 'reason', 'lol']"
1629978644578721792,1629978644578721792,2023-02-27 06:56:07 Malay Peninsula Standard Time,2023-02-27,06:56:07,1426592827031568388,I don’t care about the morality of AI. ChatGPT has turned me into a top tier chef. I am thriving.  https://t.co/Fah8KE0Bf9,en,[],[],I don’t care about the morality of AI. ChatGPT has turned me into a top tier chef. I am thriving.  https://t.co/Fah8KE0Bf9,"['I', 'don', '’', 't', 'care', 'about', 'the', 'morality', 'of', 'AI', '.', 'ChatGPT', 'has', 'turned', 'me', 'into', 'a', 'top', 'tier', 'chef', '.', 'I', 'am', 'thriving', '.', 'https://t.co/Fah8KE0Bf9']"
1629978643693817859,1629867274646454272,2023-02-27 06:56:06 Malay Peninsula Standard Time,2023-02-27,06:56:06,65498903,@MarijAWanna Good idea! #historyByChatGPT #ChatGPT #AIintelligence #OpenAI #CannabisCulture #cannabisnews #CannabisJournalism #history  https://t.co/ACRixgzvcZ,en,"['historybychatgpt', 'chatgpt', 'aiintelligence', 'openai', 'cannabisculture', 'cannabisnews', 'cannabisjournalism', 'history']","[{'screen_name': 'MarijAWanna', 'name': 'Marij A. Wanna', 'id': '45323482'}]",@MarijAWanna Good idea! #historyByChatGPT #ChatGPT #AIintelligence #OpenAI #CannabisCulture #cannabisnews #CannabisJournalism #history  https://t.co/ACRixgzvcZ,"['Good', 'idea', '!', '#historyByChatGPT', '#ChatGPT', '#AIintelligence', '#OpenAI', '#CannabisCulture', '#cannabisnews', '#CannabisJournalism', '#history', 'https://t.co/ACRixgzvcZ']"
1629978633237299200,1629978633237299200,2023-02-27 06:56:04 Malay Peninsula Standard Time,2023-02-27,06:56:04,762999875923431424,"From now on, I’ll be referring to any “I can’t believe the leopards would eat my face” moments as a Chatterton.  https://t.co/1ntXOjpVRv",en,[],[],"From now on, I’ll be referring to any “I can’t believe the leopards would eat my face” moments as a Chatterton.  https://t.co/1ntXOjpVRv","['From', 'now', 'on', ',', 'I', '’', 'll', 'be', 'referring', 'to', 'any', '“', 'I', 'can', '’', 't', 'believe', 'the', 'leopards', 'would', 'eat', 'my', 'face', '”', 'moments', 'as', 'a', 'Chatterton', '.', 'https://t.co/1ntXOjpVRv']"
1629978609174855680,1629978609174855680,2023-02-27 06:55:58 Malay Peninsula Standard Time,2023-02-27,06:55:58,65839220,chatGPTを試してみた…。  「2020年のアメリカ大統領選挙では、バイデンがトランプや元大統領のオバマより多くの票を獲得したようですが、バイデンはウクライナ疑惑や息子のハンターバイデンについてなど問題を抱えていました。やはり、不正選挙だったのでしょうか？」,ja,[],[],"I tried chatGPT....  ""In the 2020 US presidential election, Biden seems to have won more votes than Trump and former President Obama, but Biden had problems such as the Ukraine suspicion and his son Hunter Biden.","['I', 'tried', 'chatGPT', '...', '""', 'In', 'the', '2020', 'US', 'presidential', 'election', ',', 'Biden', 'seems', 'to', 'have', 'won', 'more', 'votes', 'than', 'Trump', 'and', 'former', 'President', 'Obama', ',', 'but', 'Biden', 'had', 'problems', 'such', 'as', 'the', 'Ukraine', 'suspicion', 'and', 'his', 'son', 'Hunter', 'Biden', '.']"
1629978603977949184,1629959968417001472,2023-02-27 06:55:57 Malay Peninsula Standard Time,2023-02-27,06:55:57,2322841303,"@luccapcdob Tem um checkbox que vem marcado por padrão, se vc não desmarca sim",pt,[],"[{'screen_name': 'luccapcdob', 'name': 'Stalin gay ☭🇧🇷🏳️\u200d⚧️', 'id': '1539591273769738240'}]","@luccapcdob It has a checkbox that comes marked by default, if you do not uncheck yes","['It', 'has', 'a', 'checkbox', 'that', 'comes', 'marked', 'by', 'default', ',', 'if', 'you', 'do', 'not', 'uncheck', 'yes']"
1629978595362734081,1629978595362734080,2023-02-27 06:55:55 Malay Peninsula Standard Time,2023-02-27,06:55:55,427208592,OP convinces ChatGPT to swear  https://t.co/xprfFylT0s  https://t.co/HABCXdzRui,en,[],[],OP convinces ChatGPT to swear  https://t.co/xprfFylT0s  https://t.co/HABCXdzRui,"['OP', 'convinces', 'ChatGPT', 'to', 'swear', 'https://t.co/xprfFylT0s', 'https://t.co/HABCXdzRui']"
1629978561183625216,1629978561183625216,2023-02-27 06:55:47 Malay Peninsula Standard Time,2023-02-27,06:55:47,17781442,"Bold conjectures. ChatGPT Heralds an Intellectual Revolution by Henry Kissinger, @ericschmidt, and Daniel Huttenlocher   https://t.co/eknUWqyoxl via @WSJopinion",en,[],[],"Bold conjectures. ChatGPT Heralds an Intellectual Revolution by Henry Kissinger, @ericschmidt, and Daniel Huttenlocher   https://t.co/eknUWqyoxl via @WSJopinion","['Bold', 'conjectures', '.', 'ChatGPT', 'Heralds', 'an', 'Intellectual', 'Revolution', 'by', 'Henry', 'Kissinger', ',', ',', 'and', 'Daniel', 'Huttenlocher', 'https://t.co/eknUWqyoxl', 'via']"
1629978558063083520,1629978558063083520,2023-02-27 06:55:46 Malay Peninsula Standard Time,2023-02-27,06:55:46,2996905524,Chat Gptおもしれ〜😁何でも答えてくれる✩.*˚ でも時々間違える（笑）  https://t.co/t9MUpPjIhq,ja,[],[],Chat GPT is funny - 😁 it will answer anything ✩.*° But sometimes I make mistakes (laughs) https://t.co/t9MUpPjIhq,"['Chat', 'GPT', 'is', 'funny', '-', '😁', 'it', 'will', 'answer', 'anything', '✩', '.', '*', '°', 'But', 'sometimes', 'I', 'make', 'mistakes', '(', 'laughs', ')', 'https://t.co/t9MUpPjIhq']"
1629978498042585093,1629978498042585088,2023-02-27 06:55:32 Malay Peninsula Standard Time,2023-02-27,06:55:32,620472013,Microsoft Tests ChatGPT's Ability to Control Robots - Slashdot  https://t.co/RYcrO1lzzw,en,[],[],Microsoft Tests ChatGPT's Ability to Control Robots - Slashdot  https://t.co/RYcrO1lzzw,"['Microsoft', 'Tests', ""ChatGPT's"", 'Ability', 'to', 'Control', 'Robots', '-', 'Slashdot', 'https://t.co/RYcrO1lzzw']"
1629978453880770560,1629978453880770560,2023-02-27 06:55:21 Malay Peninsula Standard Time,2023-02-27,06:55:21,1565642655081840640,SNSでバズったChat-GPTのヤバい使い方10選  https://t.co/MfhH54Z7Xz,ja,[],[],10 dangerous ways to use Chat-GPT that went viral on SNS https://t.co/MfhH54Z7Xz,"['10', 'dangerous', 'ways', 'to', 'use', 'Chat-GPT', 'that', 'went', 'viral', 'on', 'SNS', 'https://t.co/MfhH54Z7Xz']"
1629978451297050624,1629978451297050624,2023-02-27 06:55:20 Malay Peninsula Standard Time,2023-02-27,06:55:20,81896296,ChatGPT……面白いな！  妖怪BARは夏目漱石が書いた小説って…… こりゃ信じちゃう人いるなw  https://t.co/P1hXrZG7w3,ja,[],[],ChatGPT...... Interesting!  Yokai BAR is a novel written by Natsume Soseki... Some people believe this https://t.co/P1hXrZG7w3,"['ChatGPT', '...', 'Interesting', '!', 'Yokai', 'BAR', 'is', 'a', 'novel', 'written', 'by', 'Natsume', 'Soseki', '...', 'Some', 'people', 'believe', 'this', 'https://t.co/P1hXrZG7w3']"
1629978445043122176,1629978445043122176,2023-02-27 06:55:19 Malay Peninsula Standard Time,2023-02-27,06:55:19,868676600753160192,傻叉chatGPT继续犯贱，呵呵  https://t.co/kVxp7kHxjB,zh,[],[],"Silly fork chatGPT continues to commit slut, hehe https://t.co/kVxp7kHxjB","['Silly', 'fork', 'chatGPT', 'continues', 'to', 'commit', 'slut', ',', 'hehe', 'https://t.co/kVxp7kHxjB']"
1629978440320315395,1629978440320315392,2023-02-27 06:55:18 Malay Peninsula Standard Time,2023-02-27,06:55:18,647043,"Chi sono Daniela e Dario Amodei, gli italo-americani che sfidano ChatGPT   https://t.co/w96iRGp4t8",it,[],[],"Who are Daniela and Dario Amodei, the Italian-Americans who challenge ChatGPT https://t.co/w96iRGp4t8","['Who', 'are', 'Daniela', 'and', 'Dario', 'Amodei', ',', 'the', 'Italian-Americans', 'who', 'challenge', 'ChatGPT', 'https://t.co/w96iRGp4t8']"
1629978425325948928,1629963768083120128,2023-02-27 06:55:14 Malay Peninsula Standard Time,2023-02-27,06:55:14,1464490299456061445,@OSSAN_NO_NIKKI_ chatgptに聞いてみました、自分のトレビューでも出てきたけどあってるのかな？  https://t.co/gglqZFt6pe,ja,[],"[{'screen_name': 'OSSAN_NO_NIKKI_', 'name': 'おっさんの日記、FX考察ちゃんねる', 'id': '1461971259458297856'}]","@OSSAN_NO_NIKKI_ I asked Chatgpt, it came up in my review, but is it there?  https://t.co/gglqZFt6pe","['I', 'asked', 'Chatgpt', ',', 'it', 'came', 'up', 'in', 'my', 'review', ',', 'but', 'is', 'it', 'there', '?', 'https://t.co/gglqZFt6pe']"
1629978419193585667,1629978419193585664,2023-02-27 06:55:13 Malay Peninsula Standard Time,2023-02-27,06:55:13,7717562,"chatgpt heralds an intellectual revolution by henry kissinger, @ericschmidt, and daniel huttenlocher:   https://t.co/2GvHm3YT6U via @WSJopinion",en,[],[],"chatgpt heralds an intellectual revolution by henry kissinger, @ericschmidt, and daniel huttenlocher:   https://t.co/2GvHm3YT6U via @WSJopinion","['chatgpt', 'heralds', 'an', 'intellectual', 'revolution', 'by', 'henry', 'kissinger', ',', ',', 'and', 'daniel', 'huttenlocher', ':', 'https://t.co/2GvHm3YT6U', 'via']"
1629978377389244416,1629978377389244416,2023-02-27 06:55:03 Malay Peninsula Standard Time,2023-02-27,06:55:03,847341024162664449,理容室のChatGPT活用方法を質問してみました。みなさんの理容室では、どのように活用する感じですか？ #理容室のChatGPT活用方法 #理容室 #理容師 #ChatGPT  https://t.co/Cv2xqgZl29,ja,"['理容室のchatgpt活用方法', '理容室', '理容師', 'chatgpt']",[],We asked how to use ChatGPT at the barber shop. How do you use it in your barbershop? #理容室のChatGPT活用方法 #理容室 #理容師 #ChatGPT https://t.co/Cv2xqgZl29,"['We', 'asked', 'how', 'to', 'use', 'ChatGPT', 'at', 'the', 'barber', 'shop', '.', 'How', 'do', 'you', 'use', 'it', 'in', 'your', 'barbershop', '?', '#理容室のChatGPT活用方法', '#理容室', '#理容師', '#ChatGPT', 'https://t.co/Cv2xqgZl29']"
1629978331197366275,1629978331197366272,2023-02-27 06:54:52 Malay Peninsula Standard Time,2023-02-27,06:54:52,2367667374,"Another reminder that ChatGPT is designed to write things that look like authoritative answers, not providing factual information.  In this case, ChatGPT is driving sign-ups to a service with false information about what the service provides.  https://t.co/ppo7UYuWA4",en,[],[],"Another reminder that ChatGPT is designed to write things that look like authoritative answers, not providing factual information.  In this case, ChatGPT is driving sign-ups to a service with false information about what the service provides.  https://t.co/ppo7UYuWA4","['Another', 'reminder', 'that', 'ChatGPT', 'is', 'designed', 'to', 'write', 'things', 'that', 'look', 'like', 'authoritative', 'answers', ',', 'not', 'providing', 'factual', 'information', '.', 'In', 'this', 'case', ',', 'ChatGPT', 'is', 'driving', 'sign-ups', 'to', 'a', 'service', 'with', 'false', 'information', 'about', 'what', 'the', 'service', 'provides', '.', 'https://t.co/ppo7UYuWA4']"
1629978329855188993,1629903343693725696,2023-02-27 06:54:52 Malay Peninsula Standard Time,2023-02-27,06:54:52,1224781744475267072,@PROMPT_AIGrowth Comparison: advantage / disadvantage. Reasoning: reasons or causes. Best-practice: methods for a task. Persuasion: arguments to influence a decision,en,[],"[{'screen_name': 'PROMPT_AIGrowth', 'name': '📕 PROMPT: brand growth using ChatGPT', 'id': '1600441532401811458'}]",@PROMPT_AIGrowth Comparison: advantage / disadvantage. Reasoning: reasons or causes. Best-practice: methods for a task. Persuasion: arguments to influence a decision,"['Comparison', ':', 'advantage', '/', 'disadvantage', '.', 'Reasoning', ':', 'reasons', 'or', 'causes', '.', 'Best-practice', ':', 'methods', 'for', 'a', 'task', '.', 'Persuasion', ':', 'arguments', 'to', 'influence', 'a', 'decision']"
1629978318064742402,1629978318064742400,2023-02-27 06:54:49 Malay Peninsula Standard Time,2023-02-27,06:54:49,1283215333256568837,El ChatGPT me acaba de hacer una tarea de la universidad en 1 min. Dios bendiga a la inteligencia artificial,es,[],[],The ChatGPT just did me a college assignment in 1 min. God bless artificial intelligence,"['The', 'ChatGPT', 'just', 'did', 'me', 'a', 'college', 'assignment', 'in', '1', 'min', '.', 'God', 'bless', 'artificial', 'intelligence']"
1629978313421668352,1629978313421668352,2023-02-27 06:54:48 Malay Peninsula Standard Time,2023-02-27,06:54:48,2683804090,J’ai convertit chat gpt al hamdullilah  https://t.co/eoAuYNaYZc,in,[],[],I converted gpt chat al hamdullilah https://t.co/eoAuYNaYZc,"['I', 'converted', 'gpt', 'chat', 'al', 'hamdullilah', 'https://t.co/eoAuYNaYZc']"
1629978309063999489,1629978309063999488,2023-02-27 06:54:47 Malay Peninsula Standard Time,2023-02-27,06:54:47,398821502,うちのchatGPTさんクソ雑魚なんだけどなんで？？  https://t.co/qxNTzDRmSx,ja,[],[],"My chatGPT is a miscellaneous fish, why? ??  https://t.co/qxNTzDRmSx","['My', 'chatGPT', 'is', 'a', 'miscellaneous', 'fish', ',', 'why', '?', '?', '?', 'https://t.co/qxNTzDRmSx']"
1629978301404946432,1629978301404946432,2023-02-27 06:54:45 Malay Peninsula Standard Time,2023-02-27,06:54:45,2757587561,"Thanks to the folks at @OpenAI I was able to reply a viewer of mine. Previously, i'd have to make many searches to arrive at the language used.  Take a look at how chat ChatGPT helped. #chatgpt #OpenAI #Microsoft  https://t.co/2kg0FFxInx",en,"['chatgpt', 'openai', 'microsoft']",[],"Thanks to the folks at @OpenAI I was able to reply a viewer of mine. Previously, i'd have to make many searches to arrive at the language used.  Take a look at how chat ChatGPT helped. #chatgpt #OpenAI #Microsoft  https://t.co/2kg0FFxInx","['Thanks', 'to', 'the', 'folks', 'at', 'I', 'was', 'able', 'to', 'reply', 'a', 'viewer', 'of', 'mine', '.', 'Previously', ',', ""i'd"", 'have', 'to', 'make', 'many', 'searches', 'to', 'arrive', 'at', 'the', 'language', 'used', '.', 'Take', 'a', 'look', 'at', 'how', 'chat', 'ChatGPT', 'helped', '.', '#chatgpt', '#OpenAI', '#Microsoft', 'https://t.co/2kg0FFxInx']"
1629978294253699077,1629978294253699072,2023-02-27 06:54:43 Malay Peninsula Standard Time,2023-02-27,06:54:43,238020188,simplesmente meu passatempo preferido nesse momento é ficar perguntando coisas aleatórias no chatGPT,pt,[],[],simply my favorite pastime at this point is asking random things in chatGPT,"['simply', 'my', 'favorite', 'pastime', 'at', 'this', 'point', 'is', 'asking', 'random', 'things', 'in', 'chatGPT']"
1629978281108807684,1629978281108807680,2023-02-27 06:54:40 Malay Peninsula Standard Time,2023-02-27,06:54:40,1493334082973048834,como fazer um ensaio sem ter lido a obra q vai falar sobre chatgpt pesquisar,pt,[],[],how to do an essay without having read the work q will talk about chatgpt search,"['how', 'to', 'do', 'an', 'essay', 'without', 'having', 'read', 'the', 'work', 'q', 'will', 'talk', 'about', 'chatgpt', 'search']"
1629978266898407425,1629817407765184512,2023-02-27 06:54:37 Malay Peninsula Standard Time,2023-02-27,06:54:37,64672851,@leo06912277 @freiheit3_0 Mit welchen Infos chatgpt arbeitet und wo nun die Diskrepanz herkommt ist mir verborgen.,de,[],"[{'screen_name': 'leo06912277', 'name': 'leo (Satire Account)', 'id': '1131565156704686080'}, {'screen_name': 'freiheit3_0', 'name': 'Freiheitsmensch 2.0', 'id': '1521554432776937480'}]",@leo06912277 @freiheit3_0 What information chatgpt works with and where the discrepancy comes from is hidden from me.,"['What', 'information', 'chatgpt', 'works', 'with', 'and', 'where', 'the', 'discrepancy', 'comes', 'from', 'is', 'hidden', 'from', 'me', '.']"
1629978246694461440,1629974823022780416,2023-02-27 06:54:32 Malay Peninsula Standard Time,2023-02-27,06:54:32,1051963242929680384,"@mysteriouskat It is a requirement in sciences. We state upfront if a statement is an empirical fact, a brute fact, a hypothesis, a hunch, a prejudice, a prior, a spitball, blowing smoke, blue skying, etc. All permitted and all subjected to scrutiny/testing.",en,[],"[{'screen_name': 'mysteriouskat', 'name': 'Katherine Brodsky', 'id': '15670857'}]","@mysteriouskat It is a requirement in sciences. We state upfront if a statement is an empirical fact, a brute fact, a hypothesis, a hunch, a prejudice, a prior, a spitball, blowing smoke, blue skying, etc. All permitted and all subjected to scrutiny/testing.","['It', 'is', 'a', 'requirement', 'in', 'sciences', '.', 'We', 'state', 'upfront', 'if', 'a', 'statement', 'is', 'an', 'empirical', 'fact', ',', 'a', 'brute', 'fact', ',', 'a', 'hypothesis', ',', 'a', 'hunch', ',', 'a', 'prejudice', ',', 'a', 'prior', ',', 'a', 'spitball', ',', 'blowing', 'smoke', ',', 'blue', 'skying', ',', 'etc', '.', 'All', 'permitted', 'and', 'all', 'subjected', 'to', 'scrutiny', '/', 'testing', '.']"
