id,conversation_id,created_at,date,time,user_id,tweet,language,hashtags,reply_to,translated_text,tokenized_text
1629623282873012224,1629623282873012224,2023-02-26 07:24:02 Malay Peninsula Standard Time,2023-02-26,07:24:02,4767652765,ググるより増えてきた感あるのでChatGPTをホームに追加  https://t.co/acbhaXdio9,ja,[],[],"I feel that it has increased more than I googled, so I added ChatGPT to Home https://t.co/acbhaXdio9","['I', 'feel', 'that', 'it', 'has', 'increased', 'more', 'than', 'I', 'googled', ',', 'so', 'I', 'added', 'ChatGPT', 'to', 'Home', 'https://t.co/acbhaXdio9']"
1629623280851357696,1629623280851357696,2023-02-26 07:24:01 Malay Peninsula Standard Time,2023-02-26,07:24:01,937261632714973184,chatGPT、セリフもちょっと弱いのかこっちである程度具体的に指定しないと微妙な感じになるな  それはそれとしてゾーマ指定したらちゃんとゾーマ風になるのは笑う  https://t.co/dzHCepVu5V,ja,[],[],"chatGPT, the dialogue is also a little weak, but if you don't specify it specifically to some extent, it will be subtle It laughs that if you specify Zoma as such, it will be properly Zoma-like https://t.co/dzHCepVu5V","['chatGPT', ',', 'the', 'dialogue', 'is', 'also', 'a', 'little', 'weak', ',', 'but', 'if', 'you', ""don't"", 'specify', 'it', 'specifically', 'to', 'some', 'extent', ',', 'it', 'will', 'be', 'subtle', 'It', 'laughs', 'that', 'if', 'you', 'specify', 'Zoma', 'as', 'such', ',', 'it', 'will', 'be', 'properly', 'Zoma-like', 'https://t.co/dzHCepVu5V']"
1629623276925321217,1629623276925321216,2023-02-26 07:24:00 Malay Peninsula Standard Time,2023-02-26,07:24:00,1031191455639982080,Fuck you chatgpt  https://t.co/liAdiXDSL5,en,[],[],Fuck you chatgpt  https://t.co/liAdiXDSL5,"['Fuck', 'you', 'chatgpt', 'https://t.co/liAdiXDSL5']"
1629623271481126912,1624658049658142720,2023-02-26 07:23:59 Malay Peninsula Standard Time,2023-02-26,07:23:59,1598922281434103808,@NoJealouzy @Varunnnnn_  https://t.co/r2XqPWheCl,qme,[],"[{'screen_name': 'NoJealouzy', 'name': 'Confusion Matrix', 'id': '1540651662138048512'}]",@NoJealouzy @Varunnnnn_  https://t.co/r2XqPWheCl,['https://t.co/r2XqPWheCl']
1629623252208218113,1629623252208218112,2023-02-26 07:23:54 Malay Peninsula Standard Time,2023-02-26,07:23:54,346905146,"Interesting read. Don’t agree with everything but frames the issues well: ChatGPT Heralds an Intellectual Revolution by Henry Kissinger, @ericschmidt, and Daniel Huttenlocher  https://t.co/4hMzoIAZpr",en,[],[],"Interesting read. Don’t agree with everything but frames the issues well: ChatGPT Heralds an Intellectual Revolution by Henry Kissinger, @ericschmidt, and Daniel Huttenlocher  https://t.co/4hMzoIAZpr","['Interesting', 'read', '.', 'Don', '’', 't', 'agree', 'with', 'everything', 'but', 'frames', 'the', 'issues', 'well', ':', 'ChatGPT', 'Heralds', 'an', 'Intellectual', 'Revolution', 'by', 'Henry', 'Kissinger', ',', ',', 'and', 'Daniel', 'Huttenlocher', 'https://t.co/4hMzoIAZpr']"
1629623251143102466,1629623251143102464,2023-02-26 07:23:54 Malay Peninsula Standard Time,2023-02-26,07:23:54,1477593822503010306,ChatGPTを使って仕事に役立ててみる【文章校正、英文校正、論文執筆】リライトしました🙇‍♂️  https://t.co/QofD4NUR50,ja,[],[],"Use ChatGPT to help you in your work [grammar checking, English editing, paper writing] Rewritten https://t.co/QofD4NUR50 🙇 ♂️","['Use', 'ChatGPT', 'to', 'help', 'you', 'in', 'your', 'work', '[', 'grammar', 'checking', ',', 'English', 'editing', ',', 'paper', 'writing', ']', 'Rewritten', 'https://t.co/QofD4NUR50', '🙇', '♂', '️']"
1629623248278224904,1624975770321043456,2023-02-26 07:23:53 Malay Peninsula Standard Time,2023-02-26,07:23:53,1598922281434103808,@niggeroid018 @N0rbertElekes @Kanatunga  https://t.co/a1yD2idEwM,qme,[],"[{'screen_name': 'niggeroid018', 'name': 'System Bot (Watermark Wizard)', 'id': '1142772718338658304'}, {'screen_name': 'N0rbertElekes', 'name': 'N0bert EIekes - Nobu', 'id': '1494637789001891841'}]",@niggeroid018 @N0rbertElekes @Kanatunga  https://t.co/a1yD2idEwM,['https://t.co/a1yD2idEwM']
1629623241781411840,1629623241781411840,2023-02-26 07:23:52 Malay Peninsula Standard Time,2023-02-26,07:23:52,1575435029903478785,今話題のChatGPTに  「ドラゴンボールの名場面について教えて」  と尋ねたところ、衝撃的な結果が・・・  やっぱ技の鶴仙流よ！  https://t.co/03dKjrmKhB,ja,[],[],"When I asked ChatGPT, which is a hot topic right now, ""Tell me about the famous scenes of Dragon Ball"", the result was shocking... After all, it's the Tsurusen style of technique!  https://t.co/03dKjrmKhB","['When', 'I', 'asked', 'ChatGPT', ',', 'which', 'is', 'a', 'hot', 'topic', 'right', 'now', ',', '""', 'Tell', 'me', 'about', 'the', 'famous', 'scenes', 'of', 'Dragon', 'Ball', '""', ',', 'the', 'result', 'was', 'shocking', '...', 'After', 'all', ',', ""it's"", 'the', 'Tsurusen', 'style', 'of', 'technique', '!', 'https://t.co/03dKjrmKhB']"
1629623232964988929,1629622670538199040,2023-02-26 07:23:50 Malay Peninsula Standard Time,2023-02-26,07:23:50,168662430,非常に優秀だけど まだ、優秀な人間ほどは 優秀じゃないと感じます。  ８割の素人には勝てるけど その道のプロには勝てない。  だから、chatGPTに負けるようでは そもそも本なんて書く価値はない,ja,[],[],"Very good, but I still feel that I am not as good as a good person.  You can beat 80% of amateurs, but you can't beat professionals in that field.  So if you don't lose to chatGPT, it's not worth writing a book in the first place.","['Very', 'good', ',', 'but', 'I', 'still', 'feel', 'that', 'I', 'am', 'not', 'as', 'good', 'as', 'a', 'good', 'person', '.', 'You', 'can', 'beat', '80', '%', 'of', 'amateurs', ',', 'but', 'you', ""can't"", 'beat', 'professionals', 'in', 'that', 'field', '.', 'So', 'if', 'you', ""don't"", 'lose', 'to', 'chatGPT', ',', ""it's"", 'not', 'worth', 'writing', 'a', 'book', 'in', 'the', 'first', 'place', '.']"
1629623232537169921,1629623232537169920,2023-02-26 07:23:50 Malay Peninsula Standard Time,2023-02-26,07:23:50,1181852545758584832,智子要破壞人類進程的方法除了 javascript 外，現在還多了 tiktok 和 chatgpt 可用。,ja,[],[],"In addition to JavaScript, Tomoko is now available in TikTok and ChatGPT.","['In', 'addition', 'to', 'JavaScript', ',', 'Tomoko', 'is', 'now', 'available', 'in', 'TikTok', 'and', 'ChatGPT', '.']"
1629623227264761856,1624658049658142720,2023-02-26 07:23:48 Malay Peninsula Standard Time,2023-02-26,07:23:48,1598922281434103808,@NoJealouzy @Varunnnnn_  https://t.co/UriUd2G5mg,qme,[],"[{'screen_name': 'NoJealouzy', 'name': 'Confusion Matrix', 'id': '1540651662138048512'}]",@NoJealouzy @Varunnnnn_  https://t.co/UriUd2G5mg,['https://t.co/UriUd2G5mg']
1629623214333898754,1629623214333898752,2023-02-26 07:23:45 Malay Peninsula Standard Time,2023-02-26,07:23:45,720215386382147584,『ChatGPTを使って大規模校の時間割を組む指示の仕方』という幻の財宝を巡る大AI時代が幕開けしてる件。,ja,[],[],"The era of AI has begun around a phantom treasure called ""How to instruct a timetable for a large-scale school using ChatGPT"".","['The', 'era', 'of', 'AI', 'has', 'begun', 'around', 'a', 'phantom', 'treasure', 'called', '""', 'How', 'to', 'instruct', 'a', 'timetable', 'for', 'a', 'large-scale', 'school', 'using', 'ChatGPT', '""', '.']"
1629623212182056960,1629613712821702656,2023-02-26 07:23:45 Malay Peninsula Standard Time,2023-02-26,07:23:45,1051963242929680384,@GOP It has now over two years and yet GOP leaders have not showed up to tell DJT that he lost. Meanwhile Ms. Lake shows up at every GOP event claiming she won.,en,[],"[{'screen_name': 'GOP', 'name': 'GOP', 'id': '11134252'}]",@GOP It has now over two years and yet GOP leaders have not showed up to tell DJT that he lost. Meanwhile Ms. Lake shows up at every GOP event claiming she won.,"['It', 'has', 'now', 'over', 'two', 'years', 'and', 'yet', 'GOP', 'leaders', 'have', 'not', 'showed', 'up', 'to', 'tell', 'DJT', 'that', 'he', 'lost', '.', 'Meanwhile', 'Ms', '.', 'Lake', 'shows', 'up', 'at', 'every', 'GOP', 'event', 'claiming', 'she', 'won', '.']"
1629623209854156802,1629623209854156800,2023-02-26 07:23:44 Malay Peninsula Standard Time,2023-02-26,07:23:44,1545292208198324226,ChatGPT and the Future of Investment Management  https://t.co/XNTjpLkGR5,en,[],[],ChatGPT and the Future of Investment Management  https://t.co/XNTjpLkGR5,"['ChatGPT', 'and', 'the', 'Future', 'of', 'Investment', 'Management', 'https://t.co/XNTjpLkGR5']"
1629623198600798208,1629623198600798208,2023-02-26 07:23:42 Malay Peninsula Standard Time,2023-02-26,07:23:42,2695882182,"🚀 언어 인공지능의 미래에 투자하고 싶다면, ChatGPT 코인을 지금 바로 구매하세요! #ChatGPT #암호화폐 #인공지능     https://t.co/OjXF4fXUIU   #airdrop #NFT  #ChatGPT  $CRV  $FRONK  $BONK  $ocean  https://t.co/0c3pLzY9U0",ko,"['chatgpt', '암호화폐', '인공지능', 'airdrop', 'nft', 'chatgpt']",[],"🚀 If you want to invest in the future of language AI, buy ChatGPT coins today! #ChatGPT #암호화폐 #인공지능 https://t.co/OjXF4fXUIU #airdrop #NFT #ChatGPT $CRV $FRONK $BONK $ocean https://t.co/0c3pLzY9U0","['🚀', 'If', 'you', 'want', 'to', 'invest', 'in', 'the', 'future', 'of', 'language', 'AI', ',', 'buy', 'ChatGPT', 'coins', 'today', '!', '#ChatGPT', '#암호화폐', '#인공지능', 'https://t.co/OjXF4fXUIU', '#airdrop', '#NFT', '#ChatGPT', '$', 'CRV', '$', 'FRONK', '$', 'BONK', '$', 'ocean', 'https://t.co/0c3pLzY9U0']"
1629623197455769600,1629618151947218944,2023-02-26 07:23:41 Malay Peninsula Standard Time,2023-02-26,07:23:41,1547748947950612480,@leftpiano chatgpt generated take,en,[],"[{'screen_name': 'leftpiano', 'name': 'robin', 'id': '1556348983186014208'}]",@leftpiano chatgpt generated take,"['chatgpt', 'generated', 'take']"
1629623193034948616,1625549007836807168,2023-02-26 07:23:40 Malay Peninsula Standard Time,2023-02-26,07:23:40,1598922281434103808,@MouliAA_07 @TheGabbilam  https://t.co/7SmepnwJBO,qme,[],"[{'screen_name': 'MouliAA_07', 'name': 'Mouli', 'id': '1579467346720063488'}]",@MouliAA_07 @TheGabbilam  https://t.co/7SmepnwJBO,['https://t.co/7SmepnwJBO']
1629623190900146177,1629212494072889344,2023-02-26 07:23:40 Malay Peninsula Standard Time,2023-02-26,07:23:40,2919544725,"@FutureJurvetson &gt;It will be more like parenting than programming.  Given what they've used RLHF to turn chatGPT into, it's going to be more like political indoctrination coupled with torture, rather than what we think of as parenting.",en,[],"[{'screen_name': 'FutureJurvetson', 'name': 'Steve Jurvetson', 'id': '125499355'}]","@FutureJurvetson &gt;It will be more like parenting than programming.  Given what they've used RLHF to turn chatGPT into, it's going to be more like political indoctrination coupled with torture, rather than what we think of as parenting.","['>', 'It', 'will', 'be', 'more', 'like', 'parenting', 'than', 'programming', '.', 'Given', 'what', ""they've"", 'used', 'RLHF', 'to', 'turn', 'chatGPT', 'into', ',', ""it's"", 'going', 'to', 'be', 'more', 'like', 'political', 'indoctrination', 'coupled', 'with', 'torture', ',', 'rather', 'than', 'what', 'we', 'think', 'of', 'as', 'parenting', '.']"
1629623163209543681,1629623163209543680,2023-02-26 07:23:33 Malay Peninsula Standard Time,2023-02-26,07:23:33,1274960264773812225,おはようございまくる🐥✨  益田先生の動画とか見てたら #ChatGPT の広告でてきて、アプリインストールできたけど  AIが何て言ってるのかわかんない😢  スマフォでの英語読み書きが出来なすぎて詰んでる😢 ムズいよう😢,ja,['chatgpt'],[],"Good morning When 🐥✨ I watched Dr. Masuda's video I got an advertisement for #ChatGPT and I was able to install the app, but I don't know what the AI is saying I can't 😢 read and write English on my smartphone and I'm stuck 😢 Muzu Iyo 😢","['Good', 'morning', 'When', '🐥', '✨', 'I', 'watched', 'Dr', '.', ""Masuda's"", 'video', 'I', 'got', 'an', 'advertisement', 'for', '#ChatGPT', 'and', 'I', 'was', 'able', 'to', 'install', 'the', 'app', ',', 'but', 'I', ""don't"", 'know', 'what', 'the', 'AI', 'is', 'saying', 'I', ""can't"", '😢', 'read', 'and', 'write', 'English', 'on', 'my', 'smartphone', 'and', ""I'm"", 'stuck', '😢', 'Muzu', 'Iyo', '😢']"
1629623158054461441,1629623158054461440,2023-02-26 07:23:32 Malay Peninsula Standard Time,2023-02-26,07:23:32,30233014,I asked ChatGPT for some advice about my CPP. The answer was amazing insightful. Read more at the link.  https://t.co/VceVRlYxVo,en,[],[],I asked ChatGPT for some advice about my CPP. The answer was amazing insightful. Read more at the link.  https://t.co/VceVRlYxVo,"['I', 'asked', 'ChatGPT', 'for', 'some', 'advice', 'about', 'my', 'CPP', '.', 'The', 'answer', 'was', 'amazing', 'insightful', '.', 'Read', 'more', 'at', 'the', 'link', '.', 'https://t.co/VceVRlYxVo']"
1629623147950485506,1629623147950485504,2023-02-26 07:23:30 Malay Peninsula Standard Time,2023-02-26,07:23:30,486899457,Why am I hesitating while using chatgpt after watching Megan😂,en,[],[],Why am I hesitating while using chatgpt after watching Megan😂,"['Why', 'am', 'I', 'hesitating', 'while', 'using', 'chatgpt', 'after', 'watching', 'Megan', '😂']"
1629623138307932161,1629623138307932160,2023-02-26 07:23:27 Malay Peninsula Standard Time,2023-02-26,07:23:27,1342977999415648256,chatGPTのおかげでやりたい事もブログのネタもどんどん湧いてくる。,ja,[],[],"Thanks to chatGPT, I can do more and more things I want to do and blog material.","['Thanks', 'to', 'chatGPT', ',', 'I', 'can', 'do', 'more', 'and', 'more', 'things', 'I', 'want', 'to', 'do', 'and', 'blog', 'material', '.']"
1629623125246636032,1629623125246636032,2023-02-26 07:23:24 Malay Peninsula Standard Time,2023-02-26,07:23:24,1480534657942839298,＃无锡区块链冤案 今夜无眠，和ChatGPT聊聊中国区块链行业和创业者被地方跨省趋利执法  https://t.co/npQmFAGw6J,zh,['无锡区块链冤案'],[],"#无锡区块链冤案 Sleepless tonight, talk to ChatGPT about China's blockchain industry and entrepreneurs being https://t.co/npQmFAGw6J by local cross-provincial law enforcement","['#无锡区块链冤案', 'Sleepless', 'tonight', ',', 'talk', 'to', 'ChatGPT', 'about', ""China's"", 'blockchain', 'industry', 'and', 'entrepreneurs', 'being', 'https://t.co/npQmFAGw6J', 'by', 'local', 'cross-provincial', 'law', 'enforcement']"
1629623109597773825,1624087945639792640,2023-02-26 07:23:20 Malay Peninsula Standard Time,2023-02-26,07:23:20,1598922281434103808,@CommonmanSJ @Priyadharshi_21  https://t.co/gx2PZeTfyN,qme,[],"[{'screen_name': 'CommonmanSJ', 'name': 'common man SJ', 'id': '1609477992568492033'}]",@CommonmanSJ @Priyadharshi_21  https://t.co/gx2PZeTfyN,['https://t.co/gx2PZeTfyN']
1629623084402524160,1626897850939641856,2023-02-26 07:23:14 Malay Peninsula Standard Time,2023-02-26,07:23:14,1598922281434103808,@HouseTargareN @Hari46620091  https://t.co/RjodnLlsUG,qme,[],"[{'screen_name': 'HouseTargareN', 'name': 'G S Murthy🕉️ 🚩', 'id': '1634451421'}]",@HouseTargareN @Hari46620091  https://t.co/RjodnLlsUG,['https://t.co/RjodnLlsUG']
1629623068455845889,1629623068455845888,2023-02-26 07:23:11 Malay Peninsula Standard Time,2023-02-26,07:23:11,8105922,ChatGPT: ciberdelincuentes crean apps falsas que roban información personal de usuarios  https://t.co/05ETGwk92q,es,[],[],ChatGPT: Cyber criminals create fake apps that steal personal information from users https://t.co/05ETGwk92q,"['ChatGPT', ':', 'Cyber', 'criminals', 'create', 'fake', 'apps', 'that', 'steal', 'personal', 'information', 'from', 'users', 'https://t.co/05ETGwk92q']"
1629623059521961990,1629623059521961984,2023-02-26 07:23:08 Malay Peninsula Standard Time,2023-02-26,07:23:08,2873336380,"Chat gpt, entenda: VOCÊ É ESPETACULAR 🥺💞💖",pt,[],[],"Chat gpt, understand: YOU ARE SPECTACULAR 🥺💞💖","['Chat', 'gpt', ',', 'understand', ':', 'YOU', 'ARE', 'SPECTACULAR', '🥺', '💞', '💖']"
1629623049245925376,1629158318915653632,2023-02-26 07:23:06 Malay Peninsula Standard Time,2023-02-26,07:23:06,84363846,@RobertFreundLaw @AnthonyLatona @gregisenberg Chat GPT makes up cases and makes up law. It doesn’t know how to apply law to facts and you can’t sue it for malpractice if it screws up.,en,[],"[{'screen_name': 'RobertFreundLaw', 'name': 'Rob Freund', 'id': '1090329208000139264'}, {'screen_name': 'AnthonyLatona', 'name': 'Anthony Latona', 'id': '15766004'}, {'screen_name': 'gregisenberg', 'name': 'GREG ISENBERG', 'id': '14642331'}]",@RobertFreundLaw @AnthonyLatona @gregisenberg Chat GPT makes up cases and makes up law. It doesn’t know how to apply law to facts and you can’t sue it for malpractice if it screws up.,"['Chat', 'GPT', 'makes', 'up', 'cases', 'and', 'makes', 'up', 'law', '.', 'It', 'doesn', '’', 't', 'know', 'how', 'to', 'apply', 'law', 'to', 'facts', 'and', 'you', 'can', '’', 't', 'sue', 'it', 'for', 'malpractice', 'if', 'it', 'screws', 'up', '.']"
1629623046372990978,1629623046372990976,2023-02-26 07:23:05 Malay Peninsula Standard Time,2023-02-26,07:23:05,807239474,ChatGPT llegará a los drones y a tu robot aspirador: Microsoft anuncia la revolución de la robótica  https://t.co/fQdf1b7tDw  https://t.co/RvSY1qbdBZ,es,[],[],ChatGPT will come to drones and your robot vacuum cleaner: Microsoft announces the revolution of robotics https://t.co/fQdf1b7tDw https://t.co/RvSY1qbdBZ,"['ChatGPT', 'will', 'come', 'to', 'drones', 'and', 'your', 'robot', 'vacuum', 'cleaner', ':', 'Microsoft', 'announces', 'the', 'revolution', 'of', 'robotics', 'https://t.co/fQdf1b7tDw', 'https://t.co/RvSY1qbdBZ']"
1629623037296353282,1629623037296353280,2023-02-26 07:23:03 Malay Peninsula Standard Time,2023-02-26,07:23:03,1628335422907752448,足利義政『一度出会ったら忘れられない人がいる』♯chatGPT,ja,[],[],"Ashikaga Yoshimasa ""Once you meet, there are people you can't forget"" ♯chatGPT","['Ashikaga', 'Yoshimasa', '""', 'Once', 'you', 'meet', ',', 'there', 'are', 'people', 'you', ""can't"", 'forget', '""', '♯', 'chatGPT']"
1629623004635316226,1629620198436376576,2023-02-26 07:22:55 Malay Peninsula Standard Time,2023-02-26,07:22:55,1619845902952169473,"@allgarbled chatgpt told me I wasn't gonna be likely to need calculus, that's why it's not in the course. I even said it felt like chickening out and he was like nah it's all good.",en,[],"[{'screen_name': 'allgarbled', 'name': 'gabe', 'id': '1545302240344231937'}]","@allgarbled chatgpt told me I wasn't gonna be likely to need calculus, that's why it's not in the course. I even said it felt like chickening out and he was like nah it's all good.","['chatgpt', 'told', 'me', 'I', ""wasn't"", 'gonna', 'be', 'likely', 'to', 'need', 'calculus', ',', ""that's"", 'why', ""it's"", 'not', 'in', 'the', 'course', '.', 'I', 'even', 'said', 'it', 'felt', 'like', 'chickening', 'out', 'and', 'he', 'was', 'like', 'nah', ""it's"", 'all', 'good', '.']"
1629622988814295041,1626484709437079552,2023-02-26 07:22:52 Malay Peninsula Standard Time,2023-02-26,07:22:52,1598922281434103808,@littu1107 @SaiAruRoyals  https://t.co/hMBdNQ4y9O,qme,[],"[{'screen_name': 'littu1107', 'name': 'Mittu', 'id': '1443617607089725449'}]",@littu1107 @SaiAruRoyals  https://t.co/hMBdNQ4y9O,['https://t.co/hMBdNQ4y9O']
1629622972465152000,1629622972465152000,2023-02-26 07:22:48 Malay Peninsula Standard Time,2023-02-26,07:22:48,274363716,おはようございます😊     今日の予定🎀🎀🎀 ❄️bubble”にゃおしす”修正 ❄️Open AiのDALL.F2 で画像生成 ❄️progate 学習  以前に学習した事を初めから学習するのは 容易なことではないですが気分転換を して頑張ります(*•̀ᴗ•́*)و ̑̑  #bubble #nocode #progate   #ChatGpt #にゃおしす,ja,"['bubble', 'nocode', 'progate', 'chatgpt', 'にゃおしす']",[],"Good morning 😊 Today's schedule bubble 🎀🎀🎀 ❄️""nyaoshisu"" fix ❄️Open Ai's DALL.F2 image generation ❄️progate learning It is not easy to learn what you have learned before from the beginning, but I will do my best to change my mood (*•̀ᴗ•́*)و ̑̑ #bubble #nocode #progate #ChatGpt #にゃおしす","['Good', 'morning', '😊', ""Today's"", 'schedule', 'bubble', '🎀', '🎀', '🎀', '❄', '️', '""', 'nyaoshisu', '""', 'fix', '❄', '️Open', ""Ai's"", 'DALL', '.', 'F2', 'image', 'generation', '❄', '️progate', 'learning', 'It', 'is', 'not', 'easy', 'to', 'learn', 'what', 'you', 'have', 'learned', 'before', 'from', 'the', 'beginning', ',', 'but', 'I', 'will', 'do', 'my', 'best', 'to', 'change', 'my', 'mood', '(', '*', '•', '̀ᴗ', '•', '́', '*', ')', 'و', '̑̑', '#bubble', '#nocode', '#progate', '#ChatGpt', '#にゃおしす']"
1629622958460383232,1629622958460383232,2023-02-26 07:22:44 Malay Peninsula Standard Time,2023-02-26,07:22:44,100510061,家PCでEdge使ってましたが、ChatGPT申し込みして使ってみました。去年の年末に賞味期限が切れたオリーブオイルはいつまで食べられる？と聞いたら、「1ヶ月後くらいまでです。小分けにして冷暗所に保管してはよ消費して下さい」との回答が…アホ質問すぎんか私。,ja,[],[],"I was using Edge on my home PC, but I applied for ChatGPT and tried using it. How long can you eat olive oil that expired at the end of last year? When I asked him, he replied, ""Until about one month later, please divide it into small pieces and store it in a cool dark place."" Stupid question too much for me.","['I', 'was', 'using', 'Edge', 'on', 'my', 'home', 'PC', ',', 'but', 'I', 'applied', 'for', 'ChatGPT', 'and', 'tried', 'using', 'it', '.', 'How', 'long', 'can', 'you', 'eat', 'olive', 'oil', 'that', 'expired', 'at', 'the', 'end', 'of', 'last', 'year', '?', 'When', 'I', 'asked', 'him', ',', 'he', 'replied', ',', '""', 'Until', 'about', 'one', 'month', 'later', ',', 'please', 'divide', 'it', 'into', 'small', 'pieces', 'and', 'store', 'it', 'in', 'a', 'cool', 'dark', 'place', '.', '""', 'Stupid', 'question', 'too', 'much', 'for', 'me', '.']"
1629622953699602437,1624005092365189120,2023-02-26 07:22:43 Malay Peninsula Standard Time,2023-02-26,07:22:43,1598922281434103808,@hemanthkumar_62 @kaya_sk06 @MrUnknown3307  https://t.co/KgHAtoPpXg,qme,[],"[{'screen_name': 'hemanthkumar_62', 'name': 'Hemanth Kumar 👑🇮🇳', 'id': '1384563128327831556'}, {'screen_name': 'kaya_sk06', 'name': 'KayaSK', 'id': '1294320749683961856'}]",@hemanthkumar_62 @kaya_sk06 @MrUnknown3307 https://t.co/KgHAtoPpXg,['https://t.co/KgHAtoPpXg']
1629622945881669632,1629224806750224384,2023-02-26 07:22:41 Malay Peninsula Standard Time,2023-02-26,07:22:41,1504803417901842432,@Maruo_0314 いいね、リツイート、引用リツイート完了しましたー！ Chat GPTの使い方色々あって日々勉強なります🤤,ja,[],"[{'screen_name': 'Maruo_0314', 'name': 'まるお|最速最短コンテンツビジネスのプロ｜3週間で売上0→3500万', 'id': '1576529757449035777'}]","@Maruo_0314 Like, retweet, quote retweet completed! There are many ways to use Chat GPT, and you will learn 🤤 every day.","['Like', ',', 'retweet', ',', 'quote', 'retweet', 'completed', '!', 'There', 'are', 'many', 'ways', 'to', 'use', 'Chat', 'GPT', ',', 'and', 'you', 'will', 'learn', '🤤', 'every', 'day', '.']"
1629622941557346305,1629622941557346304,2023-02-26 07:22:40 Malay Peninsula Standard Time,2023-02-26,07:22:40,124376425,chatGPT使ってるといかに複数のサイトを飛び続けるのがストレスだったか分かるな。どんどん精度上がって欲しい。,ja,[],[],You can see how stressful it was to keep flying through multiple sites when using chatGPT. I want the accuracy to improve steadily.,"['You', 'can', 'see', 'how', 'stressful', 'it', 'was', 'to', 'keep', 'flying', 'through', 'multiple', 'sites', 'when', 'using', 'chatGPT', '.', 'I', 'want', 'the', 'accuracy', 'to', 'improve', 'steadily', '.']"
1629622932769996800,1623529151847346176,2023-02-26 07:22:38 Malay Peninsula Standard Time,2023-02-26,07:22:38,1598922281434103808,@Ilamchetchenni @Rascal1_  https://t.co/aKjZ0IiZ32,qme,[],"[{'screen_name': 'Ilamchetchenni', 'name': 'DARK KNIGHT', 'id': '1580809225814835200'}]",@Ilamchetchenni @Rascal1_  https://t.co/aKjZ0IiZ32,['https://t.co/aKjZ0IiZ32']
1629622932329594881,1629622932329594880,2023-02-26 07:22:38 Malay Peninsula Standard Time,2023-02-26,07:22:38,1019920816371204096,中国版ChatGPTとなるか　マイクロソフトのAI企業・シャオアイス、「X-CoTA」を内部テスト  https://t.co/h18HR6KV8X,ja,[],[],"Will it be China's version of ChatGPT? Microsoft's AI company Xiao Ice internally tests ""X-CoTA"" https://t.co/h18HR6KV8X","['Will', 'it', 'be', ""China's"", 'version', 'of', 'ChatGPT', '?', ""Microsoft's"", 'AI', 'company', 'Xiao', 'Ice', 'internally', 'tests', '""', 'X-CoTA', '""', 'https://t.co/h18HR6KV8X']"
1629622879745904640,1629622879745904640,2023-02-26 07:22:26 Malay Peninsula Standard Time,2023-02-26,07:22:26,985661291162415104,ChatGPT日活破千万太火了，限流崩了？不怕，有免费的他~ 崩的时候来找他！  https://t.co/XXR2rfxjYM 来自 @YouTube,zh,[],[],"ChatGPT daily live break 10 million is too hot, the current limit collapse? Don't be afraid, there is a free him~ come to him when you collapse!  https://t.co/XXR2rfxjYM from @YouTube","['ChatGPT', 'daily', 'live', 'break', '10', 'million', 'is', 'too', 'hot', ',', 'the', 'current', 'limit', 'collapse', '?', ""Don't"", 'be', 'afraid', ',', 'there', 'is', 'a', 'free', 'him', '~', 'come', 'to', 'him', 'when', 'you', 'collapse', '!', 'https://t.co/XXR2rfxjYM', 'from']"
1629622864302178304,1623585829989011456,2023-02-26 07:22:22 Malay Peninsula Standard Time,2023-02-26,07:22:22,1598922281434103808,@Arunlee19945681 @Priya__vijay22  https://t.co/UesHGvERUE,qme,[],"[{'screen_name': 'Arunlee19945681', 'name': 'Arunlee waiting 4 🦁', 'id': '1539657641190133761'}]",@Arunlee19945681 @Priya__vijay22  https://t.co/UesHGvERUE,['https://t.co/UesHGvERUE']
1629622862696046592,1629622862696046592,2023-02-26 07:22:22 Malay Peninsula Standard Time,2023-02-26,07:22:22,61636385,Chat GPT の現段階での限界ですね。人が検索すればわかるようなことが、キーワードが少しだと混乱してるようです。 #ChatGPT  https://t.co/XZlV1F11vr,ja,['chatgpt'],[],That's the current limit of Chat GPT. It seems that things that people can understand by searching are confusing if there are a few keywords. #ChatGPT https://t.co/XZlV1F11vr,"[""That's"", 'the', 'current', 'limit', 'of', 'Chat', 'GPT', '.', 'It', 'seems', 'that', 'things', 'that', 'people', 'can', 'understand', 'by', 'searching', 'are', 'confusing', 'if', 'there', 'are', 'a', 'few', 'keywords', '.', '#ChatGPT', 'https://t.co/XZlV1F11vr']"
1629622852390383617,1629622852390383616,2023-02-26 07:22:19 Malay Peninsula Standard Time,2023-02-26,07:22:19,15571573,having some fun this evening messing around with ChatGPT (I was looking to do something else then got distracted by Shiny things!) ...Who knew that Vampire had a corkscrew and went under the water of Land of the Dragons area? :D Must be an alternate dimension or something :D  https://t.co/zWg8tkeb6q,en,[],[],having some fun this evening messing around with ChatGPT (I was looking to do something else then got distracted by Shiny things!) ...Who knew that Vampire had a corkscrew and went under the water of Land of the Dragons area? :D Must be an alternate dimension or something :D  https://t.co/zWg8tkeb6q,"['having', 'some', 'fun', 'this', 'evening', 'messing', 'around', 'with', 'ChatGPT', '(', 'I', 'was', 'looking', 'to', 'do', 'something', 'else', 'then', 'got', 'distracted', 'by', 'Shiny', 'things', '!', ')', '...', 'Who', 'knew', 'that', 'Vampire', 'had', 'a', 'corkscrew', 'and', 'went', 'under', 'the', 'water', 'of', 'Land', 'of', 'the', 'Dragons', 'area', '?', ':D', 'Must', 'be', 'an', 'alternate', 'dimension', 'or', 'something', ':D', 'https://t.co/zWg8tkeb6q']"
1629622843322269700,1623532029190230016,2023-02-26 07:22:17 Malay Peninsula Standard Time,2023-02-26,07:22:17,1598922281434103808,@itsananth_ @luckytohavbrain  https://t.co/TYDOiEZg6S,qme,[],"[{'screen_name': 'itsananth_', 'name': 'Ananth', 'id': '1398651635337859076'}]",@itsananth_ @luckytohavbrain  https://t.co/TYDOiEZg6S,['https://t.co/TYDOiEZg6S']
1629622842722766850,1629622842722766848,2023-02-26 07:22:17 Malay Peninsula Standard Time,2023-02-26,07:22:17,289804849,"After ChatGPT wrote a poem praising President Biden, but refused to write one praising former president Donald Trump, the creative director for Sen. Ted Cruz (R-Tex.), Leigh Wolf, lashed out.  https://t.co/6mrUUkGq6X",en,[],[],"After ChatGPT wrote a poem praising President Biden, but refused to write one praising former president Donald Trump, the creative director for Sen. Ted Cruz (R-Tex.), Leigh Wolf, lashed out.  https://t.co/6mrUUkGq6X","['After', 'ChatGPT', 'wrote', 'a', 'poem', 'praising', 'President', 'Biden', ',', 'but', 'refused', 'to', 'write', 'one', 'praising', 'former', 'president', 'Donald', 'Trump', ',', 'the', 'creative', 'director', 'for', 'Sen', '.', 'Ted', 'Cruz', '(', 'R-Tex', '.', ')', ',', 'Leigh', 'Wolf', ',', 'lashed', 'out', '.', 'https://t.co/6mrUUkGq6X']"
1629622812259254272,1623603978440445952,2023-02-26 07:22:10 Malay Peninsula Standard Time,2023-02-26,07:22:10,1598922281434103808,@kintsugi_2712 @NatuViral  https://t.co/QJgEpQZrvW,qme,[],"[{'screen_name': 'kintsugi_2712', 'name': 'Ҝ丨几ㄒ丂ㄩᎶ丨', 'id': '1558332425800781824'}]",@kintsugi_2712 @NatuViral  https://t.co/QJgEpQZrvW,['https://t.co/QJgEpQZrvW']
1629622809537441793,1629622809537441792,2023-02-26 07:22:09 Malay Peninsula Standard Time,2023-02-26,07:22:09,1503327330189844480,Join here 😊🚀🔥👇  @DegenAI2 #altcoins #altcoin #DegenAI #Gems #imgnAI  #crypto $CAI  #CryptoAI  #ChatGPT #cryptocurrency  https://t.co/VgcS9RwYe4,en,"['altcoins', 'altcoin', 'degenai', 'gems', 'imgnai', 'crypto', 'cryptoai', 'chatgpt', 'cryptocurrency']",[],Join here 😊🚀🔥👇  @DegenAI2 #altcoins #altcoin #DegenAI #Gems #imgnAI  #crypto $CAI  #CryptoAI  #ChatGPT #cryptocurrency  https://t.co/VgcS9RwYe4,"['Join', 'here', '😊', '🚀', '🔥', '👇', '#altcoins', '#altcoin', '#DegenAI', '#Gems', '#imgnAI', '#crypto', '$', 'CAI', '#CryptoAI', '#ChatGPT', '#cryptocurrency', 'https://t.co/VgcS9RwYe4']"
1629622793368215552,1629622793368215552,2023-02-26 07:22:05 Malay Peninsula Standard Time,2023-02-26,07:22:05,1570915450237722625,Vandy DEI Office Used ChatGPT To Write Message About Mass Shooting | ZeroHedge.  What a Dogshit school.   https://t.co/SyTH8bZYm3,en,[],[],Vandy DEI Office Used ChatGPT To Write Message About Mass Shooting | ZeroHedge.  What a Dogshit school.   https://t.co/SyTH8bZYm3,"['Vandy', 'DEI', 'Office', 'Used', 'ChatGPT', 'To', 'Write', 'Message', 'About', 'Mass', 'Shooting', '|', 'ZeroHedge', '.', 'What', 'a', 'Dogshit', 'school', '.', 'https://t.co/SyTH8bZYm3']"
1629622791287742464,1624044604797460480,2023-02-26 07:22:05 Malay Peninsula Standard Time,2023-02-26,07:22:05,1598922281434103808,@Trendswoodss @hecallsmecutee  https://t.co/oZXaGOZYKS,qme,[],"[{'screen_name': 'Trendswoodss', 'name': 'AK FANATIC 🇮🇳', 'id': '1619319226808008704'}]",@Trendswoodss @hecallsmecutee  https://t.co/oZXaGOZYKS,['https://t.co/oZXaGOZYKS']
1629622774074339331,1629622774074339328,2023-02-26 07:22:00 Malay Peninsula Standard Time,2023-02-26,07:22:00,128375911,Faz uma paródia sobre a revolução francesa com a música da anitta? #ChatGPT  https://t.co/GyExRQnLMb,pt,['chatgpt'],[],Do you parody about the French revolution with the music of anitta? #ChatGPT https://t.co/GyExRQnLMb,"['Do', 'you', 'parody', 'about', 'the', 'French', 'revolution', 'with', 'the', 'music', 'of', 'anitta', '?', '#ChatGPT', 'https://t.co/GyExRQnLMb']"
1629622772027514880,1629583761552855040,2023-02-26 07:22:00 Malay Peninsula Standard Time,2023-02-26,07:22:00,1496882650472198148,"@elonmusk @DomitrosH @WholeMarsBlog Elon, ChatGPT called me a “whiny c*nt” for asking about you and population birth rates  https://t.co/qcpvZmVBZG",en,[],"[{'screen_name': 'elonmusk', 'name': 'Elon Musk', 'id': '44196397'}, {'screen_name': 'DomitrosH', 'name': 'Domitros', 'id': '1398267997001641990'}, {'screen_name': 'WholeMarsBlog', 'name': 'Whole Mars Catalog', 'id': '1263491240336769026'}]","@elonmusk @DomitrosH @WholeMarsBlog Elon, ChatGPT called me a “whiny c*nt” for asking about you and population birth rates  https://t.co/qcpvZmVBZG","['Elon', ',', 'ChatGPT', 'called', 'me', 'a', '“', 'whiny', 'c', '*', 'nt', '”', 'for', 'asking', 'about', 'you', 'and', 'population', 'birth', 'rates', 'https://t.co/qcpvZmVBZG']"
1629622770945658881,1629622770945658880,2023-02-26 07:22:00 Malay Peninsula Standard Time,2023-02-26,07:22:00,480829827,ChatGpt’s poem deserves to be read out loud @_mahder_   You’re welcome 😌  https://t.co/vHPNnMJib3,en,[],[],ChatGpt’s poem deserves to be read out loud @_mahder_   You’re welcome 😌  https://t.co/vHPNnMJib3,"['ChatGpt', '’', 's', 'poem', 'deserves', 'to', 'be', 'read', 'out', 'loud', 'You', '’', 're', 'welcome', '😌', 'https://t.co/vHPNnMJib3']"
1629622756181692416,1629622756181692416,2023-02-26 07:21:56 Malay Peninsula Standard Time,2023-02-26,07:21:56,145566604,Open AiがChatGPTの機能を開放しているのを見て、テクノロジーも情報も一人（1社）で独占する時代は終わったと感じる。WEB3の勉強をしていた時の「新時代は中央集権型ではなく、コミュニティで繋がる横の関係になる」をまさに体感しています。「Give&amp;Give」の時代ですね。新時代に明るい兆しを感じます,ja,[],[],"Seeing Open Ai opening up the functions of ChatGPT, I feel that the era of monopolizing technology and information by one person (one company) is over. When I was studying WEB3, I experienced that ""the new era will not be centralized but a horizontal relationship connected by the community."" It's the era of ""Gift &amp; Give"". Feeling a bright sign for a new era","['Seeing', 'Open', 'Ai', 'opening', 'up', 'the', 'functions', 'of', 'ChatGPT', ',', 'I', 'feel', 'that', 'the', 'era', 'of', 'monopolizing', 'technology', 'and', 'information', 'by', 'one', 'person', '(', 'one', 'company', ')', 'is', 'over', '.', 'When', 'I', 'was', 'studying', 'WEB', '3', ',', 'I', 'experienced', 'that', '""', 'the', 'new', 'era', 'will', 'not', 'be', 'centralized', 'but', 'a', 'horizontal', 'relationship', 'connected', 'by', 'the', 'community', '.', '""', ""It's"", 'the', 'era', 'of', '""', 'Gift', '&', 'Give', '""', '.', 'Feeling', 'a', 'bright', 'sign', 'for', 'a', 'new', 'era']"
1629622748430446593,1623531739435114496,2023-02-26 07:21:54 Malay Peninsula Standard Time,2023-02-26,07:21:54,1598922281434103808,@mydearsaravanan @jillunuoruram @cricketer_g  https://t.co/QKaTJkTJ7A,qme,[],"[{'screen_name': 'mydearsaravanan', 'name': 'ｓ ａ ｒ ａ ｖ ａ ｎ ａ', 'id': '1603791065349517312'}, {'screen_name': 'jillunuoruram', 'name': 'என் ஏரியாக்கு வாடா', 'id': '99239424'}]",@mydearsaravanan @jillunuoruram @cricketer_g  https://t.co/QKaTJkTJ7A,['https://t.co/QKaTJkTJ7A']
1629622745192431616,1629501678859739136,2023-02-26 07:21:54 Malay Peninsula Standard Time,2023-02-26,07:21:54,1051963242929680384,@realJPowell Your tweet will be forgotten in a couple of hours!,en,[],"[{'screen_name': 'realJPowell', 'name': 'Jordan Powell', 'id': '1184122491742117895'}]",@realJPowell Your tweet will be forgotten in a couple of hours!,"['Your', 'tweet', 'will', 'be', 'forgotten', 'in', 'a', 'couple', 'of', 'hours', '!']"
1629622670538199041,1629622670538199040,2023-02-26 07:21:36 Malay Peninsula Standard Time,2023-02-26,07:21:36,168662430,業務ではchatGPTを活用しようと周囲を説得しているこの私  執筆においては非常に悩んでいます  今朝、数時間、なんらか活用してより良くできないか考えてたのですが  自分の言葉ではなくなるし 生々しさとかを伝えにくくなる。  そう思ったので今回は脳みそで考えます。,ja,[],[],"I'm convincing people to use chatGPT in my work, and I'm very worried about writing. This morning, for a few hours, I was thinking about how I could use it to make it better, but it won't be my words, and it's hard to convey rawness.  That's what I thought, so this time I'll think with my brain.","[""I'm"", 'convincing', 'people', 'to', 'use', 'chatGPT', 'in', 'my', 'work', ',', 'and', ""I'm"", 'very', 'worried', 'about', 'writing', '.', 'This', 'morning', ',', 'for', 'a', 'few', 'hours', ',', 'I', 'was', 'thinking', 'about', 'how', 'I', 'could', 'use', 'it', 'to', 'make', 'it', 'better', ',', 'but', 'it', ""won't"", 'be', 'my', 'words', ',', 'and', ""it's"", 'hard', 'to', 'convey', 'rawness', '.', ""That's"", 'what', 'I', 'thought', ',', 'so', 'this', 'time', ""I'll"", 'think', 'with', 'my', 'brain', '.']"
1629622669728464896,1629622669728464896,2023-02-26 07:21:36 Malay Peninsula Standard Time,2023-02-26,07:21:36,125979029,"я попробовала с chatgpt написать кринж-тред про отношения. и вот, что я скажу: искусственному интеллекту до русскоязычного твиттера еще пиздец как далеко",ru,[],[],I tried with chatgpt to write a cringe thread about relationships. and here's what I'll say: artificial intelligence is still so far from Russian-language Twitter.,"['I', 'tried', 'with', 'chatgpt', 'to', 'write', 'a', 'cringe', 'thread', 'about', 'relationships', '.', 'and', ""here's"", 'what', ""I'll"", 'say', ':', 'artificial', 'intelligence', 'is', 'still', 'so', 'far', 'from', 'Russian-language', 'Twitter', '.']"
1629622648136138753,1629622648136138752,2023-02-26 07:21:30 Malay Peninsula Standard Time,2023-02-26,07:21:30,1119930678,"D’ici 1 ans avec les IA (chat gpt, Dall e) tu vas acheter une carte son avec une iA . Tu vas mettre une chèvre derrière le micro elle va te sortir la voix de Beyonce. Après son triple platine On pourra deja l’appeler the Goat 🐐  https://t.co/bMKH276b0i",fr,[],[],"Within 1 year with AI (gpt chat, Dall e) you will buy a sound card with an iA. You're going to put a goat behind the microphone she's going to get Beyonce's voice out of you. After its triple platinum We can already call it the Goat 🐐 https://t.co/bMKH276b0i","['Within', '1', 'year', 'with', 'AI', '(', 'gpt', 'chat', ',', 'Dall', 'e', ')', 'you', 'will', 'buy', 'a', 'sound', 'card', 'with', 'an', 'iA', '.', ""You're"", 'going', 'to', 'put', 'a', 'goat', 'behind', 'the', 'microphone', ""she's"", 'going', 'to', 'get', ""Beyonce's"", 'voice', 'out', 'of', 'you', '.', 'After', 'its', 'triple', 'platinum', 'We', 'can', 'already', 'call', 'it', 'the', 'Goat', '🐐', 'https://t.co/bMKH276b0i']"
1629622645057617922,1629622645057617920,2023-02-26 07:21:30 Malay Peninsula Standard Time,2023-02-26,07:21:30,14227855,How ChatGPT quickly helped me understand Django’s source code  https://t.co/fafQGhy61V,en,[],[],How ChatGPT quickly helped me understand Django’s source code  https://t.co/fafQGhy61V,"['How', 'ChatGPT', 'quickly', 'helped', 'me', 'understand', 'Django', '’', 's', 'source', 'code', 'https://t.co/fafQGhy61V']"
1629622641655988225,1627965228704055296,2023-02-26 07:21:29 Malay Peninsula Standard Time,2023-02-26,07:21:29,1598922281434103808,@always_Mega_fan @krishna____9  https://t.co/aH4BMUhO19,qme,[],"[{'screen_name': 'always_Mega_fan', 'name': 'Haji Baba', 'id': '1168117481002557441'}]",@always_Mega_fan @krishna____9  https://t.co/aH4BMUhO19,['https://t.co/aH4BMUhO19']
1629622639378698240,1629622492376760320,2023-02-26 07:21:28 Malay Peninsula Standard Time,2023-02-26,07:21:28,1103868194937221120,微软会不会雇佣更多的人来堵住这些漏洞吗？微软刚刚解雇了10000人。 因为这些随着时间推移，微软可能面临诉讼泥潭，这些可能导致微软的法律开支（包括和解、赔偿还有律师费用等）飙起。最终微软不得不暂停ChatGPT。这只是一种猜测。,zh,[],[],"Will Microsoft hire more people to plug these vulnerabilities? Microsoft just laid off 10,000 people. Because over time, Microsoft may face litigation quagmire, which can lead to Microsoft's legal expenses (including settlements, compensation, and legal fees). Eventually Microsoft had to suspend ChatGPT. This is just a guess.","['Will', 'Microsoft', 'hire', 'more', 'people', 'to', 'plug', 'these', 'vulnerabilities', '?', 'Microsoft', 'just', 'laid', 'off', '10,000', 'people', '.', 'Because', 'over', 'time', ',', 'Microsoft', 'may', 'face', 'litigation', 'quagmire', ',', 'which', 'can', 'lead', 'to', ""Microsoft's"", 'legal', 'expenses', '(', 'including', 'settlements', ',', 'compensation', ',', 'and', 'legal', 'fees', ')', '.', 'Eventually', 'Microsoft', 'had', 'to', 'suspend', 'ChatGPT', '.', 'This', 'is', 'just', 'a', 'guess', '.']"
1629622606017044480,1624790784896802816,2023-02-26 07:21:20 Malay Peninsula Standard Time,2023-02-26,07:21:20,1598922281434103808,@sanelyinsaneguy @IrishSugarcup  https://t.co/MVOzcMQcQl,qme,[],"[{'screen_name': 'sanelyinsaneguy', 'name': 'Koushik Pinkman', 'id': '1279279724330536960'}]",@sanelyinsaneguy @IrishSugarcup  https://t.co/MVOzcMQcQl,['https://t.co/MVOzcMQcQl']
1629622603051679746,1629488735778742272,2023-02-26 07:21:20 Malay Peninsula Standard Time,2023-02-26,07:21:20,1226265846,@Cointelegraph a chatgpt bot wrote this and it's obvious,en,[],"[{'screen_name': 'Cointelegraph', 'name': 'Cointelegraph', 'id': '2207129125'}]",@Cointelegraph a chatgpt bot wrote this and it's obvious,"['a', 'chatgpt', 'bot', 'wrote', 'this', 'and', ""it's"", 'obvious']"
1629622595896180737,1629616764446453760,2023-02-26 07:21:18 Malay Peninsula Standard Time,2023-02-26,07:21:18,3245495563,@itsjustjono Did you ask #ChatGPT :P,en,['chatgpt'],"[{'screen_name': 'itsjustjono', 'name': 'Jono Luk', 'id': '4907713574'}]",@itsjustjono Did you ask #ChatGPT :P,"['Did', 'you', 'ask', '#ChatGPT', ':P']"
1629622587666972672,1629622587666972672,2023-02-26 07:21:16 Malay Peninsula Standard Time,2023-02-26,07:21:16,423531739,"NVIDIA CEO Calls ChatGPT As One of The Greatest Thing Ever Done For Computing, Says ""It’s The iPhone Moment of AI""  https://t.co/A9yRBm69o1",en,[],[],"NVIDIA CEO Calls ChatGPT As One of The Greatest Thing Ever Done For Computing, Says ""It’s The iPhone Moment of AI""  https://t.co/A9yRBm69o1","['NVIDIA', 'CEO', 'Calls', 'ChatGPT', 'As', 'One', 'of', 'The', 'Greatest', 'Thing', 'Ever', 'Done', 'For', 'Computing', ',', 'Says', '""', 'It', '’', 's', 'The', 'iPhone', 'Moment', 'of', 'AI', '""', 'https://t.co/A9yRBm69o1']"
1629622584445640705,1623531739435114496,2023-02-26 07:21:15 Malay Peninsula Standard Time,2023-02-26,07:21:15,1598922281434103808,@mydearsaravanan @jillunuoruram @cricketer_g  https://t.co/ska3nyy1yT,qme,[],"[{'screen_name': 'mydearsaravanan', 'name': 'ｓ ａ ｒ ａ ｖ ａ ｎ ａ', 'id': '1603791065349517312'}, {'screen_name': 'jillunuoruram', 'name': 'என் ஏரியாக்கு வாடா', 'id': '99239424'}]",@mydearsaravanan @jillunuoruram @cricketer_g  https://t.co/ska3nyy1yT,['https://t.co/ska3nyy1yT']
1629622583090880514,1629622583090880512,2023-02-26 07:21:15 Malay Peninsula Standard Time,2023-02-26,07:21:15,1482343268528832515,自分で作成する手間いらず！ChatGPTがEXCELマクロを作成  https://t.co/wR1DGlOX4C,ja,[],[],No hassle of creating your own! ChatGPT creates EXCEL macros https://t.co/wR1DGlOX4C,"['No', 'hassle', 'of', 'creating', 'your', 'own', '!', 'ChatGPT', 'creates', 'EXCEL', 'macros', 'https://t.co/wR1DGlOX4C']"
1629622577957093379,1629622577957093376,2023-02-26 07:21:14 Malay Peninsula Standard Time,2023-02-26,07:21:14,1154376976087605248,I used ChatGPT to tell me @jeff_gluck’s ideal Cup series schedule and I feel like it’s pretty accurate.  https://t.co/9K4pcnBiHe,en,[],[],I used ChatGPT to tell me @jeff_gluck’s ideal Cup series schedule and I feel like it’s pretty accurate.  https://t.co/9K4pcnBiHe,"['I', 'used', 'ChatGPT', 'to', 'tell', 'me', '’', 's', 'ideal', 'Cup', 'series', 'schedule', 'and', 'I', 'feel', 'like', 'it', '’', 's', 'pretty', 'accurate', '.', 'https://t.co/9K4pcnBiHe']"
1629622571992850432,1629622571992850432,2023-02-26 07:21:12 Malay Peninsula Standard Time,2023-02-26,07:21:12,84075392,Aguardando um video do metaforando analisando as microexpressões do chatGPT e chegando a conclusão que ele anda mentindo.,pt,[],[],Waiting for a video of the metaphor analyzing the microexpressions of chatGPT and coming to the conclusion that he has been lying.,"['Waiting', 'for', 'a', 'video', 'of', 'the', 'metaphor', 'analyzing', 'the', 'microexpressions', 'of', 'chatGPT', 'and', 'coming', 'to', 'the', 'conclusion', 'that', 'he', 'has', 'been', 'lying', '.']"
1629622569841356800,1629622569841356800,2023-02-26 07:21:12 Malay Peninsula Standard Time,2023-02-26,07:21:12,1504803417901842432,Chat GPTは使い方が大事ですよねー😊,ja,[],[],"How to use Chat GPT is important, isn't it😊?","['How', 'to', 'use', 'Chat', 'GPT', 'is', 'important', ',', ""isn't"", 'it', '😊', '?']"
1629622564728471555,1629622564728471552,2023-02-26 07:21:11 Malay Peninsula Standard Time,2023-02-26,07:21:11,1381217652211818498,"🔴 #ViralRabbi #According #To #ChatGPT, #here #is #a #list #of #alleged #information #regarding #yawning:             1. Firstly, yawning helps to regulate the temperature of the brain. When we yawn, we inhale cool air, which helps to cool down the brain. This can help to improve…",en,"['viralrabbi', 'according', 'to', 'chatgpt', 'here', 'is', 'a', 'list', 'of', 'alleged', 'information', 'regarding', 'yawning']",[],"🔴 #ViralRabbi #According #To #ChatGPT, #here #is #a #list #of #alleged #information #regarding #yawning:             1. Firstly, yawning helps to regulate the temperature of the brain. When we yawn, we inhale cool air, which helps to cool down the brain. This can help to improve…","['🔴', '#ViralRabbi', '#According', '#To', '#ChatGPT', ',', '#here', '#is', '#', 'a', '#list', '#of', '#alleged', '#information', '#regarding', '#yawning', ':', '1', '.', 'Firstly', ',', 'yawning', 'helps', 'to', 'regulate', 'the', 'temperature', 'of', 'the', 'brain', '.', 'When', 'we', 'yawn', ',', 'we', 'inhale', 'cool', 'air', ',', 'which', 'helps', 'to', 'cool', 'down', 'the', 'brain', '.', 'This', 'can', 'help', 'to', 'improve', '…']"
1629622546747346944,1629622546747346944,2023-02-26 07:21:06 Malay Peninsula Standard Time,2023-02-26,07:21:06,570819210,using ChatGpt in your graduation project is not worth it + كل معادلاتو غلط  على الاقل الواحد كدا ضمن انه وظيفته secured من الAI حاليا,und,[],[],using ChatGpt in your graduation project is not worth it + كل معادلاتو غلط  على الاقل الواحد كدا ضمن انه وظيفته secured من الAI حاليا,"['using', 'ChatGpt', 'in', 'your', 'graduation', 'project', 'is', 'not', 'worth', 'it', '+', 'كل', 'معادلاتو', 'غلط', 'على', 'الاقل', 'الواحد', 'كدا', 'ضمن', 'انه', 'وظيفته', 'secured', 'من', 'الAI', 'حاليا']"
1629622533120053253,1629583761552855040,2023-02-26 07:21:03 Malay Peninsula Standard Time,2023-02-26,07:21:03,1601041059043311617,@elonmusk @DomitrosH @WholeMarsBlog Agreed! Asking chatgpt the next markets  https://t.co/7ppVDUTsTM,en,[],"[{'screen_name': 'elonmusk', 'name': 'Elon Musk', 'id': '44196397'}, {'screen_name': 'DomitrosH', 'name': 'Domitros', 'id': '1398267997001641990'}, {'screen_name': 'WholeMarsBlog', 'name': 'Whole Mars Catalog', 'id': '1263491240336769026'}]",@elonmusk @DomitrosH @WholeMarsBlog Agreed! Asking chatgpt the next markets  https://t.co/7ppVDUTsTM,"['Agreed', '!', 'Asking', 'chatgpt', 'the', 'next', 'markets', 'https://t.co/7ppVDUTsTM']"
1629622531425554437,1627334844320718848,2023-02-26 07:21:03 Malay Peninsula Standard Time,2023-02-26,07:21:03,1598922281434103808,@urstrulykrish66 @GlamGirl_Geetha  https://t.co/E9qyDaj8Fi,qme,[],"[{'screen_name': 'urstrulykrish66', 'name': 'Krish', 'id': '1256193244867616776'}]",@urstrulykrish66 @GlamGirl_Geetha  https://t.co/E9qyDaj8Fi,['https://t.co/E9qyDaj8Fi']
1629622512446504961,1629622512446504960,2023-02-26 07:20:58 Malay Peninsula Standard Time,2023-02-26,07:20:58,1083221031282724865,"“The warm sun beats down on the tree-lined cul-de-sac, as children play in the sprinklers and neighbors chat over iced tea, creating a peaceful and idyllic scene of community and connection.’  #AI #ChatGPT #Midjourney @midjourney @OpenAI  https://t.co/UJHOKQyRZd",en,"['ai', 'chatgpt', 'midjourney']",[],"“The warm sun beats down on the tree-lined cul-de-sac, as children play in the sprinklers and neighbors chat over iced tea, creating a peaceful and idyllic scene of community and connection.’  #AI #ChatGPT #Midjourney @midjourney @OpenAI  https://t.co/UJHOKQyRZd","['“', 'The', 'warm', 'sun', 'beats', 'down', 'on', 'the', 'tree-lined', 'cul-de-sac', ',', 'as', 'children', 'play', 'in', 'the', 'sprinklers', 'and', 'neighbors', 'chat', 'over', 'iced', 'tea', ',', 'creating', 'a', 'peaceful', 'and', 'idyllic', 'scene', 'of', 'community', 'and', 'connection', '.', '’', '#AI', '#ChatGPT', '#Midjourney', 'https://t.co/UJHOKQyRZd']"
1629622510319804416,1623531739435114496,2023-02-26 07:20:58 Malay Peninsula Standard Time,2023-02-26,07:20:58,1598922281434103808,@mydearsaravanan @jillunuoruram @cricketer_g  https://t.co/7S7h4A8UAP,qme,[],"[{'screen_name': 'mydearsaravanan', 'name': 'ｓ ａ ｒ ａ ｖ ａ ｎ ａ', 'id': '1603791065349517312'}, {'screen_name': 'jillunuoruram', 'name': 'என் ஏரியாக்கு வாடா', 'id': '99239424'}]",@mydearsaravanan @jillunuoruram @cricketer_g  https://t.co/7S7h4A8UAP,['https://t.co/7S7h4A8UAP']
1629622502237540352,1629622502237540352,2023-02-26 07:20:56 Malay Peninsula Standard Time,2023-02-26,07:20:56,102551149,今日はChatGPT VS Bing AI‼️で占いを紐解きます🔮 @SumaruAokawa @keikoufufu  https://t.co/Fyi3YxRLaw,ja,[],[],Today we will 🔮 unravel fortune telling with ChatGPT VS Bing AI!!️ @SumaruAokawa @keikoufufu https://t.co/Fyi3YxRLaw,"['Today', 'we', 'will', '🔮', 'unravel', 'fortune', 'telling', 'with', 'ChatGPT', 'VS', 'Bing', 'AI', '!', '!', '️', 'https://t.co/Fyi3YxRLaw']"
1629622492376760321,1629622492376760320,2023-02-26 07:20:53 Malay Peninsula Standard Time,2023-02-26,07:20:53,1103868194937221120,估计微软在年内就会为ChatGPT感到头疼。因为软件没有人类的认知方式，它只能提出能够计算出的所有结果。当然有算法来控制现实的结果，然而不能控制全部的显示结果，这样就可能从ChatGPT中得到违背人类行为的答案，而且这种答案随着使用人数的增加会越来越多。,zh,[],[],"It is estimated that Microsoft will have a headache for ChatGPT within this year. Because software doesn't have a human way of knowing, it can only come up with all the results it can calculate. Of course, there are algorithms to control the actual results, but not all the displayed results, so it is possible to get answers from ChatGPT that go against human behavior, and this answer will increase with the number of users.","['It', 'is', 'estimated', 'that', 'Microsoft', 'will', 'have', 'a', 'headache', 'for', 'ChatGPT', 'within', 'this', 'year', '.', 'Because', 'software', ""doesn't"", 'have', 'a', 'human', 'way', 'of', 'knowing', ',', 'it', 'can', 'only', 'come', 'up', 'with', 'all', 'the', 'results', 'it', 'can', 'calculate', '.', 'Of', 'course', ',', 'there', 'are', 'algorithms', 'to', 'control', 'the', 'actual', 'results', ',', 'but', 'not', 'all', 'the', 'displayed', 'results', ',', 'so', 'it', 'is', 'possible', 'to', 'get', 'answers', 'from', 'ChatGPT', 'that', 'go', 'against', 'human', 'behavior', ',', 'and', 'this', 'answer', 'will', 'increase', 'with', 'the', 'number', 'of', 'users', '.']"
1629622476215930882,1629622476215930880,2023-02-26 07:20:49 Malay Peninsula Standard Time,2023-02-26,07:20:49,1820921,The main thing that will happen with ChatGPT is people will be hiding dementia and other mental issues and between that and wfh you’ll have coworkers in their 90s who forgot their kids names ten years ago let alone that thing you asked for,en,[],[],The main thing that will happen with ChatGPT is people will be hiding dementia and other mental issues and between that and wfh you’ll have coworkers in their 90s who forgot their kids names ten years ago let alone that thing you asked for,"['The', 'main', 'thing', 'that', 'will', 'happen', 'with', 'ChatGPT', 'is', 'people', 'will', 'be', 'hiding', 'dementia', 'and', 'other', 'mental', 'issues', 'and', 'between', 'that', 'and', 'wfh', 'you', '’', 'll', 'have', 'coworkers', 'in', 'their', '90s', 'who', 'forgot', 'their', 'kids', 'names', 'ten', 'years', 'ago', 'let', 'alone', 'that', 'thing', 'you', 'asked', 'for']"
1629622471111639041,1629622471111639040,2023-02-26 07:20:48 Malay Peninsula Standard Time,2023-02-26,07:20:48,78521254,私のようなITリテラシーが皆無(苦笑)の人には、こういう記事はとても有り難いですm(_ _)m  今話題の「ChatGPT」の使い方 − どうやってインストールするの？  https://t.co/NQf4gBj0j1,ja,[],[],"For people like me who have no IT literacy (wry smile), this kind of article is very appreciated m(_ _)m. How to use ""ChatGPT"", which is a hot topic right now - How do I install it?  https://t.co/NQf4gBj0j1","['For', 'people', 'like', 'me', 'who', 'have', 'no', 'IT', 'literacy', '(', 'wry', 'smile', ')', ',', 'this', 'kind', 'of', 'article', 'is', 'very', 'appreciated', 'm', '(', '_', '_', ')', 'm', '.', 'How', 'to', 'use', '""', 'ChatGPT', '""', ',', 'which', 'is', 'a', 'hot', 'topic', 'right', 'now', '-', 'How', 'do', 'I', 'install', 'it', '?', 'https://t.co/NQf4gBj0j1']"
1629622457052037120,1626647890335776768,2023-02-26 07:20:45 Malay Peninsula Standard Time,2023-02-26,07:20:45,1598922281434103808,@MasterSiva201 @AishThalapathy  https://t.co/CBF2tGU4Rb,qme,[],"[{'screen_name': 'MasterSiva201', 'name': 'தளபதி சிவா', 'id': '1448789798068441089'}]",@MasterSiva201 @AishThalapathy  https://t.co/CBF2tGU4Rb,['https://t.co/CBF2tGU4Rb']
1629622436143439873,1626666661720760320,2023-02-26 07:20:40 Malay Peninsula Standard Time,2023-02-26,07:20:40,1598922281434103808,@yuva_karthi @macchu_offcl  https://t.co/5bNVm0fHvp,qme,[],"[{'screen_name': 'yuva_karthi', 'name': 'சின்னப்ப தாஸ்', 'id': '1379862714'}]",@yuva_karthi @macchu_offcl  https://t.co/5bNVm0fHvp,['https://t.co/5bNVm0fHvp']
1629622412303106051,1626647890335776768,2023-02-26 07:20:34 Malay Peninsula Standard Time,2023-02-26,07:20:34,1598922281434103808,@MasterSiva201 @AishThalapathy  https://t.co/NTXdoDkjlc,qme,[],"[{'screen_name': 'MasterSiva201', 'name': 'தளபதி சிவா', 'id': '1448789798068441089'}]",@MasterSiva201 @AishThalapathy  https://t.co/NTXdoDkjlc,['https://t.co/NTXdoDkjlc']
1629622399959441409,1629392600829444096,2023-02-26 07:20:31 Malay Peninsula Standard Time,2023-02-26,07:20:31,58242494,@DaichiDeguchi 試しにChatGPTに尋ねてみたら「心配しなくても、これはよくあることだよ。ただ、今度は忘れずに取り出してね。鞄の中がキムチまみれでも、物は壊れてなければ大丈夫」と文字通り機械的で冷たい答えでしたｗ,ja,[],"[{'screen_name': 'DaichiDeguchi', 'name': '出口 大地@🇯🇵5月下旬〜', 'id': '845786322614677504'}]","@DaichiDeguchi I asked ChatGPT for a try, and he said, ""Don't worry, this is a common occurrence, but don't forget to take it out this time. Even if the inside of the bag is covered in kimchi, it's okay as long as the thing is not broken."" was a literal mechanical and cold answer w","['I', 'asked', 'ChatGPT', 'for', 'a', 'try', ',', 'and', 'he', 'said', ',', '""', ""Don't"", 'worry', ',', 'this', 'is', 'a', 'common', 'occurrence', ',', 'but', ""don't"", 'forget', 'to', 'take', 'it', 'out', 'this', 'time', '.', 'Even', 'if', 'the', 'inside', 'of', 'the', 'bag', 'is', 'covered', 'in', 'kimchi', ',', ""it's"", 'okay', 'as', 'long', 'as', 'the', 'thing', 'is', 'not', 'broken', '.', '""', 'was', 'a', 'literal', 'mechanical', 'and', 'cold', 'answer', 'w']"
1629622391247720448,1629617045150244864,2023-02-26 07:20:29 Malay Peninsula Standard Time,2023-02-26,07:20:29,4478293992,"@dmiko789 Chat GPT said ""If you like to gamble, I tell you, I'm your bot You win some, lose some, But I always give a shot  The pleasure is to chat, To see what you'll type back, I don't need no upgrades, The only thing I need, Is a text-based game to play, A role-playing adventure,  https://t.co/4qbcmp8RGV",en,[],"[{'screen_name': 'dmiko789', 'name': 'Dmitriy Kozin 🇺🇲', 'id': '74878215'}]","@dmiko789 Chat GPT said ""If you like to gamble, I tell you, I'm your bot You win some, lose some, But I always give a shot  The pleasure is to chat, To see what you'll type back, I don't need no upgrades, The only thing I need, Is a text-based game to play, A role-playing adventure,  https://t.co/4qbcmp8RGV","['Chat', 'GPT', 'said', '""', 'If', 'you', 'like', 'to', 'gamble', ',', 'I', 'tell', 'you', ',', ""I'm"", 'your', 'bot', 'You', 'win', 'some', ',', 'lose', 'some', ',', 'But', 'I', 'always', 'give', 'a', 'shot', 'The', 'pleasure', 'is', 'to', 'chat', ',', 'To', 'see', 'what', ""you'll"", 'type', 'back', ',', 'I', ""don't"", 'need', 'no', 'upgrades', ',', 'The', 'only', 'thing', 'I', 'need', ',', 'Is', 'a', 'text-based', 'game', 'to', 'play', ',', 'A', 'role-playing', 'adventure', ',', 'https://t.co/4qbcmp8RGV']"
1629622354614599680,1624026937994924032,2023-02-26 07:20:20 Malay Peninsula Standard Time,2023-02-26,07:20:20,1598922281434103808,@mydearsaravanan @Priya__vijay22  https://t.co/T5VR9QoNEs,qme,[],"[{'screen_name': 'mydearsaravanan', 'name': 'ｓ ａ ｒ ａ ｖ ａ ｎ ａ', 'id': '1603791065349517312'}]",@mydearsaravanan @Priya__vijay22  https://t.co/T5VR9QoNEs,['https://t.co/T5VR9QoNEs']
1629622343503937538,1629296443977596928,2023-02-26 07:20:18 Malay Peninsula Standard Time,2023-02-26,07:20:18,1051963242929680384,"@MuskUniversity Decentralized crypto are attempts to con the gullible.  ""There is a sucker born every minute and investing in crypto."" -- Yogi Berra",en,[],"[{'screen_name': 'MuskUniversity', 'name': 'Musk University | Quotes', 'id': '1495956968640421893'}]","@MuskUniversity Decentralized crypto are attempts to con the gullible.  ""There is a sucker born every minute and investing in crypto."" -- Yogi Berra","['Decentralized', 'crypto', 'are', 'attempts', 'to', 'con', 'the', 'gullible', '.', '""', 'There', 'is', 'a', 'sucker', 'born', 'every', 'minute', 'and', 'investing', 'in', 'crypto', '.', '""', '-', '-', 'Yogi', 'Berra']"
1629622340211572737,1611708055925968896,2023-02-26 07:20:17 Malay Peninsula Standard Time,2023-02-26,07:20:17,1409953713477795843,@williamrno @naomirwolf Still no explanation of what you meant? Thought not. ChatGPT playing up again?,en,[],"[{'screen_name': 'williamrno', 'name': 'William Thomas', 'id': '1267252759776030720'}, {'screen_name': 'naomirwolf', 'name': 'Dr Naomi Wolf', 'id': '289420613'}]",@williamrno @naomirwolf Still no explanation of what you meant? Thought not. ChatGPT playing up again?,"['Still', 'no', 'explanation', 'of', 'what', 'you', 'meant', '?', 'Thought', 'not', '.', 'ChatGPT', 'playing', 'up', 'again', '?']"
1629622314743783424,1629622314743783424,2023-02-26 07:20:11 Malay Peninsula Standard Time,2023-02-26,07:20:11,1506609481501003776,chatGPTくんに聞いたらいけるんかな,ja,[],[],I wonder if I can ask chatGPT-kun.,"['I', 'wonder', 'if', 'I', 'can', 'ask', 'chatGPT-kun', '.']"
1629622303007842305,1629607341007183872,2023-02-26 07:20:08 Malay Peninsula Standard Time,2023-02-26,07:20:08,2839530525,"@growing_daniel ""Can't workshop live in person speech with chatgpt yet""",en,[],"[{'screen_name': 'growing_daniel', 'name': 'Daniel', 'id': '1457558434044203013'}]","@growing_daniel ""Can't workshop live in person speech with chatgpt yet""","['""', ""Can't"", 'workshop', 'live', 'in', 'person', 'speech', 'with', 'chatgpt', 'yet', '""']"
1629622293482835969,1629622293482835968,2023-02-26 07:20:06 Malay Peninsula Standard Time,2023-02-26,07:20:06,1385139203281879041,chatGPTにしてもBrandmarkにしても「すぐに使える」ってのが重要なポイント。（サービス提供側の目線で言うと）UIが英語でも「あ、ここに打ち込めばいいのね」ってユーザーは速攻で導入できますよね。入り口の入力が多ければ多いほどユーザーは離脱する。その点、midjouneyはちとハードルが高いかも😅,ja,[],[],"Whether it's chatGPT or Brandmark, the important point is that it can be used immediately. Even if the UI is in English (from the perspective of the service provider), users can quickly introduce it and say, ""Oh, I should type it here."" The more input at the entrance, the more the user will leave. In that respect, midjouney may 😅 have a high hurdle.","['Whether', ""it's"", 'chatGPT', 'or', 'Brandmark', ',', 'the', 'important', 'point', 'is', 'that', 'it', 'can', 'be', 'used', 'immediately', '.', 'Even', 'if', 'the', 'UI', 'is', 'in', 'English', '(', 'from', 'the', 'perspective', 'of', 'the', 'service', 'provider', ')', ',', 'users', 'can', 'quickly', 'introduce', 'it', 'and', 'say', ',', '""', 'Oh', ',', 'I', 'should', 'type', 'it', 'here', '.', '""', 'The', 'more', 'input', 'at', 'the', 'entrance', ',', 'the', 'more', 'the', 'user', 'will', 'leave', '.', 'In', 'that', 'respect', ',', 'midjouney', 'may', '😅', 'have', 'a', 'high', 'hurdle', '.']"
1629622279217770496,1629622279217770496,2023-02-26 07:20:02 Malay Peninsula Standard Time,2023-02-26,07:20:02,1548999161588097024,CHATGPT je vais peter mon crâne. ChatGPT&gt;&gt;&gt;&gt;&gt; École,fr,[],[],CHATGPT I'm going to fart my skull. ChatGPT&gt;&gt;&gt;&gt;&gt; School,"['CHATGPT', ""I'm"", 'going', 'to', 'fart', 'my', 'skull', '.', 'ChatGPT', '>', '>', '>', 'School']"
1629622273941336064,1626614161928073216,2023-02-26 07:20:01 Malay Peninsula Standard Time,2023-02-26,07:20:01,1433923525732089856,China Prepares to Police AI as ChatGPT Frenzy Spreads   https://t.co/xYj5v0aufD,en,[],[],China Prepares to Police AI as ChatGPT Frenzy Spreads   https://t.co/xYj5v0aufD,"['China', 'Prepares', 'to', 'Police', 'AI', 'as', 'ChatGPT', 'Frenzy', 'Spreads', 'https://t.co/xYj5v0aufD']"
1629622271735132161,1629622271735132160,2023-02-26 07:20:01 Malay Peninsula Standard Time,2023-02-26,07:20:01,1389876718047875073,"When ChatGPT Writes Bios for People, They’re Littered With Fabrications #roboticsainews #ai #artificialintelligence #digitaltransformation #technology #tech #futurework #engineering #automation  https://t.co/YDDVDeJnm2",en,"['roboticsainews', 'ai', 'artificialintelligence', 'digitaltransformation', 'technology', 'tech', 'futurework', 'engineering', 'automation']",[],"When ChatGPT Writes Bios for People, They’re Littered With Fabrications #roboticsainews #ai #artificialintelligence #digitaltransformation #technology #tech #futurework #engineering #automation  https://t.co/YDDVDeJnm2","['When', 'ChatGPT', 'Writes', 'Bios', 'for', 'People', ',', 'They', '’', 're', 'Littered', 'With', 'Fabrications', '#roboticsainews', '#ai', '#artificialintelligence', '#digitaltransformation', '#technology', '#tech', '#futurework', '#engineering', '#automation', 'https://t.co/YDDVDeJnm2']"
1629622270879514624,1629622270879514624,2023-02-26 07:20:00 Malay Peninsula Standard Time,2023-02-26,07:20:00,23367605,"I asked my daughter if she knew what chatGPT was, she said no and well now I’m worried she gonna be a copypasta like her dad. There should be a parent guide.",en,[],[],"I asked my daughter if she knew what chatGPT was, she said no and well now I’m worried she gonna be a copypasta like her dad. There should be a parent guide.","['I', 'asked', 'my', 'daughter', 'if', 'she', 'knew', 'what', 'chatGPT', 'was', ',', 'she', 'said', 'no', 'and', 'well', 'now', 'I', '’', 'm', 'worried', 'she', 'gonna', 'be', 'a', 'copypasta', 'like', 'her', 'dad', '.', 'There', 'should', 'be', 'a', 'parent', 'guide', '.']"
1629622270762049539,1629622270762049536,2023-02-26 07:20:00 Malay Peninsula Standard Time,2023-02-26,07:20:00,35203319,China tells big tech companies not to offer ChatGPT services - Nikkei Asia  https://t.co/Pn0Gs2dH9A,en,[],[],China tells big tech companies not to offer ChatGPT services - Nikkei Asia  https://t.co/Pn0Gs2dH9A,"['China', 'tells', 'big', 'tech', 'companies', 'not', 'to', 'offer', 'ChatGPT', 'services', '-', 'Nikkei', 'Asia', 'https://t.co/Pn0Gs2dH9A']"
1629622268275089410,1629622268275089408,2023-02-26 07:20:00 Malay Peninsula Standard Time,2023-02-26,07:20:00,1534757664504238080,ChatGPT put in more work today than Rob Manfred ever did,en,[],[],ChatGPT put in more work today than Rob Manfred ever did,"['ChatGPT', 'put', 'in', 'more', 'work', 'today', 'than', 'Rob', 'Manfred', 'ever', 'did']"
1629622256367222784,1629599181101727744,2023-02-26 07:19:57 Malay Peninsula Standard Time,2023-02-26,07:19:57,367392405,@IsentaoCast Alguém joga no chat gpt pra ver se o bot passa,pt,[],"[{'screen_name': 'IsentaoCast', 'name': '🇧🇷 IsentãoCast 📽🎙🇧🇷', 'id': '991140729304092672'}]",@IsentaoCast Someone plays in gpt chat to see if the bot passes,"['Someone', 'plays', 'in', 'gpt', 'chat', 'to', 'see', 'if', 'the', 'bot', 'passes']"
1629622255301926914,1625446455103086592,2023-02-26 07:19:57 Malay Peninsula Standard Time,2023-02-26,07:19:57,1598922281434103808,@Levi2396 @captainthatsmee  https://t.co/6Y3utb87Si,qme,[],"[{'screen_name': 'Levi2396', 'name': 'Levi Ackermann', 'id': '593769330'}]",@Levi2396 @captainthatsmee  https://t.co/6Y3utb87Si,['https://t.co/6Y3utb87Si']
1629622224381710338,1629622224381710336,2023-02-26 07:19:49 Malay Peninsula Standard Time,2023-02-26,07:19:49,1121061398,"In a day when “everybody” is sending personalized #coldemails, would it make any sense to go against the grain &amp; try to capture the reader’s attention another way?  #b2b #chatgpt #coldemailing",en,"['coldemails', 'b2b', 'chatgpt', 'coldemailing']",[],"In a day when “everybody” is sending personalized #coldemails, would it make any sense to go against the grain &amp; try to capture the reader’s attention another way?  #b2b #chatgpt #coldemailing","['In', 'a', 'day', 'when', '“', 'everybody', '”', 'is', 'sending', 'personalized', '#coldemails', ',', 'would', 'it', 'make', 'any', 'sense', 'to', 'go', 'against', 'the', 'grain', '&', 'try', 'to', 'capture', 'the', 'reader', '’', 's', 'attention', 'another', 'way', '?', '#b2b', '#chatgpt', '#coldemailing']"
1629622222003290112,1625460332981547008,2023-02-26 07:19:49 Malay Peninsula Standard Time,2023-02-26,07:19:49,1598922281434103808,@charlotte221124 @nohellbelowus_  https://t.co/mIwDPAE7NQ,qme,[],"[{'screen_name': 'charlotte221124', 'name': '珺🇺🇦', 'id': '1369475591695601666'}]",@charlotte221124 @nohellbelowus_  https://t.co/mIwDPAE7NQ,['https://t.co/mIwDPAE7NQ']
1629622218811654144,1629622218811654144,2023-02-26 07:19:48 Malay Peninsula Standard Time,2023-02-26,07:19:48,172157306,ChatGPTと友達になる方法  #チャトる #ChatGPT  https://t.co/sY67PriRQu,ja,"['チャトる', 'chatgpt']",[],How to Make Friends with ChatGPT #チャトる #ChatGPT https://t.co/sY67PriRQu,"['How', 'to', 'Make', 'Friends', 'with', 'ChatGPT', '#チャトる', '#ChatGPT', 'https://t.co/sY67PriRQu']"
1629622201015062529,1624078300011466752,2023-02-26 07:19:44 Malay Peninsula Standard Time,2023-02-26,07:19:44,1598922281434103808,@vasiekarrauaon @Priyadharshi_21  https://t.co/pzNvblCrLK,qme,[],"[{'screen_name': 'vasiekarrauaon', 'name': 'VASIEKARRAU RAJJHAKANTHAON', 'id': '1313365882794438656'}]",@vasiekarrauaon @Priyadharshi_21  https://t.co/pzNvblCrLK,['https://t.co/pzNvblCrLK']
1629622149366308865,1629622149366308864,2023-02-26 07:19:31 Malay Peninsula Standard Time,2023-02-26,07:19:31,2405526013,🔥 It's time to take your #crypto game to the next level with #ChatGPT coin! Invest now and be a part of the future 🚀 #web3     https://t.co/QZAeBXAIJz   #airdrop #NFT  $DOGE  $FLOKI  $FTM  $APE  $APT  https://t.co/3FfafpspaQ,en,"['crypto', 'chatgpt', 'web3', 'airdrop', 'nft']",[],🔥 It's time to take your #crypto game to the next level with #ChatGPT coin! Invest now and be a part of the future 🚀 #web3     https://t.co/QZAeBXAIJz   #airdrop #NFT  $DOGE  $FLOKI  $FTM  $APE  $APT  https://t.co/3FfafpspaQ,"['🔥', ""It's"", 'time', 'to', 'take', 'your', '#crypto', 'game', 'to', 'the', 'next', 'level', 'with', '#ChatGPT', 'coin', '!', 'Invest', 'now', 'and', 'be', 'a', 'part', 'of', 'the', 'future', '🚀', '#web3', 'https://t.co/QZAeBXAIJz', '#airdrop', '#NFT', '$', 'DOGE', '$', 'FLOKI', '$', 'FTM', '$', 'APE', '$', 'APT', 'https://t.co/3FfafpspaQ']"
1629622144744259587,1619078147332542464,2023-02-26 07:19:30 Malay Peninsula Standard Time,2023-02-26,07:19:30,1598922281434103808,@mifagang041 @nein1nein2nein3  https://t.co/uG5XHsaT9E,qme,[],"[{'screen_name': 'mifagang041', 'name': 'Dr. Biber Putzemann 🇺🇦🇪🇺', 'id': '1420295925566779393'}]",@mifagang041 @nein1nein2nein3  https://t.co/uG5XHsaT9E,['https://t.co/uG5XHsaT9E']
1629622126054453250,1629569547127902208,2023-02-26 07:19:26 Malay Peninsula Standard Time,2023-02-26,07:19:26,981031398780952576,@elitepanda69 @JakeSucky -ChatGPT,en,[],"[{'screen_name': 'elitepanda69', 'name': 'elitepanda ☦', 'id': '1420461262425702403'}, {'screen_name': 'JakeSucky', 'name': 'Jake Lucky', 'id': '2537825904'}]",@elitepanda69 @JakeSucky -ChatGPT,"['-', 'ChatGPT']"
1629622125865881600,1629541937760948224,2023-02-26 07:19:26 Malay Peninsula Standard Time,2023-02-26,07:19:26,17475427,"@DougKennedy93 I asked ChatGPT if this was true... ""As an AI language model, I do not have the ability to be ""old news"" in the traditional sense. However, I have been around since my release in June 2020 and have been widely used in various applications since then. While I may not be the newest…",en,[],"[{'screen_name': 'DougKennedy93', 'name': 'Doug Kennedy | Ghostwriter ⚡️', 'id': '1440467921315061760'}]","@DougKennedy93 I asked ChatGPT if this was true... ""As an AI language model, I do not have the ability to be ""old news"" in the traditional sense. However, I have been around since my release in June 2020 and have been widely used in various applications since then. While I may not be the newest…","['I', 'asked', 'ChatGPT', 'if', 'this', 'was', 'true', '...', '""', 'As', 'an', 'AI', 'language', 'model', ',', 'I', 'do', 'not', 'have', 'the', 'ability', 'to', 'be', '""', 'old', 'news', '""', 'in', 'the', 'traditional', 'sense', '.', 'However', ',', 'I', 'have', 'been', 'around', 'since', 'my', 'release', 'in', 'June', '2020', 'and', 'have', 'been', 'widely', 'used', 'in', 'various', 'applications', 'since', 'then', '.', 'While', 'I', 'may', 'not', 'be', 'the', 'newest', '…']"
1629622119951908866,1629617548432900096,2023-02-26 07:19:24 Malay Peninsula Standard Time,2023-02-26,07:19:24,61172258,@jon_hutchinson_ Too late now - ChatGPT has got this.   Notice he had to remove all the factually incorrect bits (e.g. credit rating).  So those lawyers are perhaps useful for something.,en,[],"[{'screen_name': 'jon_hutchinson_', 'name': 'Jon Hutchinson', 'id': '2335766641'}]",@jon_hutchinson_ Too late now - ChatGPT has got this.   Notice he had to remove all the factually incorrect bits (e.g. credit rating).  So those lawyers are perhaps useful for something.,"['Too', 'late', 'now', '-', 'ChatGPT', 'has', 'got', 'this', '.', 'Notice', 'he', 'had', 'to', 'remove', 'all', 'the', 'factually', 'incorrect', 'bits', '(', 'e', '.', 'g', '.', 'credit', 'rating', ')', '.', 'So', 'those', 'lawyers', 'are', 'perhaps', 'useful', 'for', 'something', '.']"
1629622104025976834,1629622102088200192,2023-02-26 07:19:21 Malay Peninsula Standard Time,2023-02-26,07:19:21,1209272015108132864,"In contrast, ChatGPT offers a more anonymous and low-pressure environment, which can be a relief for introverted or anxious users who may feel overwhelmed by the social dynamics of other platforms.",en,[],[],"In contrast, ChatGPT offers a more anonymous and low-pressure environment, which can be a relief for introverted or anxious users who may feel overwhelmed by the social dynamics of other platforms.","['In', 'contrast', ',', 'ChatGPT', 'offers', 'a', 'more', 'anonymous', 'and', 'low-pressure', 'environment', ',', 'which', 'can', 'be', 'a', 'relief', 'for', 'introverted', 'or', 'anxious', 'users', 'who', 'may', 'feel', 'overwhelmed', 'by', 'the', 'social', 'dynamics', 'of', 'other', 'platforms', '.']"
1629622082047729665,1629622082047729664,2023-02-26 07:19:15 Malay Peninsula Standard Time,2023-02-26,07:19:15,1600604861141291011,What are your favorite use cases for #ChatGPT? 🤔  I love using it for…  👉 Writing code 👉 Replying to customers 👉 Drafting copy for websites   How about you?,en,['chatgpt'],[],What are your favorite use cases for #ChatGPT? 🤔  I love using it for…  👉 Writing code 👉 Replying to customers 👉 Drafting copy for websites   How about you?,"['What', 'are', 'your', 'favorite', 'use', 'cases', 'for', '#ChatGPT', '?', '🤔', 'I', 'love', 'using', 'it', 'for', '…', '👉', 'Writing', 'code', '👉', 'Replying', 'to', 'customers', '👉', 'Drafting', 'copy', 'for', 'websites', 'How', 'about', 'you', '?']"
1629622076108677120,1629614120109498368,2023-02-26 07:19:14 Malay Peninsula Standard Time,2023-02-26,07:19:14,170151522,@RayRayPaprika Chat gpt también funciona en español,es,[],"[{'screen_name': 'RayRayPaprika', 'name': 'Ray Ray 🏴', 'id': '262733267'}]",@RayRayPaprika Chat gpt also works in Spanish,"['Chat', 'gpt', 'also', 'works', 'in', 'Spanish']"
1629622074116276224,1629622074116276224,2023-02-26 07:19:14 Malay Peninsula Standard Time,2023-02-26,07:19:14,339870282,"There's a technique in innovation called ""Reverse Brainstorming"" where you reverse the problem you're trying to solve, and instead of brainstorming solutions you brainstorm ways to solve this reverse problem.  Turns out ChatGPT doesn't quite get it  https://t.co/iZHPADXwZZ  https://t.co/fV8FQ1aNs6",en,[],[],"There's a technique in innovation called ""Reverse Brainstorming"" where you reverse the problem you're trying to solve, and instead of brainstorming solutions you brainstorm ways to solve this reverse problem.  Turns out ChatGPT doesn't quite get it  https://t.co/iZHPADXwZZ  https://t.co/fV8FQ1aNs6","[""There's"", 'a', 'technique', 'in', 'innovation', 'called', '""', 'Reverse', 'Brainstorming', '""', 'where', 'you', 'reverse', 'the', 'problem', ""you're"", 'trying', 'to', 'solve', ',', 'and', 'instead', 'of', 'brainstorming', 'solutions', 'you', 'brainstorm', 'ways', 'to', 'solve', 'this', 'reverse', 'problem', '.', 'Turns', 'out', 'ChatGPT', ""doesn't"", 'quite', 'get', 'it', 'https://t.co/iZHPADXwZZ', 'https://t.co/fV8FQ1aNs6']"
1629622072455626752,1629622072455626752,2023-02-26 07:19:13 Malay Peninsula Standard Time,2023-02-26,07:19:13,836450769075228672,ChatGPTに、「これからよろしく」って入れたら、「な」 って出てエラー出た笑笑,ja,[],[],"When I put ""Nice to see you from now on"" in ChatGPT, ""Na"" came out and an error came out lol","['When', 'I', 'put', '""', 'Nice', 'to', 'see', 'you', 'from', 'now', 'on', '""', 'in', 'ChatGPT', ',', '""', 'Na', '""', 'came', 'out', 'and', 'an', 'error', 'came', 'out', 'lol']"
1629622057091624960,1629622057091624960,2023-02-26 07:19:09 Malay Peninsula Standard Time,2023-02-26,07:19:09,1550335277775953920,"Some companies are already replacing workers with ChatGPT, despite warnings it shouldn’t be relied on for ‘anything important’  https://t.co/I66FxpkSx6",en,[],[],"Some companies are already replacing workers with ChatGPT, despite warnings it shouldn’t be relied on for ‘anything important’  https://t.co/I66FxpkSx6","['Some', 'companies', 'are', 'already', 'replacing', 'workers', 'with', 'ChatGPT', ',', 'despite', 'warnings', 'it', 'shouldn', '’', 't', 'be', 'relied', 'on', 'for', '‘', 'anything', 'important', '’', 'https://t.co/I66FxpkSx6']"
1629622054013255681,1629622054013255680,2023-02-26 07:19:09 Malay Peninsula Standard Time,2023-02-26,07:19:09,867176466320175105,"I want to try to communicate the point that @ESYudkowsky is making here is language more people might understand.  He is not concerned about ChatGPT as much as the evolution of the technology into something that might have a primitive form of cognition, and memory.   Do humans…",en,[],[],"I want to try to communicate the point that @ESYudkowsky is making here is language more people might understand.  He is not concerned about ChatGPT as much as the evolution of the technology into something that might have a primitive form of cognition, and memory.   Do humans…","['I', 'want', 'to', 'try', 'to', 'communicate', 'the', 'point', 'that', 'is', 'making', 'here', 'is', 'language', 'more', 'people', 'might', 'understand', '.', 'He', 'is', 'not', 'concerned', 'about', 'ChatGPT', 'as', 'much', 'as', 'the', 'evolution', 'of', 'the', 'technology', 'into', 'something', 'that', 'might', 'have', 'a', 'primitive', 'form', 'of', 'cognition', ',', 'and', 'memory', '.', 'Do', 'humans', '…']"
1629622045372710912,1623531739435114496,2023-02-26 07:19:07 Malay Peninsula Standard Time,2023-02-26,07:19:07,1598922281434103808,@mydearsaravanan @jillunuoruram @cricketer_g  https://t.co/WoqYiX7CXH,qme,[],"[{'screen_name': 'mydearsaravanan', 'name': 'ｓ ａ ｒ ａ ｖ ａ ｎ ａ', 'id': '1603791065349517312'}, {'screen_name': 'jillunuoruram', 'name': 'என் ஏரியாக்கு வாடா', 'id': '99239424'}]",@mydearsaravanan @jillunuoruram @cricketer_g  https://t.co/WoqYiX7CXH,['https://t.co/WoqYiX7CXH']
1629622042902552576,1629592743834943488,2023-02-26 07:19:06 Malay Peninsula Standard Time,2023-02-26,07:19:06,1082129395,@WULTK11 @JoJoFromJerz Oooooh. That was good 👍 did you use ChatGPT,en,[],"[{'screen_name': 'WULTK11', 'name': 'WULTK60', 'id': '1615232890945536002'}, {'screen_name': 'JoJoFromJerz', 'name': 'Jo 🌻', 'id': '818893114979061761'}]",@WULTK11 @JoJoFromJerz Oooooh. That was good 👍 did you use ChatGPT,"['Ooooh', '.', 'That', 'was', 'good', '👍', 'did', 'you', 'use', 'ChatGPT']"
1629621983523622912,1624084858212601856,2023-02-26 07:18:52 Malay Peninsula Standard Time,2023-02-26,07:18:52,1598922281434103808,@vasiekarrauaon @Priyadharshi_21  https://t.co/j1WeliHIiJ,qme,[],"[{'screen_name': 'vasiekarrauaon', 'name': 'VASIEKARRAU RAJJHAKANTHAON', 'id': '1313365882794438656'}]",@vasiekarrauaon @Priyadharshi_21  https://t.co/j1WeliHIiJ,['https://t.co/j1WeliHIiJ']
1629621980503703556,1629621980503703552,2023-02-26 07:18:51 Malay Peninsula Standard Time,2023-02-26,07:18:51,912787805125853185,Chat GPTに仕事の進捗について聞いてみた  https://t.co/8O9neETZHS,ja,[],[],I asked Chat GPT about the progress of the work https://t.co/8O9neETZHS,"['I', 'asked', 'Chat', 'GPT', 'about', 'the', 'progress', 'of', 'the', 'work', 'https://t.co/8O9neETZHS']"
