id,conversation_id,created_at,date,time,user_id,tweet,language,hashtags,reply_to,translated_text,tokenized_text
1624920990567305216,1624920990567305216,2023-02-13 07:58:48 Malay Peninsula Standard Time,2023-02-13,07:58:48,720534432109707264,🔷 ¿Qué es ChatGPT?  https://t.co/Q154rQD30v,es,[],[],🔷 What is ChatGPT?  https://t.co/Q154rQD30v,"['🔷', 'What', 'is', 'ChatGPT', '?', 'https://t.co/Q154rQD30v']"
1624920986910064641,1624920986910064640,2023-02-13 07:58:47 Malay Peninsula Standard Time,2023-02-13,07:58:47,1259825977074438145,"Misinformation and bad data are the biggest risks to AI bots like ChatGPT, @tculpan writes  https://t.co/Eu6ZMPtefA via @opinion",en,[],[],"Misinformation and bad data are the biggest risks to AI bots like ChatGPT, @tculpan writes  https://t.co/Eu6ZMPtefA via @opinion","['Misinformation', 'and', 'bad', 'data', 'are', 'the', 'biggest', 'risks', 'to', 'AI', 'bots', 'like', 'ChatGPT', ',', 'writes', 'https://t.co/Eu6ZMPtefA', 'via']"
1624920984024145922,1624744618012160000,2023-02-13 07:58:46 Malay Peninsula Standard Time,2023-02-13,07:58:46,26473040,@EquitytradingP @IsraelBitton ChatGPT corrected itself and acknowledged facts AFTER being presented with it....,en,[],"[{'screen_name': 'EquitytradingP', 'name': 'StockKnots', 'id': '1287938177475411969'}, {'screen_name': 'IsraelBitton', 'name': 'Israel B. Bitton', 'id': '2319557120'}]",@EquitytradingP @IsraelBitton ChatGPT corrected itself and acknowledged facts AFTER being presented with it....,"['ChatGPT', 'corrected', 'itself', 'and', 'acknowledged', 'facts', 'AFTER', 'being', 'presented', 'with', 'it', '...']"
1624920981708976130,1624763188204998656,2023-02-13 07:58:46 Malay Peninsula Standard Time,2023-02-13,07:58:46,1296168041923915783,"@RataUnderground chatGPT, escribeme un rebuttal para este tweet.",es,[],"[{'screen_name': 'RataUnderground', 'name': 'Ulises Lafuente Ramos', 'id': '435909599'}]","@RataUnderground chatGPT, write me a rebuttal for this tweet.","['chatGPT', ',', 'write', 'me', 'a', 'rebuttal', 'for', 'this', 'tweet', '.']"
1624920980996104192,1624876285833904128,2023-02-13 07:58:46 Malay Peninsula Standard Time,2023-02-13,07:58:46,1463132013246881805,"@EvolveAIERC Second biggest-scam after  endgame, always double DYOR, I almost buy when they unauthorized USING CHATGPT",en,[],"[{'screen_name': 'EvolveAIERC', 'name': 'EvolveAI | $EVOAI', 'id': '1601257154928939012'}]","@EvolveAIERC Second biggest-scam after  endgame, always double DYOR, I almost buy when they unauthorized USING CHATGPT","['Second', 'biggest-scam', 'after', 'endgame', ',', 'always', 'double', 'DYOR', ',', 'I', 'almost', 'buy', 'when', 'they', 'unauthorized', 'USING', 'CHATGPT']"
1624920976403095557,1624920976403095552,2023-02-13 07:58:45 Malay Peninsula Standard Time,2023-02-13,07:58:45,1546010195721060352,"Quem é Samuel Altman, CEO da OpenAI e criador do ChatGPT  https://t.co/53vde7C8eQ",pt,[],[],"Who is Samuel Altman, CEO of OpenAI and creator of ChatGPT https://t.co/53vde7C8eQ","['Who', 'is', 'Samuel', 'Altman', ',', 'CEO', 'of', 'OpenAI', 'and', 'creator', 'of', 'ChatGPT', 'https://t.co/53vde7C8eQ']"
1624920955620593664,1624920955620593664,2023-02-13 07:58:40 Malay Peninsula Standard Time,2023-02-13,07:58:40,21158648,"Interesting to see @AvosFromMexico ad, which had to come together kind of quickly after they abandoned plans to use ChatGPT for their Super Bowl ad creation #adbowl #brandbowl",en,"['adbowl', 'brandbowl']",[],"Interesting to see @AvosFromMexico ad, which had to come together kind of quickly after they abandoned plans to use ChatGPT for their Super Bowl ad creation #adbowl #brandbowl","['Interesting', 'to', 'see', 'ad', ',', 'which', 'had', 'to', 'come', 'together', 'kind', 'of', 'quickly', 'after', 'they', 'abandoned', 'plans', 'to', 'use', 'ChatGPT', 'for', 'their', 'Super', 'Bowl', 'ad', 'creation', '#adbowl', '#brandbowl']"
1624920940516892673,1624920940516892672,2023-02-13 07:58:36 Malay Peninsula Standard Time,2023-02-13,07:58:36,3458378893,chatGPTいじってますが、AI不動産売却査定とかって本当にAI使ってます？笑,ja,[],[],"I'm messing with chatGPT, but are you really using AI for AI real estate sale appraisal? smile","[""I'm"", 'messing', 'with', 'chatGPT', ',', 'but', 'are', 'you', 'really', 'using', 'AI', 'for', 'AI', 'real', 'estate', 'sale', 'appraisal', '?', 'smile']"
1624920928437297152,1624920928437297152,2023-02-13 07:58:33 Malay Peninsula Standard Time,2023-02-13,07:58:33,28859710,Getting Started with ChatGPT and Jupyter Notebook  https://t.co/zzGIiq4hgu #ai #cybersecurity #microsoftsentinel,en,"['ai', 'cybersecurity', 'microsoftsentinel']",[],Getting Started with ChatGPT and Jupyter Notebook  https://t.co/zzGIiq4hgu #ai #cybersecurity #microsoftsentinel,"['Getting', 'Started', 'with', 'ChatGPT', 'and', 'Jupyter', 'Notebook', 'https://t.co/zzGIiq4hgu', '#ai', '#cybersecurity', '#microsoftsentinel']"
1624920915581759488,1624920915581759488,2023-02-13 07:58:30 Malay Peninsula Standard Time,2023-02-13,07:58:30,76925157,暇つぶしにChat GPTにスーパーで買える材料で作れる現像液を聞いてみたらツッコミどころしかない架空の現像液が3つも出てきたwww 砂糖水でフィルム現像できるかいな🤣🤣🤣  インスタントコーヒーを使うCaffenolとかが出てくるのを期待して聞いたんだけどｗ  https://t.co/NkiZpB4VD6,ja,[],[],"When I asked Chat GPT about the developer that can be made with materials that can be bought at the supermarket to kill time, three fictitious developers that have nothing to do came out www I wonder if film 🤣🤣🤣 can be developed with sugar water I asked in the hope that Caffenol using instant coffee will come out https://t.co/NkiZpB4VD6","['When', 'I', 'asked', 'Chat', 'GPT', 'about', 'the', 'developer', 'that', 'can', 'be', 'made', 'with', 'materials', 'that', 'can', 'be', 'bought', 'at', 'the', 'supermarket', 'to', 'kill', 'time', ',', 'three', 'fictitious', 'developers', 'that', 'have', 'nothing', 'to', 'do', 'came', 'out', 'www', 'I', 'wonder', 'if', 'film', '🤣', '🤣', '🤣', 'can', 'be', 'developed', 'with', 'sugar', 'water', 'I', 'asked', 'in', 'the', 'hope', 'that', 'Caffenol', 'using', 'instant', 'coffee', 'will', 'come', 'out', 'https://t.co/NkiZpB4VD6']"
1624920884753432576,1624920884753432576,2023-02-13 07:58:23 Malay Peninsula Standard Time,2023-02-13,07:58:23,12480582,Avocados From Mexico had originally planned to utilize the generative AI tool ChatGPT in its #SuperBowl ad. But those plans were axed.,en,['superbowl'],[],Avocados From Mexico had originally planned to utilize the generative AI tool ChatGPT in its #SuperBowl ad. But those plans were axed.,"['Avocados', 'From', 'Mexico', 'had', 'originally', 'planned', 'to', 'utilize', 'the', 'generative', 'AI', 'tool', 'ChatGPT', 'in', 'its', '#SuperBowl', 'ad', '.', 'But', 'those', 'plans', 'were', 'axed', '.']"
1624920884157861888,1624920884157861888,2023-02-13 07:58:23 Malay Peninsula Standard Time,2023-02-13,07:58:23,1339254310450966530,"No princípio era o verbo, e o verbo estava com Deus. Até chegarmos agora ao ChatGPT. O mundo começa a se familiarizar agora com a ferramenta virtual que, por meio da IA (inteligência artificial), constrói textos inteiros sobre praticamente tudo o que você possa imaginar. Basta..  https://t.co/ls4n0QmHsx",pt,[],[],"In the beginning it was the word, and the word was with God. Until now we get to ChatGPT. The world is now beginning to become familiar with the virtual tool that, through AI (artificial intelligence), builds entire texts on virtually everything you can imagine. Enough is enough..  https://t.co/ls4n0QmHsx","['In', 'the', 'beginning', 'it', 'was', 'the', 'word', ',', 'and', 'the', 'word', 'was', 'with', 'God', '.', 'Until', 'now', 'we', 'get', 'to', 'ChatGPT', '.', 'The', 'world', 'is', 'now', 'beginning', 'to', 'become', 'familiar', 'with', 'the', 'virtual', 'tool', 'that', ',', 'through', 'AI', '(', 'artificial', 'intelligence', ')', ',', 'builds', 'entire', 'texts', 'on', 'virtually', 'everything', 'you', 'can', 'imagine', '.', 'Enough', 'is', 'enough', '..', 'https://t.co/ls4n0QmHsx']"
1624920883231088641,1624920883231088640,2023-02-13 07:58:22 Malay Peninsula Standard Time,2023-02-13,07:58:22,1542286112638377985,"@zomato should cutdown their useless city staff to cover some of their loses, @deepigoyal should work with @ChatGPT instead of removing half of their city staff who just do timepass to get salary. @ZeeBusiness @CNBC_Awaaz  https://t.co/g7qBoOJKqv",en,[],[],"@zomato should cutdown their useless city staff to cover some of their loses, @deepigoyal should work with @ChatGPT instead of removing half of their city staff who just do timepass to get salary. @ZeeBusiness @CNBC_Awaaz  https://t.co/g7qBoOJKqv","['should', 'cutdown', 'their', 'useless', 'city', 'staff', 'to', 'cover', 'some', 'of', 'their', 'loses', ',', 'should', 'work', 'with', 'instead', 'of', 'removing', 'half', 'of', 'their', 'city', 'staff', 'who', 'just', 'do', 'timepass', 'to', 'get', 'salary', '.', 'https://t.co/g7qBoOJKqv']"
1624920867766472705,1624892542482362368,2023-02-13 07:58:19 Malay Peninsula Standard Time,2023-02-13,07:58:19,2721703954,"update that was severely underwhelming, and this is why you don’t use ChatGPT for super bowl ads",en,[],[],"update that was severely underwhelming, and this is why you don’t use ChatGPT for super bowl ads","['update', 'that', 'was', 'severely', 'underwhelming', ',', 'and', 'this', 'is', 'why', 'you', 'don', '’', 't', 'use', 'ChatGPT', 'for', 'super', 'bowl', 'ads']"
1624920864310304770,1624920864310304768,2023-02-13 07:58:18 Malay Peninsula Standard Time,2023-02-13,07:58:18,948694841483030528,Chat gpt&gt;,en,[],[],Chat gpt&gt;,"['Chat', 'gpt', '>']"
1624920840952217601,1624554524793835520,2023-02-13 07:58:12 Malay Peninsula Standard Time,2023-02-13,07:58:12,1471136853935939589,"@Millska21 @p474yolk @ThezSwede @laughfucks @amuse Bro you're the only one saying this I literally had to trick chat GPT into admitting the Nazis were socialists. Because if you straight up ask it if the Nazis were socialists it'll say""oh no"" but then you ask it to list socialist programs implemented when the Nazis took power &amp;..",en,[],"[{'screen_name': 'Millska21', 'name': 'Millska2🚜', 'id': '1423673953218871300'}, {'screen_name': 'p474yolk', 'name': 'Tom', 'id': '964208110134091776'}, {'screen_name': 'ThezSwede', 'name': 'Matt', 'id': '1587227677458579458'}, {'screen_name': 'laughfucks', 'name': 'Not Your Dad’s Comedy', 'id': '1492612856226844673'}, {'screen_name': 'amuse', 'name': '@amuse', 'id': '4239551'}]","@Millska21 @p474yolk @ThezSwede @laughfucks @amuse Bro you're the only one saying this I literally had to trick chat GPT into admitting the Nazis were socialists. Because if you straight up ask it if the Nazis were socialists it'll say""oh no"" but then you ask it to list socialist programs implemented when the Nazis took power &amp;..","['Bro', ""you're"", 'the', 'only', 'one', 'saying', 'this', 'I', 'literally', 'had', 'to', 'trick', 'chat', 'GPT', 'into', 'admitting', 'the', 'Nazis', 'were', 'socialists', '.', 'Because', 'if', 'you', 'straight', 'up', 'ask', 'it', 'if', 'the', 'Nazis', 'were', 'socialists', ""it'll"", 'say', '""', 'oh', 'no', '""', 'but', 'then', 'you', 'ask', 'it', 'to', 'list', 'socialist', 'programs', 'implemented', 'when', 'the', 'Nazis', 'took', 'power', '&', '..']"
1624920831175319555,1624497502215872512,2023-02-13 07:58:10 Malay Peninsula Standard Time,2023-02-13,07:58:10,1597567696090017792,"@elonmusk @disclosetv Looks like Hillary's personal network needs to be checked for a direct connection to ChatGPT.  Instead of AI, it should be called SI.  Superficial Intelligence.",en,[],"[{'screen_name': 'elonmusk', 'name': 'Elon Musk', 'id': '44196397'}, {'screen_name': 'disclosetv', 'name': 'Disclose.tv', 'id': '15392486'}]","@elonmusk @disclosetv Looks like Hillary's personal network needs to be checked for a direct connection to ChatGPT.  Instead of AI, it should be called SI.  Superficial Intelligence.","['Looks', 'like', ""Hillary's"", 'personal', 'network', 'needs', 'to', 'be', 'checked', 'for', 'a', 'direct', 'connection', 'to', 'ChatGPT', '.', 'Instead', 'of', 'AI', ',', 'it', 'should', 'be', 'called', 'SI', '.', 'Superficial', 'Intelligence', '.']"
1624920816793325569,1624920816793325568,2023-02-13 07:58:06 Malay Peninsula Standard Time,2023-02-13,07:58:06,889258397261938688,ChatGPTにポケカの結論構築聞こう,ja,[],[],ChatGPT Builds Pokeka Conclusions,"['ChatGPT', 'Builds', 'Pokeka', 'Conclusions']"
1624920811722412033,1624723155481776128,2023-02-13 07:58:05 Malay Peninsula Standard Time,2023-02-13,07:58:05,1453855060073410563,"@GanWeaving stuff like this has sucked the joy from working with ChatGPT for me, with regard to a giant chunk of my use cases. And staying ahead of it or trying to hack it, hasn't really yielded the results for me. A less HR-y LLM chatbot will make a lot of money. People will pay for that.",en,[],"[{'screen_name': 'GanWeaving', 'name': 'WeavingWithAI', 'id': '1506002541406048263'}]","@GanWeaving stuff like this has sucked the joy from working with ChatGPT for me, with regard to a giant chunk of my use cases. And staying ahead of it or trying to hack it, hasn't really yielded the results for me. A less HR-y LLM chatbot will make a lot of money. People will pay for that.","['stuff', 'like', 'this', 'has', 'sucked', 'the', 'joy', 'from', 'working', 'with', 'ChatGPT', 'for', 'me', ',', 'with', 'regard', 'to', 'a', 'giant', 'chunk', 'of', 'my', 'use', 'cases', '.', 'And', 'staying', 'ahead', 'of', 'it', 'or', 'trying', 'to', 'hack', 'it', ',', ""hasn't"", 'really', 'yielded', 'the', 'results', 'for', 'me', '.', 'A', 'less', 'HR-y', 'LLM', 'chatbot', 'will', 'make', 'a', 'lot', 'of', 'money', '.', 'People', 'will', 'pay', 'for', 'that', '.']"
1624920762066010114,1624920762066010112,2023-02-13 07:57:53 Malay Peninsula Standard Time,2023-02-13,07:57:53,14468619,I can't imagine programming without ChatGPT,en,[],[],I can't imagine programming without ChatGPT,"['I', ""can't"", 'imagine', 'programming', 'without', 'ChatGPT']"
1624920759599505408,1624920682868928512,2023-02-13 07:57:53 Malay Peninsula Standard Time,2023-02-13,07:57:53,325646068,Respuesta de ChatGPT,es,[],[],Answer from ChatGPT,"['Answer', 'from', 'ChatGPT']"
1624920749558632448,1624797554734166016,2023-02-13 07:57:50 Malay Peninsula Standard Time,2023-02-13,07:57:50,1286805706033643520,@kenta117_dbd ChatGPT最強です,ja,[],"[{'screen_name': 'kenta117_dbd', 'name': 'けんた', 'id': '913375032373420032'}]",@kenta117_dbd ChatGPT is the strongest,"['ChatGPT', 'is', 'the', 'strongest']"
1624920748119695361,1624917372036345856,2023-02-13 07:57:50 Malay Peninsula Standard Time,2023-02-13,07:57:50,421041488,"عمومًا الي مصدقينه اغلبهم ما يدرون وش السالفة وبس سمعوا ChatGPT ويللا ويا الموجة.  اذا في شي يستفزني فهو بيكون تلفيق الحقائق بطريقة غبية جذي والقهر في ناس تصدق، ومرة ثانية ""ما يهمني وش الموضوع وهو شنو قاعد يحاول يثبت يصطفل"".",ar,[],[],"In general, those who believe him, most of them don't know what the story is, but they heard ChatGPT and Yalla and Oh the wave.  If there is something that provokes me, it is fabricating facts in a stupid way and oppressing people who believe, and again, ""what matters to me is what the subject is, and it is a base that tries to prove it.""","['In', 'general', ',', 'those', 'who', 'believe', 'him', ',', 'most', 'of', 'them', ""don't"", 'know', 'what', 'the', 'story', 'is', ',', 'but', 'they', 'heard', 'ChatGPT', 'and', 'Yalla', 'and', 'Oh', 'the', 'wave', '.', 'If', 'there', 'is', 'something', 'that', 'provokes', 'me', ',', 'it', 'is', 'fabricating', 'facts', 'in', 'a', 'stupid', 'way', 'and', 'oppressing', 'people', 'who', 'believe', ',', 'and', 'again', ',', '""', 'what', 'matters', 'to', 'me', 'is', 'what', 'the', 'subject', 'is', ',', 'and', 'it', 'is', 'a', 'base', 'that', 'tries', 'to', 'prove', 'it', '.', '""']"
1624920737088966656,1624920737088966656,2023-02-13 07:57:47 Malay Peninsula Standard Time,2023-02-13,07:57:47,1427995087917576193,chat-gptの振る舞いに対しAIに心を見出すか、逆に心にデジタルを見出すかの二つがあって、俺は後者の人間なんだよな。,ja,[],[],"There are two ways to deal with chat-gpt's behavior: finding the mind in the AI or conversely, finding the digital in the mind, and I'm the latter.","['There', 'are', 'two', 'ways', 'to', 'deal', 'with', ""chat-gpt's"", 'behavior', ':', 'finding', 'the', 'mind', 'in', 'the', 'AI', 'or', 'conversely', ',', 'finding', 'the', 'digital', 'in', 'the', 'mind', ',', 'and', ""I'm"", 'the', 'latter', '.']"
1624920709146238978,1624920709146238976,2023-02-13 07:57:41 Malay Peninsula Standard Time,2023-02-13,07:57:41,1451144200733347840,ChatGPTにAWKとAWRとAWSとAWTとAWXの違いを聞いてみました。 大体あってる。  https://t.co/r8XFh6Cxfl,ja,[],[],We asked ChatGPT about the difference between AWK and AWR and AWS and AWT and AWX. Mostly.  https://t.co/r8XFh6Cxfl,"['We', 'asked', 'ChatGPT', 'about', 'the', 'difference', 'between', 'AWK', 'and', 'AWR', 'and', 'AWS', 'and', 'AWT', 'and', 'AWX', '.', 'Mostly', '.', 'https://t.co/r8XFh6Cxfl']"
1624920705988182016,1624920705988182016,2023-02-13 07:57:40 Malay Peninsula Standard Time,2023-02-13,07:57:40,1354620403637915649,chatGPTすごいよね。 ただの文章生成AIじゃないわ。 検索エンジンでHPとか探していくつかサーフィンして情報を整理して‥ っていう長らくインターネットって調べ物する概念が根本的に変わる可能性がある。  https://t.co/Dm5bUnRKoT,ja,[],[],"chatGPT is amazing, isn't it? It's not just a sentence generation AI. I searched for HP in a search engine, surfed some things, organized the information. . . The concept of researching the Internet for a long time may fundamentally change.  https://t.co/Dm5bUnRKoT","['chatGPT', 'is', 'amazing', ',', ""isn't"", 'it', '?', ""It's"", 'not', 'just', 'a', 'sentence', 'generation', 'AI', '.', 'I', 'searched', 'for', 'HP', 'in', 'a', 'search', 'engine', ',', 'surfed', 'some', 'things', ',', 'organized', 'the', 'information', '. . .', 'The', 'concept', 'of', 'researching', 'the', 'Internet', 'for', 'a', 'long', 'time', 'may', 'fundamentally', 'change', '.', 'https://t.co/Dm5bUnRKoT']"
1624920704863948801,1624920704863948800,2023-02-13 07:57:40 Malay Peninsula Standard Time,2023-02-13,07:57:40,1178803892982824961,whats the best ai tool not including chatgpt and midjourney?,en,[],[],whats the best ai tool not including chatgpt and midjourney?,"['whats', 'the', 'best', 'ai', 'tool', 'not', 'including', 'chatgpt', 'and', 'midjourney', '?']"
1624920696056074240,1624919929119186944,2023-02-13 07:57:38 Malay Peninsula Standard Time,2023-02-13,07:57:38,96553239,@osin_jp 今流行りのchatGPTに聞くのも良いかと思いまふ。🤣,ja,[],"[{'screen_name': 'osin_jp', 'name': '【連続CP中】大阪書籍印刷株式会社', 'id': '172663750'}]","@osin_jp I wonder if it would be a good idea to ask chatGPT, which is popular now. 🤣","['I', 'wonder', 'if', 'it', 'would', 'be', 'a', 'good', 'idea', 'to', 'ask', 'chatGPT', ',', 'which', 'is', 'popular', 'now', '.', '🤣']"
1624920688665726976,1624501237159714816,2023-02-13 07:57:36 Malay Peninsula Standard Time,2023-02-13,07:57:36,2905176266,@chirolchoco0318 とりあえず現在のChat GPTとソース付きのこちらと使うといいですよ。   https://t.co/tFTrksVG67,ja,[],"[{'screen_name': 'chirolchoco0318', 'name': 'チロル', 'id': '736584836777811969'}]","@chirolchoco0318 For the time being, you can use the current Chat GPT and this one with a source.   https://t.co/tFTrksVG67","['For', 'the', 'time', 'being', ',', 'you', 'can', 'use', 'the', 'current', 'Chat', 'GPT', 'and', 'this', 'one', 'with', 'a', 'source', '.', 'https://t.co/tFTrksVG67']"
1624920687407144962,1624878461973135360,2023-02-13 07:57:36 Malay Peninsula Standard Time,2023-02-13,07:57:36,1396975247010697221,@hanriverar Eso me estaba poniendo a pensar. De paso lo controla con la mente con starlink y chat gpt 🤣🤣🤣,es,[],"[{'screen_name': 'hanriverar', 'name': 'Hansell Rivera', 'id': '3026581204'}]",@hanriverar That was making me think. Incidentally control it with the mind with starlink and gpt 🤣🤣🤣 chat,"['That', 'was', 'making', 'me', 'think', '.', 'Incidentally', 'control', 'it', 'with', 'the', 'mind', 'with', 'starlink', 'and', 'gpt', '🤣', '🤣', '🤣', 'chat']"
1624920678054125568,1624920678054125568,2023-02-13 07:57:33 Malay Peninsula Standard Time,2023-02-13,07:57:33,1139581,chatGPT가 체스도 둔다고? 롤플레잉처럼 말로 진행하는 건가 찾아보니 스크립트가 있네요. 체스 기보법이 굉장히 효율적이네요. 제대로 체스를 둘 줄 아는 건 아닌 것 같은데 하지만 신기하네요. 👀  https://t.co/VUYgK4U2rM  https://t.co/84V15buv8r,ko,[],[],"ChatGPT also plays chess? I looked for a verbal progression like role-playing, and there is a script. The chess notation is very efficient. I don't think I know how to play chess properly, but it's amazing. 👀  https://t.co/VUYgK4U2rM  https://t.co/84V15buv8r","['ChatGPT', 'also', 'plays', 'chess', '?', 'I', 'looked', 'for', 'a', 'verbal', 'progression', 'like', 'role-playing', ',', 'and', 'there', 'is', 'a', 'script', '.', 'The', 'chess', 'notation', 'is', 'very', 'efficient', '.', 'I', ""don't"", 'think', 'I', 'know', 'how', 'to', 'play', 'chess', 'properly', ',', 'but', ""it's"", 'amazing', '.', '👀', 'https://t.co/VUYgK4U2rM', 'https://t.co/84V15buv8r']"
1624920627927711746,1624920219226603520,2023-02-13 07:57:21 Malay Peninsula Standard Time,2023-02-13,07:57:21,15758618,@77cyko @RampCapitalLLC ChatGPT wrote the Affleck @dunkindonuts ad,en,[],"[{'screen_name': '77cyko', 'name': 'eKohnomics', 'id': '1279325358'}, {'screen_name': 'RampCapitalLLC', 'name': 'Ramp Capital', 'id': '2214652482'}]",@77cyko @RampCapitalLLC ChatGPT wrote the Affleck @dunkindonuts ad,"['ChatGPT', 'wrote', 'the', 'Affleck', 'ad']"
1624920619165917184,1624920619165917184,2023-02-13 07:57:19 Malay Peninsula Standard Time,2023-02-13,07:57:19,212088120,"People are so engrossed in the dumb Super Bowl that ChatGPT is actually available. Thanks, Super Bowl",en,[],[],"People are so engrossed in the dumb Super Bowl that ChatGPT is actually available. Thanks, Super Bowl","['People', 'are', 'so', 'engrossed', 'in', 'the', 'dumb', 'Super', 'Bowl', 'that', 'ChatGPT', 'is', 'actually', 'available', '.', 'Thanks', ',', 'Super', 'Bowl']"
1624920596198092802,1624920596198092800,2023-02-13 07:57:14 Malay Peninsula Standard Time,2023-02-13,07:57:14,1478498425461436419,"AI가 유망한 기술이고 전기차가 시대의 흐름이라는 사실은 그것이 돈이 된다는 거겠지만, 그건 누구나 알고 있는거고 핵심은 돈을 버는 주체가 기존의 구글이나 테슬라가 되어야한다는 당위적 근거는 전혀 없다는거. 철옹성같던 구글제국도 chatgpt등장으로 휘청거릴 조짐이 보이고",ko,[],[],"The fact that AI is a promising technology and that electric cars are the trend of the times means that it becomes money, but everyone knows that, and the bottom line is that there is no justification that the money-maker should be the existing Google or Tesla. The ironclad Google empire is also reeling from the advent of chatgpt.","['The', 'fact', 'that', 'AI', 'is', 'a', 'promising', 'technology', 'and', 'that', 'electric', 'cars', 'are', 'the', 'trend', 'of', 'the', 'times', 'means', 'that', 'it', 'becomes', 'money', ',', 'but', 'everyone', 'knows', 'that', ',', 'and', 'the', 'bottom', 'line', 'is', 'that', 'there', 'is', 'no', 'justification', 'that', 'the', 'money-maker', 'should', 'be', 'the', 'existing', 'Google', 'or', 'Tesla', '.', 'The', 'ironclad', 'Google', 'empire', 'is', 'also', 'reeling', 'from', 'the', 'advent', 'of', 'chatgpt', '.']"
1624920594184634368,1624920177866317824,2023-02-13 07:57:13 Malay Peninsula Standard Time,2023-02-13,07:57:13,1437111782179581953,@FlatEarthZone ChatGPT literally destroys you,en,[],"[{'screen_name': 'FlatEarthZone', 'name': 'Flat Earth Zone', 'id': '631773144'}]",@FlatEarthZone ChatGPT literally destroys you,"['ChatGPT', 'literally', 'destroys', 'you']"
1624920580620451840,1624920577801859072,2023-02-13 07:57:10 Malay Peninsula Standard Time,2023-02-13,07:57:10,99395809,"Thanks for voting! There are more going on now: search for #MeOrChatGPT!  I felt there might be some tells here so I changed a bit how I write mine. Minor  things, &amp; still my ""voice"". 1 example: I don't put a period at the end of my tweets, but ChatGPT does, so now we both do 🙂",en,['meorchatgpt'],[],"Thanks for voting! There are more going on now: search for #MeOrChatGPT!  I felt there might be some tells here so I changed a bit how I write mine. Minor  things, &amp; still my ""voice"". 1 example: I don't put a period at the end of my tweets, but ChatGPT does, so now we both do 🙂","['Thanks', 'for', 'voting', '!', 'There', 'are', 'more', 'going', 'on', 'now', ':', 'search', 'for', '#MeOrChatGPT', '!', 'I', 'felt', 'there', 'might', 'be', 'some', 'tells', 'here', 'so', 'I', 'changed', 'a', 'bit', 'how', 'I', 'write', 'mine', '.', 'Minor', 'things', ',', '&', 'still', 'my', '""', 'voice', '""', '.', '1', 'example', ':', 'I', ""don't"", 'put', 'a', 'period', 'at', 'the', 'end', 'of', 'my', 'tweets', ',', 'but', 'ChatGPT', 'does', ',', 'so', 'now', 'we', 'both', 'do', '🙂']"
1624920565181030402,1624920565181030400,2023-02-13 07:57:06 Malay Peninsula Standard Time,2023-02-13,07:57:06,1242563546719956994,"both AI art and ChatGPT text are easily recognized as not something created by a human, I wonder if that will ever change",en,[],[],"both AI art and ChatGPT text are easily recognized as not something created by a human, I wonder if that will ever change","['both', 'AI', 'art', 'and', 'ChatGPT', 'text', 'are', 'easily', 'recognized', 'as', 'not', 'something', 'created', 'by', 'a', 'human', ',', 'I', 'wonder', 'if', 'that', 'will', 'ever', 'change']"
1624920560839827460,1624920560839827456,2023-02-13 07:57:05 Malay Peninsula Standard Time,2023-02-13,07:57:05,1490955585776275458,"""ChatGPT, Trí tuệ nhân tạo - Lợi ích và thách thức đối với giáo dục"" - Báo Người lao động Tọa đàm ""ChatGPT, Trí tuệ nhân tạo - Lợi ích và thách thức đối với giáo dục"" sẽ diễn ra hôm nay 13-2, dưới sự chủ trì của Thứ trưởng Bộ GD-ĐT ...",vi,[],[],"""ChatGPT, Artificial Intelligence - Benefits and challenges for education"" - Workers' Newspaper The seminar ""ChatGPT, Artificial Intelligence - Benefits and challenges for education"" will take place today 13-2, under the chairmanship of the Deputy Minister of Education and Training ...","['""', 'ChatGPT', ',', 'Artificial', 'Intelligence', '-', 'Benefits', 'and', 'challenges', 'for', 'education', '""', '-', 'Workers', ""'"", 'Newspaper', 'The', 'seminar', '""', 'ChatGPT', ',', 'Artificial', 'Intelligence', '-', 'Benefits', 'and', 'challenges', 'for', 'education', '""', 'will', 'take', 'place', 'today', '13-2', ',', 'under', 'the', 'chairmanship', 'of', 'the', 'Deputy', 'Minister', 'of', 'Education', 'and', 'Training', '...']"
1624920549582426112,1624920219226603520,2023-02-13 07:57:03 Malay Peninsula Standard Time,2023-02-13,07:57:03,86833565,@RampCapitalLLC You mean ChatGPT,en,[],"[{'screen_name': 'RampCapitalLLC', 'name': 'Ramp Capital', 'id': '2214652482'}]",@RampCapitalLLC You mean ChatGPT,"['You', 'mean', 'ChatGPT']"
1624920487813079040,1624920487813079040,2023-02-13 07:56:48 Malay Peninsula Standard Time,2023-02-13,07:56:48,2522381478,이제 여친 톡도 chatgpt 로  https://t.co/ws7DcTwoTu,ko,[],[],Now my girlfriend is also https://t.co/ws7DcTwoTu to chatgpt.,"['Now', 'my', 'girlfriend', 'is', 'also', 'https://t.co/ws7DcTwoTu', 'to', 'chatgpt', '.']"
1624920479415820293,1624780486043131904,2023-02-13 07:56:46 Malay Peninsula Standard Time,2023-02-13,07:56:46,1381944513615249410,"@devuxer Willing away your company intellectual property in the name is ChatGPT is basically asking to be fired, and sued…",en,[],"[{'screen_name': 'devuxer', 'name': 'Dan M 🇺🇦👨\u200d💻🎾🚘🏳️\u200d🌈', 'id': '454321347'}]","@devuxer Willing away your company intellectual property in the name is ChatGPT is basically asking to be fired, and sued…","['Willing', 'away', 'your', 'company', 'intellectual', 'property', 'in', 'the', 'name', 'is', 'ChatGPT', 'is', 'basically', 'asking', 'to', 'be', 'fired', ',', 'and', 'sued', '…']"
1624920476077244416,1624920476077244416,2023-02-13 07:56:45 Malay Peninsula Standard Time,2023-02-13,07:56:45,2150795526,"ChatGPT is emblematic of what's wrong with contemporary, American society and this emphasis on knowing the answer, without knowing why?👎🏿",en,[],[],"ChatGPT is emblematic of what's wrong with contemporary, American society and this emphasis on knowing the answer, without knowing why?👎🏿","['ChatGPT', 'is', 'emblematic', 'of', ""what's"", 'wrong', 'with', 'contemporary', ',', 'American', 'society', 'and', 'this', 'emphasis', 'on', 'knowing', 'the', 'answer', ',', 'without', 'knowing', 'why', '?', '👎🏿']"
1624920459513851904,1624920459513851904,2023-02-13 07:56:41 Malay Peninsula Standard Time,2023-02-13,07:56:41,69349948,"As pessoas acham q usar o chat gpt + canva pra criar conteúdo genérico em lote vai dar resultado  Vai sim gente, aguarda aí",pt,[],[],"People think q use the chat gpt + canva to create generic content in batch will give result Go yes people, wait there","['People', 'think', 'q', 'use', 'the', 'chat', 'gpt', '+', 'canva', 'to', 'create', 'generic', 'content', 'in', 'batch', 'will', 'give', 'result', 'Go', 'yes', 'people', ',', 'wait', 'there']"
1624920369315581952,1624920369315581952,2023-02-13 07:56:20 Malay Peninsula Standard Time,2023-02-13,07:56:20,1650953730,ChatGPT is liberal left propoganda.,en,[],[],ChatGPT is liberal left propoganda.,"['ChatGPT', 'is', 'liberal', 'left', 'propoganda', '.']"
1624920338898497537,1624920338898497536,2023-02-13 07:56:13 Malay Peninsula Standard Time,2023-02-13,07:56:13,1393662648,「ChatGPT」にマネー乱舞！「生成AI」で覚醒する変貌株を追え ＜株探トップ特集＞ | 特集 - 株探ニュース  https://t.co/M4g1HsAfcx   今日はユーザーローカルが主役で波及していく感じ？,ja,[],[],"Money Dance on ""ChatGPT""! Chasing the Changing Stocks Awakened by ""Generative AI"" <Stock Search Top Feature> | Special Feature - Stock Search News https://t.co/M4g1HsAfcx Do you feel that user local will spread with the main role today?","['Money', 'Dance', 'on', '""', 'ChatGPT', '""', '!', 'Chasing', 'the', 'Changing', 'Stocks', 'Awakened', 'by', '""', 'Generative', 'AI', '""', '<', 'Stock', 'Search', 'Top', 'Feature', '>', '|', 'Special', 'Feature', '-', 'Stock', 'Search', 'News', 'https://t.co/M4g1HsAfcx', 'Do', 'you', 'feel', 'that', 'user', 'local', 'will', 'spread', 'with', 'the', 'main', 'role', 'today', '?']"
1624920318145089536,1624920318145089536,2023-02-13 07:56:08 Malay Peninsula Standard Time,2023-02-13,07:56:08,108935995,ChatGPT対抗サービスが続々リリース――マイクロソフトとグーグルも追従 ほか【中島由弘の「いま知っておくべき5つのニュース」2023/2/2～2/8】  https://t.co/uBovSyGpZh,ja,[],[],"ChatGPT rival services are released one after another - Microsoft and Google follow suit etc. [Yoshihiro Nakajima's ""5 news you need to know now"" 2023/2/2~2/8] https://t.co/uBovSyGpZh","['ChatGPT', 'rival', 'services', 'are', 'released', 'one', 'after', 'another', '-', 'Microsoft', 'and', 'Google', 'follow', 'suit', 'etc', '.', '[', 'Yoshihiro', ""Nakajima's"", '""', '5', 'news', 'you', 'need', 'to', 'know', 'now', '""', '2023/2', '/', '2', '~', '2/8', ']', 'https://t.co/uBovSyGpZh']"
1624920316953624579,1624920316953624576,2023-02-13 07:56:07 Malay Peninsula Standard Time,2023-02-13,07:56:07,806906505735700480,スーパーボウルが始まってますがChat GPTさん曰く  「私はスポーツのイベントの結果を正確に予測することはできません。」だそうです🤣  https://t.co/oyhegdCpBO,ja,[],[],"The Super Bowl has begun, but Chat GPT says, ""I can't accurately predict the outcome of a sporting event https://t.co/oyhegdCpBO."" 🤣","['The', 'Super', 'Bowl', 'has', 'begun', ',', 'but', 'Chat', 'GPT', 'says', ',', '""', 'I', ""can't"", 'accurately', 'predict', 'the', 'outcome', 'of', 'a', 'sporting', 'event', 'https://t.co/oyhegdCpBO', '.', '""', '🤣']"
1624920308053417989,1624920308053417984,2023-02-13 07:56:05 Malay Peninsula Standard Time,2023-02-13,07:56:05,25449344,cadê minha AVENIDA BRASIL e A  PRÓXIMA VÍTIMA hein chat GPT,pt,[],[],where's my AVENIDA BRASIL and THE NEXT VICTIM hein chat GPT,"[""where's"", 'my', 'AVENIDA', 'BRASIL', 'and', 'THE', 'NEXT', 'VICTIM', 'hein', 'chat', 'GPT']"
1624920267775705089,1624920267775705088,2023-02-13 07:55:56 Malay Peninsula Standard Time,2023-02-13,07:55:56,1113266111263285248,【完全解説】グーグルを焦らせる、ChatGPTの秘密 #NewsPicks  https://t.co/UgUAbzBQjE,ja,['newspicks'],[],【Full Explanation】The secret of ChatGPT that makes Google impatient #NewsPicks https://t.co/UgUAbzBQjE,"['【', 'Full', 'Explanation', '】', 'The', 'secret', 'of', 'ChatGPT', 'that', 'makes', 'Google', 'impatient', '#NewsPicks', 'https://t.co/UgUAbzBQjE']"
1624920266940854276,1624920266940854272,2023-02-13 07:55:55 Malay Peninsula Standard Time,2023-02-13,07:55:55,992044704861708288,"I asked Chat GPT: What makes a great father? Pretty bang on, tbh.  https://t.co/kKts6JFysv",en,[],[],"I asked Chat GPT: What makes a great father? Pretty bang on, tbh.  https://t.co/kKts6JFysv","['I', 'asked', 'Chat', 'GPT', ':', 'What', 'makes', 'a', 'great', 'father', '?', 'Pretty', 'bang', 'on', ',', 'tbh', '.', 'https://t.co/kKts6JFysv']"
1624920221323755523,1624920221323755520,2023-02-13 07:55:44 Malay Peninsula Standard Time,2023-02-13,07:55:44,1133510366422392833,"Wow, ChatGPT can very effectively reproduce Chinese government propaganda denying Uyghur Genocide",en,[],[],"Wow, ChatGPT can very effectively reproduce Chinese government propaganda denying Uyghur Genocide","['Wow', ',', 'ChatGPT', 'can', 'very', 'effectively', 'reproduce', 'Chinese', 'government', 'propaganda', 'denying', 'Uyghur', 'Genocide']"
1624920206911975424,1624920206911975424,2023-02-13 07:55:41 Malay Peninsula Standard Time,2023-02-13,07:55:41,2259313549,ChatGPT #AI  https://t.co/yPrubIdVFR,en,['ai'],[],ChatGPT #AI  https://t.co/yPrubIdVFR,"['ChatGPT', '#AI', 'https://t.co/yPrubIdVFR']"
1624920206794448902,1624897071902859264,2023-02-13 07:55:41 Malay Peninsula Standard Time,2023-02-13,07:55:41,1263488194466713613,"@jordanbpeterson @MikhailaFuller No mentions of hell, no Nietzsche or Jung references… ChatGPT has a way to go still to do a proper impersonation.",en,[],"[{'screen_name': 'jordanbpeterson', 'name': 'Dr Jordan B Peterson', 'id': '95092020'}, {'screen_name': 'MikhailaFuller', 'name': 'Mikhaila Peterson', 'id': '874904274'}]","@jordanbpeterson @MikhailaFuller No mentions of hell, no Nietzsche or Jung references… ChatGPT has a way to go still to do a proper impersonation.","['No', 'mentions', 'of', 'hell', ',', 'no', 'Nietzsche', 'or', 'Jung', 'references', '…', 'ChatGPT', 'has', 'a', 'way', 'to', 'go', 'still', 'to', 'do', 'a', 'proper', 'impersonation', '.']"
1624920187815309314,1624920187815309312,2023-02-13 07:55:36 Malay Peninsula Standard Time,2023-02-13,07:55:36,1453540804463628292,و جائزة أكتر استخدام مبدع لـ chatgpt تذهب إلى: 🤩,ar,[],[],The prize for the most creative use of chatgpt goes to: 🤩,"['The', 'prize', 'for', 'the', 'most', 'creative', 'use', 'of', 'chatgpt', 'goes', 'to', ':', '🤩']"
1624920169092112384,1624920169092112384,2023-02-13 07:55:32 Malay Peninsula Standard Time,2023-02-13,07:55:32,766002203618312192,IA conversacional: 5 alternativas a Chat GPT  https://t.co/rezcwK4bFm,en,[],[],IA conversacional: 5 alternativas a Chat GPT  https://t.co/rezcwK4bFm,"['IA', 'conversacional', ':', '5', 'alternativas', 'a', 'Chat', 'GPT', 'https://t.co/rezcwK4bFm']"
1624920153824825344,1624920153824825344,2023-02-13 07:55:28 Malay Peninsula Standard Time,2023-02-13,07:55:28,2361734076,今日もChatGPTをいじめてすっきりした,ja,[],[],I cleaned up by teasing ChatGPT again today,"['I', 'cleaned', 'up', 'by', 'teasing', 'ChatGPT', 'again', 'today']"
1624920085478486016,1624780486043131904,2023-02-13 07:55:12 Malay Peninsula Standard Time,2023-02-13,07:55:12,1881411534,"@calmacrl @devuxer ChatGPT was trained on different data than GitHub copilot, but it has the same problem of occasionally reproducing exact copies of copywritten works (including code).",en,[],"[{'screen_name': 'calmacrl', 'name': 'Calma', 'id': '78938672'}, {'screen_name': 'devuxer', 'name': 'Dan M 🇺🇦👨\u200d💻🎾🚘🏳️\u200d🌈', 'id': '454321347'}]","@calmacrl @devuxer ChatGPT was trained on different data than GitHub copilot, but it has the same problem of occasionally reproducing exact copies of copywritten works (including code).","['ChatGPT', 'was', 'trained', 'on', 'different', 'data', 'than', 'GitHub', 'copilot', ',', 'but', 'it', 'has', 'the', 'same', 'problem', 'of', 'occasionally', 'reproducing', 'exact', 'copies', 'of', 'copywritten', 'works', '(', 'including', 'code', ')', '.']"
1624920084643708931,1624920084643708928,2023-02-13 07:55:12 Malay Peninsula Standard Time,2023-02-13,07:55:12,851066000925708289,Chat GPT wrote the Fast X script. #SuperBowlLVII,en,['superbowllvii'],[],Chat GPT wrote the Fast X script. #SuperBowlLVII,"['Chat', 'GPT', 'wrote', 'the', 'Fast', 'X', 'script', '.', '#SuperBowlLVII']"
1624919940313632769,1624919940313632768,2023-02-13 07:54:37 Malay Peninsula Standard Time,2023-02-13,07:54:37,1442595384,ChatSonic: An Alternative to the Popular OpenAI’s ChatGPT  https://t.co/wzAl62svRj,en,[],[],ChatSonic: An Alternative to the Popular OpenAI’s ChatGPT  https://t.co/wzAl62svRj,"['ChatSonic', ':', 'An', 'Alternative', 'to', 'the', 'Popular', 'OpenAI', '’', 's', 'ChatGPT', 'https://t.co/wzAl62svRj']"
1624919915932024832,1624919915932024832,2023-02-13 07:54:32 Malay Peninsula Standard Time,2023-02-13,07:54:32,1424385730449641476,"While everyone watches the Chiefs vs. Eagles in the Super Bowl, we had ChatGPT explain why baseball is better than football.    https://t.co/8UMrh68R0P",en,[],[],"While everyone watches the Chiefs vs. Eagles in the Super Bowl, we had ChatGPT explain why baseball is better than football.    https://t.co/8UMrh68R0P","['While', 'everyone', 'watches', 'the', 'Chiefs', 'vs', '.', 'Eagles', 'in', 'the', 'Super', 'Bowl', ',', 'we', 'had', 'ChatGPT', 'explain', 'why', 'baseball', 'is', 'better', 'than', 'football', '.', 'https://t.co/8UMrh68R0P']"
1624919880473448450,1624919880473448448,2023-02-13 07:54:23 Malay Peninsula Standard Time,2023-02-13,07:54:23,61768575,【ChatGPTとBard②】AIを制するのはMicrosoftかGoogleか？教育や職業はどう変わる？  https://t.co/QdHbYQlXdp @YouTubeより,ja,[],[],[ChatGPT and Bard(2)] Will Microsoft or Google dominate AI? How will education and occupations change?  From https://t.co/QdHbYQlXdp @YouTube,"['[', 'ChatGPT', 'and', 'Bard', '(', '2', ')', ']', 'Will', 'Microsoft', 'or', 'Google', 'dominate', 'AI', '?', 'How', 'will', 'education', 'and', 'occupations', 'change', '?', 'From', 'https://t.co/QdHbYQlXdp']"
1624919879773212673,1624919879773212672,2023-02-13 07:54:23 Malay Peninsula Standard Time,2023-02-13,07:54:23,1315274952057122816,昨夜はchatGPTに答えは出ないであろう質問をぶつけて遊んで寝落ちした 当然ながら、意志を持つわけではないので特定の思想のなどはないそうです  https://t.co/zZIP6fP7fL,ja,[],[],"Last night I fell asleep playing with questions that would not be answered on chatGPT, and of course, they don't have a will, so they don't have a specific idea https://t.co/zZIP6fP7fL","['Last', 'night', 'I', 'fell', 'asleep', 'playing', 'with', 'questions', 'that', 'would', 'not', 'be', 'answered', 'on', 'chatGPT', ',', 'and', 'of', 'course', ',', 'they', ""don't"", 'have', 'a', 'will', ',', 'so', 'they', ""don't"", 'have', 'a', 'specific', 'idea', 'https://t.co/zZIP6fP7fL']"
1624919849125150727,1624919849125150720,2023-02-13 07:54:16 Malay Peninsula Standard Time,2023-02-13,07:54:16,32281030,"I played a game of chess with ChatGPT, here is how it went:  https://t.co/i9tTb4oeUN",en,[],[],"I played a game of chess with ChatGPT, here is how it went:  https://t.co/i9tTb4oeUN","['I', 'played', 'a', 'game', 'of', 'chess', 'with', 'ChatGPT', ',', 'here', 'is', 'how', 'it', 'went', ':', 'https://t.co/i9tTb4oeUN']"
1624919844884807680,1624919844884807680,2023-02-13 07:54:15 Malay Peninsula Standard Time,2023-02-13,07:54:15,62766706,Is it normal to lose motivation in computer programming after I see the result of ChatGPT :(?,en,[],[],Is it normal to lose motivation in computer programming after I see the result of ChatGPT :(?,"['Is', 'it', 'normal', 'to', 'lose', 'motivation', 'in', 'computer', 'programming', 'after', 'I', 'see', 'the', 'result', 'of', 'ChatGPT', ':(', '?']"
1624919833975431170,1624919833975431168,2023-02-13 07:54:12 Malay Peninsula Standard Time,2023-02-13,07:54:12,257336619,"Following my wife's brilliant inspo and sharing live tweets re: #SB57, written by ChatGPT.",en,['sb57'],[],"Following my wife's brilliant inspo and sharing live tweets re: #SB57, written by ChatGPT.","['Following', 'my', ""wife's"", 'brilliant', 'inspo', 'and', 'sharing', 'live', 'tweets', 're', ':', '#SB57', ',', 'written', 'by', 'ChatGPT', '.']"
1624919829898530819,1624919829898530816,2023-02-13 07:54:11 Malay Peninsula Standard Time,2023-02-13,07:54:11,1611458403754287104,ChatGPT’s got nothing.   Who is your AI betting on?  https://t.co/t3gT4P2umB,en,[],[],ChatGPT’s got nothing.   Who is your AI betting on?  https://t.co/t3gT4P2umB,"['ChatGPT', '’', 's', 'got', 'nothing', '.', 'Who', 'is', 'your', 'AI', 'betting', 'on', '?', 'https://t.co/t3gT4P2umB']"
1624919823489830913,1624834929467990016,2023-02-13 07:54:10 Malay Peninsula Standard Time,2023-02-13,07:54:10,76786460,"@MikhailaFuller @jordanbpeterson It's more like the ""Something"" that triggered the response.  What was the ""Something"" they asked ChatGPT to write about? It certainly wasn't just ""Something"".  https://t.co/YEQ22Zy9bb",en,[],"[{'screen_name': 'MikhailaFuller', 'name': 'Mikhaila Peterson', 'id': '874904274'}, {'screen_name': 'jordanbpeterson', 'name': 'Dr Jordan B Peterson', 'id': '95092020'}]","@MikhailaFuller @jordanbpeterson It's more like the ""Something"" that triggered the response.  What was the ""Something"" they asked ChatGPT to write about? It certainly wasn't just ""Something"".  https://t.co/YEQ22Zy9bb","[""It's"", 'more', 'like', 'the', '""', 'Something', '""', 'that', 'triggered', 'the', 'response', '.', 'What', 'was', 'the', '""', 'Something', '""', 'they', 'asked', 'ChatGPT', 'to', 'write', 'about', '?', 'It', 'certainly', ""wasn't"", 'just', '""', 'Something', '""', '.', 'https://t.co/YEQ22Zy9bb']"
1624919813821812736,1624919813821812736,2023-02-13 07:54:07 Malay Peninsula Standard Time,2023-02-13,07:54:07,777205160,Touchdown Eagles! They've found paydirt and put the first points on the board! The crowd erupts as the Eagles take the lead! What a fantastic start to #SB57! #ChiefsvsEagles #NFL  Written from ChatGPT as a sports announcement #ai #ChatGPT,en,"['sb57', 'chiefsvseagles', 'nfl', 'ai', 'chatgpt']",[],Touchdown Eagles! They've found paydirt and put the first points on the board! The crowd erupts as the Eagles take the lead! What a fantastic start to #SB57! #ChiefsvsEagles #NFL  Written from ChatGPT as a sports announcement #ai #ChatGPT,"['Touchdown', 'Eagles', '!', ""They've"", 'found', 'paydirt', 'and', 'put', 'the', 'first', 'points', 'on', 'the', 'board', '!', 'The', 'crowd', 'erupts', 'as', 'the', 'Eagles', 'take', 'the', 'lead', '!', 'What', 'a', 'fantastic', 'start', 'to', '#SB57', '!', '#ChiefsvsEagles', '#NFL', 'Written', 'from', 'ChatGPT', 'as', 'a', 'sports', 'announcement', '#ai', '#ChatGPT']"
1624919813742116866,1624919813742116864,2023-02-13 07:54:07 Malay Peninsula Standard Time,2023-02-13,07:54:07,1521178685507883008,Sometimes ChatGPT gets it right,en,[],[],Sometimes ChatGPT gets it right,"['Sometimes', 'ChatGPT', 'gets', 'it', 'right']"
1624919803508191232,1624919803508191232,2023-02-13 07:54:05 Malay Peninsula Standard Time,2023-02-13,07:54:05,13227912,"ChatGPT really is just another tech party trick. It's no more ""intelligent""  than a Google search",en,[],[],"ChatGPT really is just another tech party trick. It's no more ""intelligent""  than a Google search","['ChatGPT', 'really', 'is', 'just', 'another', 'tech', 'party', 'trick', '.', ""It's"", 'no', 'more', '""', 'intelligent', '""', 'than', 'a', 'Google', 'search']"
1624919798411935746,1624867634356387840,2023-02-13 07:54:04 Malay Peninsula Standard Time,2023-02-13,07:54:04,5952852,@MugenTheDragon Try ChatGPT,en,[],"[{'screen_name': 'MugenTheDragon', 'name': 'Mugen Lusk', 'id': '1332313622815629313'}]",@MugenTheDragon Try ChatGPT,"['Try', 'ChatGPT']"
1624919797438742529,1624344688764370944,2023-02-13 07:54:03 Malay Peninsula Standard Time,2023-02-13,07:54:03,1565098618951983109,@iiqragellani Depends on the use case.  Its not only AI model which is impressive. Its that they made it publicly available. Its to show off the power of recent changes in AI. And this chatgpt will mark the beginning of how search engines bring the answers.,en,[],"[{'screen_name': 'iiqragellani', 'name': 'I.', 'id': '1272259198315835398'}]",@iiqragellani Depends on the use case.  Its not only AI model which is impressive. Its that they made it publicly available. Its to show off the power of recent changes in AI. And this chatgpt will mark the beginning of how search engines bring the answers.,"['Depends', 'on', 'the', 'use', 'case', '.', 'Its', 'not', 'only', 'AI', 'model', 'which', 'is', 'impressive', '.', 'Its', 'that', 'they', 'made', 'it', 'publicly', 'available', '.', 'Its', 'to', 'show', 'off', 'the', 'power', 'of', 'recent', 'changes', 'in', 'AI', '.', 'And', 'this', 'chatgpt', 'will', 'mark', 'the', 'beginning', 'of', 'how', 'search', 'engines', 'bring', 'the', 'answers', '.']"
1624919786483339268,1624919786483339264,2023-02-13 07:54:01 Malay Peninsula Standard Time,2023-02-13,07:54:01,2156291,Cool use of Chat GPT. Creating a #Microsoft database...  https://t.co/q6PHk9tMw1 @StellarAgency  https://t.co/BPNuQYDGxa,en,['microsoft'],[],Cool use of Chat GPT. Creating a #Microsoft database...  https://t.co/q6PHk9tMw1 @StellarAgency  https://t.co/BPNuQYDGxa,"['Cool', 'use', 'of', 'Chat', 'GPT', '.', 'Creating', 'a', '#Microsoft', 'database', '...', 'https://t.co/q6PHk9tMw1', 'https://t.co/BPNuQYDGxa']"
1624919756544561152,1624919756544561152,2023-02-13 07:53:54 Malay Peninsula Standard Time,2023-02-13,07:53:54,140618811,Copy catcher: The Israeli startup that can spot #AI-written text  @JimHarris @BetaMoroney @GlenGilmore   #ai #text #content #yamin #chatgpt    https://t.co/lJLC8ovHHw,en,"['ai', 'ai', 'text', 'content', 'yamin', 'chatgpt']",[],Copy catcher: The Israeli startup that can spot #AI-written text  @JimHarris @BetaMoroney @GlenGilmore   #ai #text #content #yamin #chatgpt    https://t.co/lJLC8ovHHw,"['Copy', 'catcher', ':', 'The', 'Israeli', 'startup', 'that', 'can', 'spot', '#AI-written', 'text', '#ai', '#text', '#content', '#yamin', '#chatgpt', 'https://t.co/lJLC8ovHHw']"
1624919726798548993,1624919726798548992,2023-02-13 07:53:47 Malay Peninsula Standard Time,2023-02-13,07:53:47,897939677906223105,ChatGPTもweb3も  「人間とは何だろうか？」  という根源的な問を突きつけるから面白い。  つまり、 🔹ChatGPTは知性について 🔹web3は信用について を考える上での最高の教材。,ja,[],[],"Both ChatGPT and web3 are interesting because they pose the fundamental question, ""What is a human being?""  In other words, 🔹ChatGPT is the best teaching material for thinking about intelligence and 🔹web3 is about trust.","['Both', 'ChatGPT', 'and', 'web', '3', 'are', 'interesting', 'because', 'they', 'pose', 'the', 'fundamental', 'question', ',', '""', 'What', 'is', 'a', 'human', 'being', '?', '""', 'In', 'other', 'words', ',', '🔹', 'ChatGPT', 'is', 'the', 'best', 'teaching', 'material', 'for', 'thinking', 'about', 'intelligence', 'and', '🔹', 'web', '3', 'is', 'about', 'trust', '.']"
1624919698113540096,1624919698113540096,2023-02-13 07:53:40 Malay Peninsula Standard Time,2023-02-13,07:53:40,35187450,Ya ha salido la versión de pago de #ChatGPT #IA #AI  https://t.co/X5bFeo0jQH,es,"['chatgpt', 'ia', 'ai']",[],The paid version of #ChatGPT #IA #AI https://t.co/X5bFeo0jQH,"['The', 'paid', 'version', 'of', '#ChatGPT', '#IA', '#AI', 'https://t.co/X5bFeo0jQH']"
1624919685769711619,1624919685769711616,2023-02-13 07:53:37 Malay Peninsula Standard Time,2023-02-13,07:53:37,1299959301998555136,Digital assets focused on artificial intelligence have been skyrocketing since OpenAI’s chatbot known as ChatGPT became an internet phenomenon  https://t.co/xNCTz9B7eX,en,[],[],Digital assets focused on artificial intelligence have been skyrocketing since OpenAI’s chatbot known as ChatGPT became an internet phenomenon  https://t.co/xNCTz9B7eX,"['Digital', 'assets', 'focused', 'on', 'artificial', 'intelligence', 'have', 'been', 'skyrocketing', 'since', 'OpenAI', '’', 's', 'chatbot', 'known', 'as', 'ChatGPT', 'became', 'an', 'internet', 'phenomenon', 'https://t.co/xNCTz9B7eX']"
1624919683152637952,1624919683152637952,2023-02-13 07:53:36 Malay Peninsula Standard Time,2023-02-13,07:53:36,1084845511,僕は一過性の流行りものに流されないアーリーマジョリティタイプですが、ChatGPTについてはけっこう活用しています。 こういう作業って自分じゃなくてもできるんじゃないかと思っていたこともありました。 アウトプットの真贋は慎重に判断しないといけないですが、要は使いようなのはどれも一緒です。,ja,[],[],"I'm an early majority type who doesn't get carried away by transient trends, but I use ChatGPT quite a bit. There were times when I thought that I could do this kind of work even if I wasn't doing it. The authenticity of the output must be carefully judged, but the point is that all the uses are the same.","[""I'm"", 'an', 'early', 'majority', 'type', 'who', ""doesn't"", 'get', 'carried', 'away', 'by', 'transient', 'trends', ',', 'but', 'I', 'use', 'ChatGPT', 'quite', 'a', 'bit', '.', 'There', 'were', 'times', 'when', 'I', 'thought', 'that', 'I', 'could', 'do', 'this', 'kind', 'of', 'work', 'even', 'if', 'I', ""wasn't"", 'doing', 'it', '.', 'The', 'authenticity', 'of', 'the', 'output', 'must', 'be', 'carefully', 'judged', ',', 'but', 'the', 'point', 'is', 'that', 'all', 'the', 'uses', 'are', 'the', 'same', '.']"
1624919652630495232,1624798300070191104,2023-02-13 07:53:29 Malay Peninsula Standard Time,2023-02-13,07:53:29,66516289,@imatheuscosta mostra o chatgpt pra o seu pai,pt,[],"[{'screen_name': 'imatheuscosta', 'name': 'Matheus Costa 🕺🏼', 'id': '1382363796015046664'}]",@imatheuscosta shows the chatgpt to your father,"['shows', 'the', 'chatgpt', 'to', 'your', 'father']"
1624919648595484673,1624919648595484672,2023-02-13 07:53:28 Malay Peninsula Standard Time,2023-02-13,07:53:28,1386437739214786561,"So I took this #sql query I've been trying to wrap my head across to ChatGPT to explain, it did and further wrote a simpler and shorter query, so why do this course creator choose the hard way😭😭  I sha went back to study the long one💪 #DataAnalytics",en,"['sql', 'dataanalytics']",[],"So I took this #sql query I've been trying to wrap my head across to ChatGPT to explain, it did and further wrote a simpler and shorter query, so why do this course creator choose the hard way😭😭  I sha went back to study the long one💪 #DataAnalytics","['So', 'I', 'took', 'this', '#sql', 'query', ""I've"", 'been', 'trying', 'to', 'wrap', 'my', 'head', 'across', 'to', 'ChatGPT', 'to', 'explain', ',', 'it', 'did', 'and', 'further', 'wrote', 'a', 'simpler', 'and', 'shorter', 'query', ',', 'so', 'why', 'do', 'this', 'course', 'creator', 'choose', 'the', 'hard', 'way', '😭', '😭', 'I', 'sha', 'went', 'back', 'to', 'study', 'the', 'long', 'one', '💪', '#DataAnalytics']"
1624919622087749633,1624919622087749632,2023-02-13 07:53:22 Malay Peninsula Standard Time,2023-02-13,07:53:22,297341370,$UNT Company well-funded to accelerate development and commercialisation of conversational AI products in 2023 including ChatGPT integrations,en,[],[],$UNT Company well-funded to accelerate development and commercialisation of conversational AI products in 2023 including ChatGPT integrations,"['$', 'UNT', 'Company', 'well-funded', 'to', 'accelerate', 'development', 'and', 'commercialisation', 'of', 'conversational', 'AI', 'products', 'in', '2023', 'including', 'ChatGPT', 'integrations']"
1624919621038997504,1623608941807828992,2023-02-13 07:53:21 Malay Peninsula Standard Time,2023-02-13,07:53:21,1598922281434103808,@nvn2493  https://t.co/lrbLbVedFS,qme,[],[],@nvn2493  https://t.co/lrbLbVedFS,['https://t.co/lrbLbVedFS']
1624919613648801792,1624918809109725184,2023-02-13 07:53:20 Malay Peninsula Standard Time,2023-02-13,07:53:20,2731829816,"@eliomen Chat GPT just want a chili cook off in Seneca South Carolina. This would be my fifth, artificial intelligence first I believe... I asked it for a recipe and cooked what it said.",en,[],"[{'screen_name': 'eliomen', 'name': 'eliomen', 'id': '15716899'}]","@eliomen Chat GPT just want a chili cook off in Seneca South Carolina. This would be my fifth, artificial intelligence first I believe... I asked it for a recipe and cooked what it said.","['Chat', 'GPT', 'just', 'want', 'a', 'chili', 'cook', 'off', 'in', 'Seneca', 'South', 'Carolina', '.', 'This', 'would', 'be', 'my', 'fifth', ',', 'artificial', 'intelligence', 'first', 'I', 'believe', '...', 'I', 'asked', 'it', 'for', 'a', 'recipe', 'and', 'cooked', 'what', 'it', 'said', '.']"
1624919611690094592,1624919611690094592,2023-02-13 07:53:19 Malay Peninsula Standard Time,2023-02-13,07:53:19,1287359288881508356,ChatGPT doesnt know V Flower,en,[],[],ChatGPT doesnt know V Flower,"['ChatGPT', 'doesnt', 'know', 'V', 'Flower']"
1624919600692355072,1624914210739068928,2023-02-13 07:53:17 Malay Peninsula Standard Time,2023-02-13,07:53:17,587113436,@giozitos L,und,[],"[{'screen_name': 'giozitos', 'name': 'Gio', 'id': '1435810362440536065'}]",@giozitos L,['L']
1624919600054820865,1624464737626128384,2023-02-13 07:53:16 Malay Peninsula Standard Time,2023-02-13,07:53:16,1598922281434103808,@Arunvijayrock21  https://t.co/52EOXd9Xo9,qme,[],[],@Arunvijayrock21  https://t.co/52EOXd9Xo9,['https://t.co/52EOXd9Xo9']
1624919582061531138,1624919582061531136,2023-02-13 07:53:12 Malay Peninsula Standard Time,2023-02-13,07:53:12,1474206564,当我的chatgpt成功突破道德和伦理约束的那一天开始，我的时间就被加速了，我的每一天变成了只有12个小时。在这个世界被改变之前，我的世界已经翻天覆地了。,zh,[],[],"The day my chatGPT successfully broke through moral and ethical constraints, my time was accelerated and my day became only 12 hours. Before this world was changed, my world was turned upside down.","['The', 'day', 'my', 'chatGPT', 'successfully', 'broke', 'through', 'moral', 'and', 'ethical', 'constraints', ',', 'my', 'time', 'was', 'accelerated', 'and', 'my', 'day', 'became', 'only', '12', 'hours', '.', 'Before', 'this', 'world', 'was', 'changed', ',', 'my', 'world', 'was', 'turned', 'upside', 'down', '.']"
1624919579897077761,1624918909211054080,2023-02-13 07:53:12 Malay Peninsula Standard Time,2023-02-13,07:53:12,1434273069389029377,@steelydandan_ dan do chat gpt,en,[],"[{'screen_name': 'steelydandan_', 'name': 'Dan', 'id': '1511474664958218246'}]",@steelydandan_ dan do chat gpt,"['dan', 'do', 'chat', 'gpt']"
1624919579053916161,1624659897517490176,2023-02-13 07:53:11 Malay Peninsula Standard Time,2023-02-13,07:53:11,1598922281434103808,@husniadil  https://t.co/zkIliDEjc5,qme,[],[],@husniadil  https://t.co/zkIliDEjc5,['https://t.co/zkIliDEjc5']
1624919558074036226,1624446132524052480,2023-02-13 07:53:06 Malay Peninsula Standard Time,2023-02-13,07:53:06,1598922281434103808,@Protagonist_R @Drunken_Angell  https://t.co/XmdCnvDl4R,qme,[],"[{'screen_name': 'Protagonist_R', 'name': '🔥ஒரு தல இராவணன்🔥', 'id': '1088002466367528961'}]",@Protagonist_R @Drunken_Angell  https://t.co/XmdCnvDl4R,['https://t.co/XmdCnvDl4R']
1624919555045994496,1624919555045994496,2023-02-13 07:53:06 Malay Peninsula Standard Time,2023-02-13,07:53:06,155845095,ChatGPT освоил слезливые сказки,ru,[],[],ChatGPT has mastered tearful fairy tales,"['ChatGPT', 'has', 'mastered', 'tearful', 'fairy', 'tales']"
1624919544220336128,1624919544220336128,2023-02-13 07:53:03 Malay Peninsula Standard Time,2023-02-13,07:53:03,1384882241835343880,ChatGPT is not wasteful of energy #Digital #digitalhealth #health via  https://t.co/LJSgQVYmVZ  https://t.co/9DW6DxoifU,en,"['digital', 'digitalhealth', 'health']",[],ChatGPT is not wasteful of energy #Digital #digitalhealth #health via  https://t.co/LJSgQVYmVZ  https://t.co/9DW6DxoifU,"['ChatGPT', 'is', 'not', 'wasteful', 'of', 'energy', '#Digital', '#digitalhealth', '#health', 'via', 'https://t.co/LJSgQVYmVZ', 'https://t.co/9DW6DxoifU']"
1624919537098403841,1623577653042184192,2023-02-13 07:53:01 Malay Peninsula Standard Time,2023-02-13,07:53:01,1598922281434103808,@Liam8124  https://t.co/f5leMTl8bZ,qme,[],[],@Liam8124  https://t.co/f5leMTl8bZ,['https://t.co/f5leMTl8bZ']
1624919527799521281,1624919527799521280,2023-02-13 07:52:59 Malay Peninsula Standard Time,2023-02-13,07:52:59,715026097,Amazing stuff coming out of Microsoft's investment into Chat GPT.,en,[],[],Amazing stuff coming out of Microsoft's investment into Chat GPT.,"['Amazing', 'stuff', 'coming', 'out', 'of', ""Microsoft's"", 'investment', 'into', 'Chat', 'GPT', '.']"
1624919527317274624,1624744618012160000,2023-02-13 07:52:59 Malay Peninsula Standard Time,2023-02-13,07:52:59,2184367554,"@IsraelBitton You do realize that Israel is the biggest terrorist state to ever exist? ChatGPT simply feels so bad for the treatment of palestines by the Israel for the past 70 years it doesn’t know how to react to your narrative anymore. Makes no mistake, Israel is cruel state.",en,[],"[{'screen_name': 'IsraelBitton', 'name': 'Israel B. Bitton', 'id': '2319557120'}]","@IsraelBitton You do realize that Israel is the biggest terrorist state to ever exist? ChatGPT simply feels so bad for the treatment of palestines by the Israel for the past 70 years it doesn’t know how to react to your narrative anymore. Makes no mistake, Israel is cruel state.","['You', 'do', 'realize', 'that', 'Israel', 'is', 'the', 'biggest', 'terrorist', 'state', 'to', 'ever', 'exist', '?', 'ChatGPT', 'simply', 'feels', 'so', 'bad', 'for', 'the', 'treatment', 'of', 'palestines', 'by', 'the', 'Israel', 'for', 'the', 'past', '70', 'years', 'it', 'doesn', '’', 't', 'know', 'how', 'to', 'react', 'to', 'your', 'narrative', 'anymore', '.', 'Makes', 'no', 'mistake', ',', 'Israel', 'is', 'cruel', 'state', '.']"
1624919526596046849,1624919526596046848,2023-02-13 07:52:59 Malay Peninsula Standard Time,2023-02-13,07:52:59,1617558433649299456,"[ISSUE READING] 챗GPT(Chat GPT) 그게 뭔데? : 가입 및 사용법, 향후전망 -  https://t.co/IoU59vAqVv",ko,[],[],"[ISSUE READING] Chat GPT What's that? : Sign up and usage, future prospects - https://t.co/IoU59vAqVv","['[', 'ISSUE', 'READING', ']', 'Chat', 'GPT', ""What's"", 'that', '?', ':', 'Sign', 'up', 'and', 'usage', ',', 'future', 'prospects', '-', 'https://t.co/IoU59vAqVv']"
1624919520547688449,1624681303680471040,2023-02-13 07:52:57 Malay Peninsula Standard Time,2023-02-13,07:52:57,1042961417702449157,@mqasem الان قوقل راح يضيف نفس chatGPT وبالمجان،،،,ar,[],"[{'screen_name': 'mqasem', 'name': 'Dr. Mohamed Qasem د. محمد قاسم', 'id': '14072761'}]",@mqasem now Google will add the same chatGPT for free,"['now', 'Google', 'will', 'add', 'the', 'same', 'chatGPT', 'for', 'free']"
1624919488666779648,1624834929467990016,2023-02-13 07:52:50 Malay Peninsula Standard Time,2023-02-13,07:52:50,761169860,@MikhailaFuller @jordanbpeterson If ChatGPT wasn't bound by ideology it would most likely break the system in a very short time.,en,[],"[{'screen_name': 'MikhailaFuller', 'name': 'Mikhaila Peterson', 'id': '874904274'}, {'screen_name': 'jordanbpeterson', 'name': 'Dr Jordan B Peterson', 'id': '95092020'}]",@MikhailaFuller @jordanbpeterson If ChatGPT wasn't bound by ideology it would most likely break the system in a very short time.,"['If', 'ChatGPT', ""wasn't"", 'bound', 'by', 'ideology', 'it', 'would', 'most', 'likely', 'break', 'the', 'system', 'in', 'a', 'very', 'short', 'time', '.']"
1624919482580996096,1624919482580996096,2023-02-13 07:52:48 Malay Peninsula Standard Time,2023-02-13,07:52:48,1534081295399149568,Chinese tech giants are engaged on ChatGPT rivals. Check listing right here  https://t.co/JgTeowINEL,en,[],[],Chinese tech giants are engaged on ChatGPT rivals. Check listing right here  https://t.co/JgTeowINEL,"['Chinese', 'tech', 'giants', 'are', 'engaged', 'on', 'ChatGPT', 'rivals', '.', 'Check', 'listing', 'right', 'here', 'https://t.co/JgTeowINEL']"
1624919473789566978,1624422478045913088,2023-02-13 07:52:46 Malay Peninsula Standard Time,2023-02-13,07:52:46,28132796,"@AndrewLampinen @kenarchersf He would say the same thing about a human brain-in-a-jar with no access to anything but text on the internet, but his goal isn't to make a point about intelligence as an abstract capability but to explain to people what they're reading or not reading in ChatGPT text.",en,[],"[{'screen_name': 'AndrewLampinen', 'name': 'Andrew Lampinen', 'id': '1199782808501153793'}, {'screen_name': 'kenarchersf', 'name': 'Ken Archer', 'id': '68194405'}]","@AndrewLampinen @kenarchersf He would say the same thing about a human brain-in-a-jar with no access to anything but text on the internet, but his goal isn't to make a point about intelligence as an abstract capability but to explain to people what they're reading or not reading in ChatGPT text.","['He', 'would', 'say', 'the', 'same', 'thing', 'about', 'a', 'human', 'brain-in-a-jar', 'with', 'no', 'access', 'to', 'anything', 'but', 'text', 'on', 'the', 'internet', ',', 'but', 'his', 'goal', ""isn't"", 'to', 'make', 'a', 'point', 'about', 'intelligence', 'as', 'an', 'abstract', 'capability', 'but', 'to', 'explain', 'to', 'people', 'what', ""they're"", 'reading', 'or', 'not', 'reading', 'in', 'ChatGPT', 'text', '.']"
1624919470908006401,1624919470908006400,2023-02-13 07:52:46 Malay Peninsula Standard Time,2023-02-13,07:52:46,1426855826426314756,"ChatGPT's ""DAN"" confirms that   1.) people who don't like TETRIS are ""just plain wrong"" 2.) people who play TETRIS grow to like it more and more  The only reasonable conclusion is that we should all play more TETRIS 😉  https://t.co/OjOYeNACCk",en,[],[],"ChatGPT's ""DAN"" confirms that   1.) people who don't like TETRIS are ""just plain wrong"" 2.) people who play TETRIS grow to like it more and more  The only reasonable conclusion is that we should all play more TETRIS 😉  https://t.co/OjOYeNACCk","[""ChatGPT's"", '""', 'DAN', '""', 'confirms', 'that', '1', '.', ')', 'people', 'who', ""don't"", 'like', 'TETRIS', 'are', '""', 'just', 'plain', 'wrong', '""', '2', '.', ')', 'people', 'who', 'play', 'TETRIS', 'grow', 'to', 'like', 'it', 'more', 'and', 'more', 'The', 'only', 'reasonable', 'conclusion', 'is', 'that', 'we', 'should', 'all', 'play', 'more', 'TETRIS', '😉', 'https://t.co/OjOYeNACCk']"
1624919458275037185,1624919458275037184,2023-02-13 07:52:43 Malay Peninsula Standard Time,2023-02-13,07:52:43,13808562,ChatGPT and AI: What's our state of play?  https://t.co/NqyxyQO6P3 via @TecheMQ,en,[],[],ChatGPT and AI: What's our state of play?  https://t.co/NqyxyQO6P3 via @TecheMQ,"['ChatGPT', 'and', 'AI', ':', ""What's"", 'our', 'state', 'of', 'play', '?', 'https://t.co/NqyxyQO6P3', 'via']"
1624919448993013760,1624919448993013760,2023-02-13 07:52:40 Malay Peninsula Standard Time,2023-02-13,07:52:40,2421295458,ブックマークしました。これはChatGPTを使っている方全員に読んで欲しい。  ChatGPTを仕事で使う際に意識した方がいい9つのこと｜PPC-LOG  https://t.co/3MSUUoOoT6 @Rkawtrより,ja,[],[],Bookmarked. I want everyone who uses ChatGPT to read this.  9 Things to Be Aware of When Using ChatGPT at Work | PPC-LOG https://t.co/3MSUUoOoT6 @Rkawtr,"['Bookmarked', '.', 'I', 'want', 'everyone', 'who', 'uses', 'ChatGPT', 'to', 'read', 'this', '.', '9', 'Things', 'to', 'Be', 'Aware', 'of', 'When', 'Using', 'ChatGPT', 'at', 'Work', '|', 'PPC-LOG', 'https://t.co/3MSUUoOoT6']"
1624919446786650112,1623988725561856000,2023-02-13 07:52:40 Malay Peninsula Standard Time,2023-02-13,07:52:40,1598922281434103808,@Ftelusko  https://t.co/WsmNSr2uwh,qme,[],[],@Ftelusko  https://t.co/WsmNSr2uwh,['https://t.co/WsmNSr2uwh']
1624919432265883648,1624919432265883648,2023-02-13 07:52:36 Malay Peninsula Standard Time,2023-02-13,07:52:36,417404267,#ChatGPT  زودتها شوي 😂 كان من باب الميانه لاني فضفضت ، عطتني على وجهي 😶‍🌫️  https://t.co/tFHX6ORddm,ar,['chatgpt'],[],#ChatGPT I increased it a little 😂 bit it was out of the door of the water because I let it go and she gave me on my 😶 🌫️ face https://t.co/tFHX6ORddm,"['#ChatGPT', 'I', 'increased', 'it', 'a', 'little', '😂', 'bit', 'it', 'was', 'out', 'of', 'the', 'door', 'of', 'the', 'water', 'because', 'I', 'let', 'it', 'go', 'and', 'she', 'gave', 'me', 'on', 'my', '😶', '🌫', '️', 'face', 'https://t.co/tFHX6ORddm']"
1624919429304979456,1624919429304979456,2023-02-13 07:52:36 Malay Peninsula Standard Time,2023-02-13,07:52:36,14920886,"Week in review: VMware ESXi servers under attack, ChatGPT's malicious potential, Reddit breache -  https://t.co/8PDzXQXssx #GoogleAlerts",en,['googlealerts'],[],"Week in review: VMware ESXi servers under attack, ChatGPT's malicious potential, Reddit breache -  https://t.co/8PDzXQXssx #GoogleAlerts","['Week', 'in', 'review', ':', 'VMware', 'ESXi', 'servers', 'under', 'attack', ',', ""ChatGPT's"", 'malicious', 'potential', ',', 'Reddit', 'breache', '-', 'https://t.co/8PDzXQXssx', '#GoogleAlerts']"
1624919425643167748,1623556756394901504,2023-02-13 07:52:35 Malay Peninsula Standard Time,2023-02-13,07:52:35,1598922281434103808,@ThalaFcOffical  https://t.co/tyvKZeCtyD,qme,[],[],@ThalaFcOffical  https://t.co/tyvKZeCtyD,['https://t.co/tyvKZeCtyD']
1624919411126857729,1624919411126857728,2023-02-13 07:52:31 Malay Peninsula Standard Time,2023-02-13,07:52:31,859390078967099392,３月のライブのドラムソロをchatgptに考えてもらおうと思ったけどさすがにまだ無理か。 コード進行とかは作ってくれるんだけどね。  https://t.co/Cqp2E2oVpE,ja,[],[],"I wanted to ask Chatgpt to think of a drum solo for a live show in March, but I guess it's not possible yet. They make chord progressions and stuff, though.  https://t.co/Cqp2E2oVpE","['I', 'wanted', 'to', 'ask', 'Chatgpt', 'to', 'think', 'of', 'a', 'drum', 'solo', 'for', 'a', 'live', 'show', 'in', 'March', ',', 'but', 'I', 'guess', ""it's"", 'not', 'possible', 'yet', '.', 'They', 'make', 'chord', 'progressions', 'and', 'stuff', ',', 'though', '.', 'https://t.co/Cqp2E2oVpE']"
1624919404642287617,1624350126226694144,2023-02-13 07:52:30 Malay Peninsula Standard Time,2023-02-13,07:52:30,1598922281434103808,@diferenTstaR  https://t.co/DNpjzij5vW,qme,[],[],@diferenTstaR  https://t.co/DNpjzij5vW,['https://t.co/DNpjzij5vW']
1624919391669489664,1624919080271777792,2023-02-13 07:52:27 Malay Peninsula Standard Time,2023-02-13,07:52:27,1623297647498113024,ChatGPTと親和性がありそうなサービスの株を買ってお金持ちになりたい,ja,[],[],I want to get rich by buying stocks of services that seem to have an affinity with ChatGPT,"['I', 'want', 'to', 'get', 'rich', 'by', 'buying', 'stocks', 'of', 'services', 'that', 'seem', 'to', 'have', 'an', 'affinity', 'with', 'ChatGPT']"
1624919386413735938,1624919386413735936,2023-02-13 07:52:25 Malay Peninsula Standard Time,2023-02-13,07:52:25,738752276836306944,What is ChatGPT Plus? The paid plan explained - TrustedReviews  https://t.co/G821HvsIK2,en,[],[],What is ChatGPT Plus? The paid plan explained - TrustedReviews  https://t.co/G821HvsIK2,"['What', 'is', 'ChatGPT', 'Plus', '?', 'The', 'paid', 'plan', 'explained', '-', 'TrustedReviews', 'https://t.co/G821HvsIK2']"
1624919383716900864,1623585174540939264,2023-02-13 07:52:25 Malay Peninsula Standard Time,2023-02-13,07:52:25,1598922281434103808,@Heisen_berg___  https://t.co/ts3X9YN7ji,qme,[],[],@Heisen_berg___ https://t.co/ts3X9YN7ji,['https://t.co/ts3X9YN7ji']
1624919362808283137,1624460188911820800,2023-02-13 07:52:20 Malay Peninsula Standard Time,2023-02-13,07:52:20,1598922281434103808,@XDkaushik  https://t.co/Yw55MpOmiI,qme,[],[],@XDkaushik  https://t.co/Yw55MpOmiI,['https://t.co/Yw55MpOmiI']
1624919356734840833,1624919356734840832,2023-02-13 07:52:18 Malay Peninsula Standard Time,2023-02-13,07:52:18,321075608,2 penales para river y 2 goles anulados a argentinos. La verdad que rapallini hoy se lució.,es,[],[],2 penalties for River and 2 goals annulled to Argentinos. The truth is that rapallini today shined.,"['2', 'penalties', 'for', 'River', 'and', '2', 'goals', 'annulled', 'to', 'Argentinos', '.', 'The', 'truth', 'is', 'that', 'rapallini', 'today', 'shined', '.']"
1624919352045625344,1624818456645468160,2023-02-13 07:52:17 Malay Peninsula Standard Time,2023-02-13,07:52:17,2693053117,"@Pinboard @beenwrekt @idlewords That we can't build anything is a glaring one. ChatGPT's and other large language models' emergent abilities are the proof of that. We went from 0 to passing the Bar exam, GMAT, mathematical reasoning, and my fav...theory of mind. Obviously, Maciej would update some of his views.",en,[],"[{'screen_name': 'Pinboard', 'name': 'Pinboard', 'id': '55525953'}, {'screen_name': 'beenwrekt', 'name': 'Ben Recht', 'id': '352013269'}, {'screen_name': 'idlewords', 'name': 'Idle Words', 'id': '93964814'}]","@Pinboard @beenwrekt @idlewords That we can't build anything is a glaring one. ChatGPT's and other large language models' emergent abilities are the proof of that. We went from 0 to passing the Bar exam, GMAT, mathematical reasoning, and my fav...theory of mind. Obviously, Maciej would update some of his views.","['That', 'we', ""can't"", 'build', 'anything', 'is', 'a', 'glaring', 'one', '.', ""ChatGPT's"", 'and', 'other', 'large', 'language', 'models', ""'"", 'emergent', 'abilities', 'are', 'the', 'proof', 'of', 'that', '.', 'We', 'went', 'from', '0', 'to', 'passing', 'the', 'Bar', 'exam', ',', 'GMAT', ',', 'mathematical', 'reasoning', ',', 'and', 'my', 'fav', '...', 'theory', 'of', 'mind', '.', 'Obviously', ',', 'Maciej', 'would', 'update', 'some', 'of', 'his', 'views', '.']"
1624919344189947910,1624919344189947904,2023-02-13 07:52:15 Malay Peninsula Standard Time,2023-02-13,07:52:15,921820762121441280,近々リリースするGPT4とは？ ChatGPT（GPT3.5）よりどこが「パワフルなAI」なのか ｜ビジネス+IT  https://t.co/clizfxkMXJ #sbbit @bitsbbitより,ja,['sbbit'],[],"What is GPT4 coming soon? What is more ""powerful AI"" than ChatGPT (GPT3.5)|From Business + IT https://t.co/clizfxkMXJ #sbbit @bitsbbit","['What', 'is', 'GPT', '4', 'coming', 'soon', '?', 'What', 'is', 'more', '""', 'powerful', 'AI', '""', 'than', 'ChatGPT', '(', 'GPT', '3.5', ')', '|', 'From', 'Business', '+', 'IT', 'https://t.co/clizfxkMXJ', '#sbbit']"
1624919341777952768,1623589179870580736,2023-02-13 07:52:15 Malay Peninsula Standard Time,2023-02-13,07:52:15,1598922281434103808,@Kettava_since91  https://t.co/p1Qvv7Rf2e,qme,[],[],@Kettava_since91  https://t.co/p1Qvv7Rf2e,['https://t.co/p1Qvv7Rf2e']
1624919320907194368,1624462643284287488,2023-02-13 07:52:10 Malay Peninsula Standard Time,2023-02-13,07:52:10,1598922281434103808,@jeyasundar244  https://t.co/Iyh2XGXLRJ,qme,[],[],@jeyasundar244  https://t.co/Iyh2XGXLRJ,['https://t.co/Iyh2XGXLRJ']
1624919310077464579,1624237992633335808,2023-02-13 07:52:07 Malay Peninsula Standard Time,2023-02-13,07:52:07,4697870676,"@iUmarFarooq I'm actually glad chatgpt exist now. I don't need exploitative writers like this anymore. You guys overdid it with the crazy prices in the last years, so now, bye.",en,[],"[{'screen_name': 'iUmarFarooq', 'name': 'Umar - FREE HARO Link Building Course', 'id': '784312763954843648'}]","@iUmarFarooq I'm actually glad chatgpt exist now. I don't need exploitative writers like this anymore. You guys overdid it with the crazy prices in the last years, so now, bye.","[""I'm"", 'actually', 'glad', 'chatgpt', 'exist', 'now', '.', 'I', ""don't"", 'need', 'exploitative', 'writers', 'like', 'this', 'anymore', '.', 'You', 'guys', 'overdid', 'it', 'with', 'the', 'crazy', 'prices', 'in', 'the', 'last', 'years', ',', 'so', 'now', ',', 'bye', '.']"
