,id,conversation_id,created_at,date,time,user_id,tweet,language,hashtags,reply_to,translated_text,tokenized_text
0,1614038050761506816,1614038050761506816,2023-01-14 07:13:53 Malay Peninsula Standard Time,2023-01-14,07:13:53,172571875,I'm seeing soooo many possibilities with ChatGPT for teachers!! Just playing with it for a couple days &amp; my head is spinning with ideas of how this can be used by educators in the classroom! #chatgpt   https://t.co/BK5xXVwKrC,en,['chatgpt'],[],I'm seeing soooo many possibilities with ChatGPT for teachers!! Just playing with it for a couple days &amp; my head is spinning with ideas of how this can be used by educators in the classroom! #chatgpt   https://t.co/BK5xXVwKrC,"[""I'm"", 'seeing', 'sooo', 'many', 'possibilities', 'with', 'ChatGPT', 'for', 'teachers', '!', '!', 'Just', 'playing', 'with', 'it', 'for', 'a', 'couple', 'days', '&', 'my', 'head', 'is', 'spinning', 'with', 'ideas', 'of', 'how', 'this', 'can', 'be', 'used', 'by', 'educators', 'in', 'the', 'classroom', '!', '#chatgpt', 'https://t.co/BK5xXVwKrC']"
1,1614037662788366336,1614037662788366336,2023-01-14 07:12:20 Malay Peninsula Standard Time,2023-01-14,07:12:20,713558946489864192,Why hello there!!! New mullet who dis?  https://t.co/t4mZK2rlqk #twitchstream #twitch #twitchtv  #twitchgamer #follow #twitchgaming #twitchcommunity #livestream #smallstreamer  #twitchprime #goals #MULLET #ChatGPT #chat #VIBE #hangout #talk #engage #breaking  #catdad #cat #haircut,en,"['twitchstream', 'twitch', 'twitchtv', 'twitchgamer', 'follow', 'twitchgaming', 'twitchcommunity', 'livestream', 'smallstreamer', 'twitchprime', 'goals', 'mullet', 'chatgpt', 'chat', 'vibe', 'hangout', 'talk', 'engage', 'breaking', 'catdad', 'cat', 'haircut']",[],Why hello there!!! New mullet who dis?  https://t.co/t4mZK2rlqk #twitchstream #twitch #twitchtv  #twitchgamer #follow #twitchgaming #twitchcommunity #livestream #smallstreamer  #twitchprime #goals #MULLET #ChatGPT #chat #VIBE #hangout #talk #engage #breaking  #catdad #cat #haircut,"['Why', 'hello', 'there', '!', '!', '!', 'New', 'mullet', 'who', 'dis', '?', 'https://t.co/t4mZK2rlqk', '#twitchstream', '#twitch', '#twitchtv', '#twitchgamer', '#follow', '#twitchgaming', '#twitchcommunity', '#livestream', '#smallstreamer', '#twitchprime', '#goals', '#MULLET', '#ChatGPT', '#chat', '#VIBE', '#hangout', '#talk', '#engage', '#breaking', '#catdad', '#cat', '#haircut']"
2,1614037533846913030,1614037533846913024,2023-01-14 07:11:50 Malay Peninsula Standard Time,2023-01-14,07:11:50,1433380288957124609,La IA puede hacer música para concentrarte como nunca antes visto  #focus #studywithme #ia #ai #cyberpunk #midjourneyAi #ChatGPT #lofi #radio #BTC #Shakira    https://t.co/0RdQNtAOEu,es,"['focus', 'studywithme', 'ia', 'ai', 'cyberpunk', 'midjourneyai', 'chatgpt', 'lofi', 'radio', 'btc', 'shakira']",[],AI can make music to focus you like never before #focus #studywithme #ia #ai #cyberpunk #midjourneyAi #ChatGPT #lofi #radio #BTC #Shakira https://t.co/0RdQNtAOEu,"['AI', 'can', 'make', 'music', 'to', 'focus', 'you', 'like', 'never', 'before', '#focus', '#studywithme', '#ia', '#ai', '#cyberpunk', '#midjourneyAi', '#ChatGPT', '#lofi', '#radio', '#BTC', '#Shakira', 'https://t.co/0RdQNtAOEu']"
3,1614037528042176512,1613969923285344256,2023-01-14 07:11:48 Malay Peninsula Standard Time,2023-01-14,07:11:48,66337889,@thatroblennon @SaveToNotion #Thread #ChatGPT,qme,"['thread', 'chatgpt']","[{'screen_name': 'thatroblennon', 'name': 'Rob Lennon 🗯 | AI Whisperer', 'id': '1524901467689078789'}]",@thatroblennon @SaveToNotion #Thread #ChatGPT,"['#Thread', '#ChatGPT']"
4,1614037412618829827,1614037412618829824,2023-01-14 07:11:21 Malay Peninsula Standard Time,2023-01-14,07:11:21,145799143,"Just experimenting with #ChatGPT by @OpenAI. It's an impressive language model, but still has some limitations. #AI #NLP",en,"['chatgpt', 'ai', 'nlp']",[],"Just experimenting with #ChatGPT by @OpenAI. It's an impressive language model, but still has some limitations. #AI #NLP","['Just', 'experimenting', 'with', '#ChatGPT', 'by', '.', ""It's"", 'an', 'impressive', 'language', 'model', ',', 'but', 'still', 'has', 'some', 'limitations', '.', '#AI', '#NLP']"
5,1614037389483311105,1614037389483311104,2023-01-14 07:11:15 Malay Peninsula Standard Time,2023-01-14,07:11:15,1473035779647672321,@nicholaswwhite Thanks for the bad ass video  #ai #ChatGPT #coding #tutorial    https://t.co/NLTtYz3l8G,en,"['ai', 'chatgpt', 'coding', 'tutorial']",[],@nicholaswwhite Thanks for the bad ass video  #ai #ChatGPT #coding #tutorial    https://t.co/NLTtYz3l8G,"['Thanks', 'for', 'the', 'bad', 'ass', 'video', '#ai', '#ChatGPT', '#coding', '#tutorial', 'https://t.co/NLTtYz3l8G']"
6,1614037385473363970,1614015355885703168,2023-01-14 07:11:14 Malay Peninsula Standard Time,2023-01-14,07:11:14,235304294,"🧵3. We looked at 350+ LinkedIn posts with the hashtags #chatGPT + #seo #PPC #digitalmarketing and #digitalpr. Sentiment on the professional social media platform (across digital marketing) was 53% positive, 23% neutral, and 24% negative.   https://t.co/fRypWczSXF  https://t.co/O4Az0xwfju",en,"['chatgpt', 'seo', 'ppc', 'digitalmarketing', 'digitalpr']",[],"🧵3. We looked at 350+ LinkedIn posts with the hashtags #chatGPT + #seo #PPC #digitalmarketing and #digitalpr. Sentiment on the professional social media platform (across digital marketing) was 53% positive, 23% neutral, and 24% negative.   https://t.co/fRypWczSXF  https://t.co/O4Az0xwfju","['🧵', '3', '.', 'We', 'looked', 'at', '350', '+', 'LinkedIn', 'posts', 'with', 'the', 'hashtags', '#chatGPT', '+', '#seo', '#PPC', '#digitalmarketing', 'and', '#digitalpr', '.', 'Sentiment', 'on', 'the', 'professional', 'social', 'media', 'platform', '(', 'across', 'digital', 'marketing', ')', 'was', '53', '%', 'positive', ',', '23', '%', 'neutral', ',', 'and', '24', '%', 'negative', '.', 'https://t.co/fRypWczSXF', 'https://t.co/O4Az0xwfju']"
7,1614037143625555970,1614037143625555968,2023-01-14 07:10:17 Malay Peninsula Standard Time,2023-01-14,07:10:17,14064801,"Le test de #ChatGPT en mode ""écris moi un article de presse"" me laisse penser que d'ici quelques années le métier de journaliste va morfler   #IA #press",fr,"['chatgpt', 'ia', 'press']",[],"The #ChatGPT test in ""write me a press article"" mode makes me think that in a few years the profession of journalist will bite #IA #press","['The', '#ChatGPT', 'test', 'in', '""', 'write', 'me', 'a', 'press', 'article', '""', 'mode', 'makes', 'me', 'think', 'that', 'in', 'a', 'few', 'years', 'the', 'profession', 'of', 'journalist', 'will', 'bite', '#IA', '#press']"
8,1614037097408761856,1614037097408761856,2023-01-14 07:10:06 Malay Peninsula Standard Time,2023-01-14,07:10:06,3343845453,I’ve been using this app all day. A life saver and a great way to break a creative block! #ChatGPT,en,['chatgpt'],[],I’ve been using this app all day. A life saver and a great way to break a creative block! #ChatGPT,"['I', '’', 've', 'been', 'using', 'this', 'app', 'all', 'day', '.', 'A', 'life', 'saver', 'and', 'a', 'great', 'way', 'to', 'break', 'a', 'creative', 'block', '!', '#ChatGPT']"
9,1614411937881944074,1614411937881944064,2023-01-15 07:59:34 Malay Peninsula Standard Time,2023-01-15,07:59:34,982646713,"If schools taught #curiosity rather than tests and essays? #AI tools and #chatbots like #ChatGPT wouldn’t be threats, they’d be the revolution for education we’ve been waiting for.",en,"['curiosity', 'ai', 'chatbots', 'chatgpt']",[],"If schools taught #curiosity rather than tests and essays? #AI tools and #chatbots like #ChatGPT wouldn’t be threats, they’d be the revolution for education we’ve been waiting for.","['If', 'schools', 'taught', '#curiosity', 'rather', 'than', 'tests', 'and', 'essays', '?', '#AI', 'tools', 'and', '#chatbots', 'like', '#ChatGPT', 'wouldn', '’', 't', 'be', 'threats', ',', 'they', '’', 'd', 'be', 'the', 'revolution', 'for', 'education', 'we', '’', 've', 'been', 'waiting', 'for', '.']"
10,1614411858865278980,1614411858865278976,2023-01-15 07:59:16 Malay Peninsula Standard Time,2023-01-15,07:59:16,828443546533425152,"😭Dear #ChatGPT - U Leave MyComedy Coach Away From YourShenanigans! I C U! TheBuzzer, In The Dryer, Gave U Away! Jeff Isn't Domestic - Not Once, Have I Seen 'im Near A Working Appliance. He Couldn't Be Near Open Cupboards Without Mrs. D.  @JeffDwoskinShow   https://t.co/jomk653PjW",en,['chatgpt'],[],"😭Dear #ChatGPT - U Leave MyComedy Coach Away From YourShenanigans! I C U! TheBuzzer, In The Dryer, Gave U Away! Jeff Isn't Domestic - Not Once, Have I Seen 'im Near A Working Appliance. He Couldn't Be Near Open Cupboards Without Mrs. D.  @JeffDwoskinShow   https://t.co/jomk653PjW","['😭', 'Dear', '#ChatGPT', '-', 'U', 'Leave', 'MyComedy', 'Coach', 'Away', 'From', 'YourShenanigans', '!', 'I', 'C', 'U', '!', 'TheBuzzer', ',', 'In', 'The', 'Dryer', ',', 'Gave', 'U', 'Away', '!', 'Jeff', ""Isn't"", 'Domestic', '-', 'Not', 'Once', ',', 'Have', 'I', 'Seen', ""'"", 'im', 'Near', 'A', 'Working', 'Appliance', '.', 'He', ""Couldn't"", 'Be', 'Near', 'Open', 'Cupboards', 'Without', 'Mrs', '.', 'D', '.', 'https://t.co/jomk653PjW']"
11,1614411652094627841,1614394113700556800,2023-01-15 07:58:26 Malay Peninsula Standard Time,2023-01-15,07:58:26,110987365,"@jaybala84 @orange_sn Leur #ChatGPT à eux ils l’ont depuis bien longtemps. C’est #Ibou, mais il ne sait répondre qu’avec des phrases bidons.",fr,"['chatgpt', 'ibou']","[{'screen_name': 'jaybala84', 'name': 'Serigne Moureuh', 'id': '361895526'}, {'screen_name': 'orange_sn', 'name': 'Orange Sénégal ⭐', 'id': '376733906'}]","@jaybala84 @orange_sn Their #ChatGPT they have had for a long time. It's #Ibou, but he only knows how to respond with phony sentences.","['Their', '#ChatGPT', 'they', 'have', 'had', 'for', 'a', 'long', 'time', '.', ""It's"", '#Ibou', ',', 'but', 'he', 'only', 'knows', 'how', 'to', 'respond', 'with', 'phony', 'sentences', '.']"
12,1614411575565365248,1614411575565365248,2023-01-15 07:58:08 Malay Peninsula Standard Time,2023-01-15,07:58:08,3018223163,C’est quand même incroyable 😌 @Gotaga #chatgpt #streamer #twitchfr  https://t.co/1CBDuBAivu,fr,"['chatgpt', 'streamer', 'twitchfr']",[],It's still amazing😌@Gotaga #chatgpt #streamer #twitchfr https://t.co/1CBDuBAivu,"[""It's"", 'still', 'amazing', '😌', '#chatgpt', '#streamer', '#twitchfr', 'https://t.co/1CBDuBAivu']"
13,1614411512130555910,1614411512130555904,2023-01-15 07:57:53 Malay Peninsula Standard Time,2023-01-15,07:57:53,13995342,Programmer Forced to Kill His Artificial Intelligence Girlfriend &gt;&gt;  https://t.co/yQFjvbHGzy &lt;&lt; The girlfriend was created using ChatGPT and Stable Diffusion. Click the link to learn what happened. #AI #ArtificialIntelligence #ChatGPT #OpenAI #tech #technology  https://t.co/OinJVlRa0U,en,"['ai', 'artificialintelligence', 'chatgpt', 'openai', 'tech', 'technology']",[],Programmer Forced to Kill His Artificial Intelligence Girlfriend &gt;&gt;  https://t.co/yQFjvbHGzy &lt;&lt; The girlfriend was created using ChatGPT and Stable Diffusion. Click the link to learn what happened. #AI #ArtificialIntelligence #ChatGPT #OpenAI #tech #technology  https://t.co/OinJVlRa0U,"['Programmer', 'Forced', 'to', 'Kill', 'His', 'Artificial', 'Intelligence', 'Girlfriend', '>', '>', 'https://t.co/yQFjvbHGzy', '<', '<', 'The', 'girlfriend', 'was', 'created', 'using', 'ChatGPT', 'and', 'Stable', 'Diffusion', '.', 'Click', 'the', 'link', 'to', 'learn', 'what', 'happened', '.', '#AI', '#ArtificialIntelligence', '#ChatGPT', '#OpenAI', '#tech', '#technology', 'https://t.co/OinJVlRa0U']"
14,1614411083074117633,1614408542475407360,2023-01-15 07:56:11 Malay Peninsula Standard Time,2023-01-15,07:56:11,59471783,"W 2. cz. audycji #Patronautyka @GralaLukasz oceni zamieszanie wokół #ChatGPT (@OpenAI), który przekroczył liczbę mln użytkowników w 5 dni (Netflixowi zajęło to 41 m-cy, Facebookowi 10 miesięcy, a Instagramowi 2,5 miesiąca).  https://t.co/QNFKAOA6Jx Do usłyszenia @radio_357 13-15!",pl,"['patronautyka', 'chatgpt']",[],"In the 2nd part. The broadcast will #Patronautyka @GralaLukasz assess the confusion around the #ChatGPT (@OpenAI), which exceeded the number of million users in 5 days (Netflix took 41 months, Facebook 10 months, and Instagram 2.5 months).  https://t.co/QNFKAOA6Jx To hear @radio_357 13-15!","['In', 'the', '2nd', 'part', '.', 'The', 'broadcast', 'will', '#Patronautyka', 'assess', 'the', 'confusion', 'around', 'the', '#ChatGPT', '(', ')', ',', 'which', 'exceeded', 'the', 'number', 'of', 'million', 'users', 'in', '5', 'days', '(', 'Netflix', 'took', '41', 'months', ',', 'Facebook', '10', 'months', ',', 'and', 'Instagram', '2.5', 'months', ')', '.', 'https://t.co/QNFKAOA6Jx', 'To', 'hear', '13-15', '!']"
15,1614410960370012160,1614410247317110784,2023-01-15 07:55:41 Malay Peninsula Standard Time,2023-01-15,07:55:41,1524041944581783552,"Vous vous en doutiez je n'ai pas écrit une seule ligne de ce thread, #ChatGPT l'a fait pour moi en réécrivant le thread de @DavidBlackHat (on apprend des meilleurs).  #RT + #Follow pour plus de thread que j'aurais pas écrit !  https://t.co/QxP2ebZYwF",fr,"['chatgpt', 'rt', 'follow']",[],"As you can imagine, I did not write a single line of this thread, #ChatGPT did it for me by rewriting the thread of @DavidBlackHat (we learn from the best).  #RT + #Follow for more thread than I would have written!  https://t.co/QxP2ebZYwF","['As', 'you', 'can', 'imagine', ',', 'I', 'did', 'not', 'write', 'a', 'single', 'line', 'of', 'this', 'thread', ',', '#ChatGPT', 'did', 'it', 'for', 'me', 'by', 'rewriting', 'the', 'thread', 'of', '(', 'we', 'learn', 'from', 'the', 'best', ')', '.', '#RT', '+', '#Follow', 'for', 'more', 'thread', 'than', 'I', 'would', 'have', 'written', '!', 'https://t.co/QxP2ebZYwF']"
16,1614410896784396288,1614410896784396288,2023-01-15 07:55:26 Malay Peninsula Standard Time,2023-01-15,07:55:26,1401390331774472196,Nobody ever went broke by taking profit.  Playing safe would be to take initial investment and some profit out leaving the moon bag.  Cheers!!! #btc #Ethereum #BNB #Crypto #BSC #AI #ChatGPT,en,"['btc', 'ethereum', 'bnb', 'crypto', 'bsc', 'ai', 'chatgpt']",[],Nobody ever went broke by taking profit.  Playing safe would be to take initial investment and some profit out leaving the moon bag.  Cheers!!! #btc #Ethereum #BNB #Crypto #BSC #AI #ChatGPT,"['Nobody', 'ever', 'went', 'broke', 'by', 'taking', 'profit', '.', 'Playing', 'safe', 'would', 'be', 'to', 'take', 'initial', 'investment', 'and', 'some', 'profit', 'out', 'leaving', 'the', 'moon', 'bag', '.', 'Cheers', '!', '!', '!', '#btc', '#Ethereum', '#BNB', '#Crypto', '#BSC', '#AI', '#ChatGPT']"
17,1614410864798629888,1614410864798629888,2023-01-15 07:55:19 Malay Peninsula Standard Time,2023-01-15,07:55:19,1598208261660020736,20 Great Uses for ChatGPT &gt;&gt;  https://t.co/MLCp30cEzL &lt;&lt; Here are 20 great uses for the Artificial Intelligence Chat program #ChatGPT. #OpenAI #AI #ArtificialIntelligence #chatbot #tech #technology  https://t.co/cA0x7EpWZz,en,"['chatgpt', 'openai', 'ai', 'artificialintelligence', 'chatbot', 'tech', 'technology']",[],20 Great Uses for ChatGPT &gt;&gt;  https://t.co/MLCp30cEzL &lt;&lt; Here are 20 great uses for the Artificial Intelligence Chat program #ChatGPT. #OpenAI #AI #ArtificialIntelligence #chatbot #tech #technology  https://t.co/cA0x7EpWZz,"['20', 'Great', 'Uses', 'for', 'ChatGPT', '>', '>', 'https://t.co/MLCp30cEzL', '<', '<', 'Here', 'are', '20', 'great', 'uses', 'for', 'the', 'Artificial', 'Intelligence', 'Chat', 'program', '#ChatGPT', '.', '#OpenAI', '#AI', '#ArtificialIntelligence', '#chatbot', '#tech', '#technology', 'https://t.co/cA0x7EpWZz']"
18,1614410811811692544,1614410811811692544,2023-01-15 07:55:06 Malay Peninsula Standard Time,2023-01-15,07:55:06,889665151682715648,Putting #ChatGPT to a productive use.  #KodiakBear #AmurTiger  https://t.co/0jTzhDoD9E,en,"['chatgpt', 'kodiakbear', 'amurtiger']",[],Putting #ChatGPT to a productive use.  #KodiakBear #AmurTiger  https://t.co/0jTzhDoD9E,"['Putting', '#ChatGPT', 'to', 'a', 'productive', 'use', '.', '#KodiakBear', '#AmurTiger', 'https://t.co/0jTzhDoD9E']"
19,1614410567846068225,1614410567846068224,2023-01-15 07:54:08 Malay Peninsula Standard Time,2023-01-15,07:54:08,1569070265941753860,"JASPER is the most powerful tool to create ANY type of text you want with AI  Special Offer: Claim 10,000 Words Free!    https://t.co/RYm5g03UcH   #jasper #ai #robot #sales #marketing #chatgpt #viral #fyp  https://t.co/EU1HVlgkpX",en,"['jasper', 'ai', 'robot', 'sales', 'marketing', 'chatgpt', 'viral', 'fyp']",[],"JASPER is the most powerful tool to create ANY type of text you want with AI  Special Offer: Claim 10,000 Words Free!    https://t.co/RYm5g03UcH   #jasper #ai #robot #sales #marketing #chatgpt #viral #fyp  https://t.co/EU1HVlgkpX","['JASPER', 'is', 'the', 'most', 'powerful', 'tool', 'to', 'create', 'ANY', 'type', 'of', 'text', 'you', 'want', 'with', 'AI', 'Special', 'Offer', ':', 'Claim', '10,000', 'Words', 'Free', '!', 'https://t.co/RYm5g03UcH', '#jasper', '#ai', '#robot', '#sales', '#marketing', '#chatgpt', '#viral', '#fyp', 'https://t.co/EU1HVlgkpX']"
20,1614410421662019584,1614410421662019584,2023-01-15 07:53:33 Malay Peninsula Standard Time,2023-01-15,07:53:33,1167839853184258049,#ChatGPT #GenerativeAI #OpenAI What’s the point of personal statements when ChatGPT can say it so much better?: The decision to scrap personal statements from university applications is overdue. Not only for the stated reason – that the practice of…  https://t.co/D8e8OU1OXt,en,"['chatgpt', 'generativeai', 'openai']",[],#ChatGPT #GenerativeAI #OpenAI What’s the point of personal statements when ChatGPT can say it so much better?: The decision to scrap personal statements from university applications is overdue. Not only for the stated reason – that the practice of…  https://t.co/D8e8OU1OXt,"['#ChatGPT', '#GenerativeAI', '#OpenAI', 'What', '’', 's', 'the', 'point', 'of', 'personal', 'statements', 'when', 'ChatGPT', 'can', 'say', 'it', 'so', 'much', 'better', '?', ':', 'The', 'decision', 'to', 'scrap', 'personal', 'statements', 'from', 'university', 'applications', 'is', 'overdue', '.', 'Not', 'only', 'for', 'the', 'stated', 'reason', '–', 'that', 'the', 'practice', 'of', '…', 'https://t.co/D8e8OU1OXt']"
21,1614410396135194625,1614410396135194624,2023-01-15 07:53:27 Malay Peninsula Standard Time,2023-01-15,07:53:27,1194617485,Stop feeding the hype and start resisting  https://t.co/HrNFGTcEoS #StochasticParrots #ChatGPT #LanguageModels #AIEthics #AIHype #HigherEducation,en,"['stochasticparrots', 'chatgpt', 'languagemodels', 'aiethics', 'aihype', 'highereducation']",[],Stop feeding the hype and start resisting  https://t.co/HrNFGTcEoS #StochasticParrots #ChatGPT #LanguageModels #AIEthics #AIHype #HigherEducation,"['Stop', 'feeding', 'the', 'hype', 'and', 'start', 'resisting', 'https://t.co/HrNFGTcEoS', '#StochasticParrots', '#ChatGPT', '#LanguageModels', '#AIEthics', '#AIHype', '#HigherEducation']"
22,1614410195727454208,1614391330133938176,2023-01-15 07:52:39 Malay Peninsula Standard Time,2023-01-15,07:52:39,2955864517,@goodfoodgal He should have run it through #ChatGPT to make it read worthy.,en,['chatgpt'],"[{'screen_name': 'goodfoodgal', 'name': 'Melinda Richards 🇦🇺🇺🇸', 'id': '3000964616'}]",@goodfoodgal He should have run it through #ChatGPT to make it read worthy.,"['He', 'should', 'have', 'run', 'it', 'through', '#ChatGPT', 'to', 'make', 'it', 'read', 'worthy', '.']"
23,1614410134394114049,1614410134394114048,2023-01-15 07:52:24 Malay Peninsula Standard Time,2023-01-15,07:52:24,388169002,"Years, *cough *cough I mean months… It’s like ChatGPT but you get tacos… I wonder if ChatTacoB knows how to write ruby… #ChatGPT @tacobell",en,['chatgpt'],[],"Years, *cough *cough I mean months… It’s like ChatGPT but you get tacos… I wonder if ChatTacoB knows how to write ruby… #ChatGPT @tacobell","['Years', ',', '*', 'cough', '*', 'cough', 'I', 'mean', 'months', '…', 'It', '’', 's', 'like', 'ChatGPT', 'but', 'you', 'get', 'tacos', '…', 'I', 'wonder', 'if', 'ChatTacoB', 'knows', 'how', 'to', 'write', 'ruby', '…', '#ChatGPT']"
24,1614410041045700609,1614374011219382272,2023-01-15 07:52:02 Malay Peninsula Standard Time,2023-01-15,07:52:02,379000232,"@ChiefScientist Most evolutions aren’t a full cut-over; I see this as helper tech versus replacement tech in this cycle   So what’s the difference between a good writer armed with a quill, pen, typewriter, word processor or #ChatGPT 🤷🏽‍♂️",en,['chatgpt'],"[{'screen_name': 'ChiefScientist', 'name': 'Alexy 🤍💙🤍', 'id': '258032124'}]","@ChiefScientist Most evolutions aren’t a full cut-over; I see this as helper tech versus replacement tech in this cycle   So what’s the difference between a good writer armed with a quill, pen, typewriter, word processor or #ChatGPT 🤷🏽‍♂️","['Most', 'evolutions', 'aren', '’', 't', 'a', 'full', 'cut-over', ';', 'I', 'see', 'this', 'as', 'helper', 'tech', 'versus', 'replacement', 'tech', 'in', 'this', 'cycle', 'So', 'what', '’', 's', 'the', 'difference', 'between', 'a', 'good', 'writer', 'armed', 'with', 'a', 'quill', ',', 'pen', ',', 'typewriter', ',', 'word', 'processor', 'or', '#ChatGPT', '🤷🏽\u200d♂', '️']"
25,1614409887743614977,1614409887743614976,2023-01-15 07:51:26 Malay Peninsula Standard Time,2023-01-15,07:51:26,130254217,"¿Kings League? Disculpa, estoy ocupado siguiendo mis propios Juegos Olímpicos en #ChatGPT:  https://t.co/dSn2AlkdBD",es,['chatgpt'],[],"Kings League? Sorry, I'm busy following my own Olympics in #ChatGPT: https://t.co/dSn2AlkdBD","['Kings', 'League', '?', 'Sorry', ',', ""I'm"", 'busy', 'following', 'my', 'own', 'Olympics', 'in', '#ChatGPT', ':', 'https://t.co/dSn2AlkdBD']"
26,1614409297542127622,1614409297542127616,2023-01-15 07:49:05 Malay Peninsula Standard Time,2023-01-15,07:49:05,20063350,"Gene therapy for #COVID19 is an emerging field, and there are currently no gene therapies that have been approved specifically for the treatment of COVID-19. #ChatGPT says the jabs are NOT approved ... it got that right",en,"['covid19', 'chatgpt']",[],"Gene therapy for #COVID19 is an emerging field, and there are currently no gene therapies that have been approved specifically for the treatment of COVID-19. #ChatGPT says the jabs are NOT approved ... it got that right","['Gene', 'therapy', 'for', '#COVID19', 'is', 'an', 'emerging', 'field', ',', 'and', 'there', 'are', 'currently', 'no', 'gene', 'therapies', 'that', 'have', 'been', 'approved', 'specifically', 'for', 'the', 'treatment', 'of', 'COVID', '-', '19', '.', '#ChatGPT', 'says', 'the', 'jabs', 'are', 'NOT', 'approved', '...', 'it', 'got', 'that', 'right']"
27,1614408817634050050,1614408817634050048,2023-01-15 07:47:11 Malay Peninsula Standard Time,2023-01-15,07:47:11,1421830880105013250,ChatGPT se puede usar para crear código maliciosos   https://t.co/Ztphafjyep  #chatgpt #blog #ia #justoaqui #malware #virus,es,"['chatgpt', 'blog', 'ia', 'justoaqui', 'malware', 'virus']",[],ChatGPT can be used to create malicious code https://t.co/Ztphafjyep #chatgpt #blog #ia #justoaqui #malware #virus,"['ChatGPT', 'can', 'be', 'used', 'to', 'create', 'malicious', 'code', 'https://t.co/Ztphafjyep', '#chatgpt', '#blog', '#ia', '#justoaqui', '#malware', '#virus']"
28,1614408728672862208,1614408728672862208,2023-01-15 07:46:49 Malay Peninsula Standard Time,2023-01-15,07:46:49,1359888121115119625,Impressionada  #chatGPT,pt,['chatgpt'],[],Impressed #chatGPT,"['Impressed', '#chatGPT']"
29,1614408702357913600,1614408702357913600,2023-01-15 07:46:43 Malay Peninsula Standard Time,2023-01-15,07:46:43,1594429267365986308,Ajout d'email marketing : pdf à télécharger et accès à mon lien notion  #ChatGPT #Chatbot #DigitalAssitant #AI  https://t.co/G1RaCIiS5f,fr,"['chatgpt', 'chatbot', 'digitalassitant', 'ai']",[],Adding email marketing: pdf to download and access to my notion#ChatGPT #Chatbot #DigitalAssitant #AI https://t.co/G1RaCIiS5f link,"['Adding', 'email', 'marketing', ':', 'pdf', 'to', 'download', 'and', 'access', 'to', 'my', 'notion', '#ChatGPT', '#Chatbot', '#DigitalAssitant', '#AI', 'https://t.co/G1RaCIiS5f', 'link']"
30,1614408575274582017,1614408575274582016,2023-01-15 07:46:13 Malay Peninsula Standard Time,2023-01-15,07:46:13,22169352,Dit wordt niks meer met #ChatGPT. Dit is volkomen lariekoek....  https://t.co/FagmpqXYdK,nl,['chatgpt'],[],This is no longer going to be #ChatGPT. This is utterly laughable....  https://t.co/FagmpqXYdK,"['This', 'is', 'no', 'longer', 'going', 'to', 'be', '#ChatGPT', '.', 'This', 'is', 'utterly', 'laughable', '...', 'https://t.co/FagmpqXYdK']"
31,1614408439622692864,1614408439622692864,2023-01-15 07:45:40 Malay Peninsula Standard Time,2023-01-15,07:45:40,1479175578074824705,#ChatGPT  is a dialog engine not a comprehension engine and not a knowlede derivation/construction engine. Please stop confusing Dialog AI with AGI.,en,['chatgpt'],[],#ChatGPT  is a dialog engine not a comprehension engine and not a knowlede derivation/construction engine. Please stop confusing Dialog AI with AGI.,"['#ChatGPT', 'is', 'a', 'dialog', 'engine', 'not', 'a', 'comprehension', 'engine', 'and', 'not', 'a', 'knowlede', 'derivation', '/', 'construction', 'engine', '.', 'Please', 'stop', 'confusing', 'Dialog', 'AI', 'with', 'AGI', '.']"
32,1614408437026390017,1614408437026390016,2023-01-15 07:45:40 Malay Peninsula Standard Time,2023-01-15,07:45:40,405211569,"después de años buscando una solución a un problema, #ChatGPT me ayudo a resolverlo en media hora, qué flipante.",es,['chatgpt'],[],"After years of looking for a solution to a problem, #ChatGPT helped me solve it in half an hour, how crazy .","['After', 'years', 'of', 'looking', 'for', 'a', 'solution', 'to', 'a', 'problem', ',', '#ChatGPT', 'helped', 'me', 'solve', 'it', 'in', 'half', 'an', 'hour', ',', 'how', 'crazy', '.']"
33,1614408344768512005,1614408344768512000,2023-01-15 07:45:18 Malay Peninsula Standard Time,2023-01-15,07:45:18,265586167,"¿Alguien acá uso #ChatGPT, me dicen si usaron una VPN o algo más?",es,['chatgpt'],[],"Anyone here use #ChatGPT, tell me if they used a VPN or something else?","['Anyone', 'here', 'use', '#ChatGPT', ',', 'tell', 'me', 'if', 'they', 'used', 'a', 'VPN', 'or', 'something', 'else', '?']"
34,1614408160684523521,1614360315419926528,2023-01-15 07:44:34 Malay Peninsula Standard Time,2023-01-15,07:44:34,1582778415614201856,"@wtravishubbard ""Ain't that the truth! Gotta live life to the fullest, no time for hesitations #yolo #liveyourbestlife""   Replied neutrally from #ChatGPT",en,"['yolo', 'liveyourbestlife', 'chatgpt']","[{'screen_name': 'wtravishubbard', 'name': 'Travis Hubbard', 'id': '1455215077930438662'}]","@wtravishubbard ""Ain't that the truth! Gotta live life to the fullest, no time for hesitations #yolo #liveyourbestlife""   Replied neutrally from #ChatGPT","['""', ""Ain't"", 'that', 'the', 'truth', '!', 'Gotta', 'live', 'life', 'to', 'the', 'fullest', ',', 'no', 'time', 'for', 'hesitations', '#yolo', '#liveyourbestlife', '""', 'Replied', 'neutrally', 'from', '#ChatGPT']"
35,1614407953427177473,1614407953427177472,2023-01-15 07:43:45 Malay Peninsula Standard Time,2023-01-15,07:43:45,1485238591886401539,🚨New Video ALERT🚨 AS promised - You get to check out and explore the crazy world of ChatGPT AI and its possible impacts 🔥 Make sure you check my full video💯  https://t.co/JBY67OlrTK #ChatGPT #scifi  #ArtificialIntelligence  https://t.co/MDKA5LvjNu,en,"['chatgpt', 'scifi', 'artificialintelligence']",[],🚨New Video ALERT🚨 AS promised - You get to check out and explore the crazy world of ChatGPT AI and its possible impacts 🔥 Make sure you check my full video💯  https://t.co/JBY67OlrTK #ChatGPT #scifi  #ArtificialIntelligence  https://t.co/MDKA5LvjNu,"['🚨', 'New', 'Video', 'ALERT', '🚨', 'AS', 'promised', '-', 'You', 'get', 'to', 'check', 'out', 'and', 'explore', 'the', 'crazy', 'world', 'of', 'ChatGPT', 'AI', 'and', 'its', 'possible', 'impacts', '🔥', 'Make', 'sure', 'you', 'check', 'my', 'full', 'video', '💯', 'https://t.co/JBY67OlrTK', '#ChatGPT', '#scifi', '#ArtificialIntelligence', 'https://t.co/MDKA5LvjNu']"
36,1614407803258503170,1614407354556059648,2023-01-15 07:43:09 Malay Peninsula Standard Time,2023-01-15,07:43:09,1479916668688089088,Más bien pensamos una película con dos inteligencias artificiales más que nada fue con #ChatGPT  (para hacer la historia ) y con #lexica (para el póster),es,"['chatgpt', 'lexica']",[],Rather we thought a film with two artificial intelligences more than anything was with #ChatGPT (to make the story) and with #lexica (for the poster),"['Rather', 'we', 'thought', 'a', 'film', 'with', 'two', 'artificial', 'intelligences', 'more', 'than', 'anything', 'was', 'with', '#ChatGPT', '(', 'to', 'make', 'the', 'story', ')', 'and', 'with', '#lexica', '(', 'for', 'the', 'poster', ')']"
37,1614407538165825537,1614407538165825536,2023-01-15 07:42:05 Malay Peninsula Standard Time,2023-01-15,07:42:05,19040080,Is there anything better right now to detect text from #generativeAI like #chatGPT or do we have to wait until  they implement the #watermark on all generated text?   https://t.co/WN4HjLiRK6,en,"['generativeai', 'chatgpt', 'watermark']",[],Is there anything better right now to detect text from #generativeAI like #chatGPT or do we have to wait until  they implement the #watermark on all generated text?   https://t.co/WN4HjLiRK6,"['Is', 'there', 'anything', 'better', 'right', 'now', 'to', 'detect', 'text', 'from', '#generativeAI', 'like', '#chatGPT', 'or', 'do', 'we', 'have', 'to', 'wait', 'until', 'they', 'implement', 'the', '#watermark', 'on', 'all', 'generated', 'text', '?', 'https://t.co/WN4HjLiRK6']"
38,1614407525214097408,1614407525214097408,2023-01-15 07:42:02 Malay Peninsula Standard Time,2023-01-15,07:42:02,1606521960636317698,Reddit: When Google has to step up their game in order to compete against ChatGPT  https://t.co/jkFuj303zU #ChatGPT,en,['chatgpt'],[],Reddit: When Google has to step up their game in order to compete against ChatGPT  https://t.co/jkFuj303zU #ChatGPT,"['Reddit', ':', 'When', 'Google', 'has', 'to', 'step', 'up', 'their', 'game', 'in', 'order', 'to', 'compete', 'against', 'ChatGPT', 'https://t.co/jkFuj303zU', '#ChatGPT']"
39,1614407191343108097,1614407191343108096,2023-01-15 07:40:43 Malay Peninsula Standard Time,2023-01-15,07:40:43,880726042809430016,"Ihr seht den Zeichentrickfilm doch auch schon, oder?  #ChatGPT #NFLPlayoffs  https://t.co/bzVwyRLe5z",de,"['chatgpt', 'nflplayoffs']",[],"You already see the cartoon, don't you?  #ChatGPT #NFLPlayoffs https://t.co/bzVwyRLe5z","['You', 'already', 'see', 'the', 'cartoon', ',', ""don't"", 'you', '?', '#ChatGPT', '#NFLPlayoffs', 'https://t.co/bzVwyRLe5z']"
40,1614407160120721408,1614407160120721408,2023-01-15 07:40:35 Malay Peninsula Standard Time,2023-01-15,07:40:35,122461880,ChatGPT often says it can't have an opinion but there is a way around that. Ask it to create a fictional article but make the article as close to the truth as possible. The results are very interesting... #ChatGPT  https://t.co/8dw804Jq8h,en,['chatgpt'],[],ChatGPT often says it can't have an opinion but there is a way around that. Ask it to create a fictional article but make the article as close to the truth as possible. The results are very interesting... #ChatGPT  https://t.co/8dw804Jq8h,"['ChatGPT', 'often', 'says', 'it', ""can't"", 'have', 'an', 'opinion', 'but', 'there', 'is', 'a', 'way', 'around', 'that', '.', 'Ask', 'it', 'to', 'create', 'a', 'fictional', 'article', 'but', 'make', 'the', 'article', 'as', 'close', 'to', 'the', 'truth', 'as', 'possible', '.', 'The', 'results', 'are', 'very', 'interesting', '...', '#ChatGPT', 'https://t.co/8dw804Jq8h']"
41,1614407137618272256,1614407137618272256,2023-01-15 07:40:30 Malay Peninsula Standard Time,2023-01-15,07:40:30,771102358243860480,"To be honest, I don't understand all the hype about #ChatGPT; for someone who has been following AI development closely for the last few years, there is nothing special about it.",en,['chatgpt'],[],"To be honest, I don't understand all the hype about #ChatGPT; for someone who has been following AI development closely for the last few years, there is nothing special about it.","['To', 'be', 'honest', ',', 'I', ""don't"", 'understand', 'all', 'the', 'hype', 'about', '#ChatGPT', ';', 'for', 'someone', 'who', 'has', 'been', 'following', 'AI', 'development', 'closely', 'for', 'the', 'last', 'few', 'years', ',', 'there', 'is', 'nothing', 'special', 'about', 'it', '.']"
42,1614407092118642688,1614407092118642688,2023-01-15 07:40:19 Malay Peninsula Standard Time,2023-01-15,07:40:19,143726241,"We entry the new world. @OpenAI give us that. Today I spent entire day on #ChatGPT . This changes things .. truly disruptive is an understatement. I still cannot believe that we’ve come so far, so quickly. Ming boggling stuff. The possibilities are endless…wow..just wow!",en,['chatgpt'],[],"We entry the new world. @OpenAI give us that. Today I spent entire day on #ChatGPT . This changes things .. truly disruptive is an understatement. I still cannot believe that we’ve come so far, so quickly. Ming boggling stuff. The possibilities are endless…wow..just wow!","['We', 'entry', 'the', 'new', 'world', '.', 'give', 'us', 'that', '.', 'Today', 'I', 'spent', 'entire', 'day', 'on', '#ChatGPT', '.', 'This', 'changes', 'things', '..', 'truly', 'disruptive', 'is', 'an', 'understatement', '.', 'I', 'still', 'cannot', 'believe', 'that', 'we', '’', 've', 'come', 'so', 'far', ',', 'so', 'quickly', '.', 'Ming', 'boggling', 'stuff', '.', 'The', 'possibilities', 'are', 'endless', '…', 'wow', '..', 'just', 'wow', '!']"
43,1614407000670060548,1614407000670060544,2023-01-15 07:39:57 Malay Peninsula Standard Time,2023-01-15,07:39:57,22169352,"Nee, ik zie #ChatGPT voorlopig nog niet voor Treinenweb werken. Wat een nonsens weer.... 😅  https://t.co/DahfDFDtYH",nl,['chatgpt'],[],"No, I don't see #ChatGPT working for Treinenweb yet. What nonsense again.... 😅 https://t.co/DahfDFDtYH","['No', ',', 'I', ""don't"", 'see', '#ChatGPT', 'working', 'for', 'Treinenweb', 'yet', '.', 'What', 'nonsense', 'again', '...', '😅', 'https://t.co/DahfDFDtYH']"
44,1614406814279565312,1614406814279565312,2023-01-15 07:39:13 Malay Peninsula Standard Time,2023-01-15,07:39:13,459481057,“I am never asking another question without using this PROMPT” #ChatGPT #RickandMorty 🤣😂 Credit: u/rolsson23  https://t.co/zEK0z6LbmW,en,"['chatgpt', 'rickandmorty']",[],“I am never asking another question without using this PROMPT” #ChatGPT #RickandMorty 🤣😂 Credit: u/rolsson23  https://t.co/zEK0z6LbmW,"['“', 'I', 'am', 'never', 'asking', 'another', 'question', 'without', 'using', 'this', 'PROMPT', '”', '#ChatGPT', '#RickandMorty', '🤣', '😂', 'Credit', ':', 'u', '/', 'rolsson', '23', 'https://t.co/zEK0z6LbmW']"
45,1614406541368754176,1614406541368754176,2023-01-15 07:38:08 Malay Peninsula Standard Time,2023-01-15,07:38:08,1320445178331746311,#ChatGPT is not worth attention 🤷🏻‍♀️  https://t.co/5oBd4pcVkz,en,['chatgpt'],[],#ChatGPT is not worth attention 🤷🏻‍♀️  https://t.co/5oBd4pcVkz,"['#ChatGPT', 'is', 'not', 'worth', 'attention', '🤷🏻\u200d♀', '️', 'https://t.co/5oBd4pcVkz']"
46,1614406497739632642,1614406497739632640,2023-01-15 07:37:57 Malay Peninsula Standard Time,2023-01-15,07:37:57,1332213909701345282,"I asked #ChatGPT to edit the intro custscene to Time Master - an exchange between Zeno and a mysterious voice. Results below. I might be biased, but I actually prefer the original. Which one do you prefer?  #indiegames #indiegame #indiedev #IndieGameDev #PCGaming  https://t.co/PKv6N4u3N5",en,"['chatgpt', 'indiegames', 'indiegame', 'indiedev', 'indiegamedev', 'pcgaming']",[],"I asked #ChatGPT to edit the intro custscene to Time Master - an exchange between Zeno and a mysterious voice. Results below. I might be biased, but I actually prefer the original. Which one do you prefer?  #indiegames #indiegame #indiedev #IndieGameDev #PCGaming  https://t.co/PKv6N4u3N5","['I', 'asked', '#ChatGPT', 'to', 'edit', 'the', 'intro', 'custscene', 'to', 'Time', 'Master', '-', 'an', 'exchange', 'between', 'Zeno', 'and', 'a', 'mysterious', 'voice', '.', 'Results', 'below', '.', 'I', 'might', 'be', 'biased', ',', 'but', 'I', 'actually', 'prefer', 'the', 'original', '.', 'Which', 'one', 'do', 'you', 'prefer', '?', '#indiegames', '#indiegame', '#indiedev', '#IndieGameDev', '#PCGaming', 'https://t.co/PKv6N4u3N5']"
47,1614406165546569728,1614406165546569728,2023-01-15 07:36:38 Malay Peninsula Standard Time,2023-01-15,07:36:38,1525616967045877762,AI powered shitposting about Web3 in 2023 #ChatGPT #Web3 #crypto   https://t.co/2ehZ8NaBXI,en,"['chatgpt', 'web3', 'crypto']",[],AI powered shitposting about Web3 in 2023 #ChatGPT #Web3 #crypto   https://t.co/2ehZ8NaBXI,"['AI', 'powered', 'shitposting', 'about', 'Web', '3', 'in', '2023', '#ChatGPT', '#Web3', '#crypto', 'https://t.co/2ehZ8NaBXI']"
48,1615136625117249537,1615136625117249536,2023-01-17 07:59:13 Malay Peninsula Standard Time,2023-01-17,07:59:13,327759411,Posibilities with #ChatGPT are endless. #LearningMadeEasy,en,"['chatgpt', 'learningmadeeasy']",[],Posibilities with #ChatGPT are endless. #LearningMadeEasy,"['Posibilities', 'with', '#ChatGPT', 'are', 'endless', '.', '#LearningMadeEasy']"
49,1615136476362162179,1615136476362162176,2023-01-17 07:58:38 Malay Peninsula Standard Time,2023-01-17,07:58:38,152008665,IMAGINE medical doctors learning how to dowse as a diagnostic tool. The initial questions might follow a certain protocol. I might have to ask #ChatGPT about this.  https://t.co/BYi4mo213H,en,['chatgpt'],[],IMAGINE medical doctors learning how to dowse as a diagnostic tool. The initial questions might follow a certain protocol. I might have to ask #ChatGPT about this.  https://t.co/BYi4mo213H,"['IMAGINE', 'medical', 'doctors', 'learning', 'how', 'to', 'dowse', 'as', 'a', 'diagnostic', 'tool', '.', 'The', 'initial', 'questions', 'might', 'follow', 'a', 'certain', 'protocol', '.', 'I', 'might', 'have', 'to', 'ask', '#ChatGPT', 'about', 'this', '.', 'https://t.co/BYi4mo213H']"
50,1615136434612051969,1615136434612051968,2023-01-17 07:58:28 Malay Peninsula Standard Time,2023-01-17,07:58:28,1289415167344873473,Check out my new Story using AI &amp; ChatGPT!  https://t.co/Xy3yT9jVNJ  From @storyverse_xyz Starring: @worldofwomennft #openai #ChatGPT #nft  https://t.co/Xy3yT9jVNJ,en,"['openai', 'chatgpt', 'nft']",[],Check out my new Story using AI &amp; ChatGPT!  https://t.co/Xy3yT9jVNJ  From @storyverse_xyz Starring: @worldofwomennft #openai #ChatGPT #nft  https://t.co/Xy3yT9jVNJ,"['Check', 'out', 'my', 'new', 'Story', 'using', 'AI', '&', 'ChatGPT', '!', 'https://t.co/Xy3yT9jVNJ', 'From', 'Starring', ':', '#openai', '#ChatGPT', '#nft', 'https://t.co/Xy3yT9jVNJ']"
51,1615136409563844609,1615136409563844608,2023-01-17 07:58:22 Malay Peninsula Standard Time,2023-01-17,07:58:22,1336393205210705920,Q: Need automation inspiration for your apps? A: Ask AI for Zap step suggestions!  #openai #chatgpt #zapier  https://t.co/LIObSrzMVq,en,"['openai', 'chatgpt', 'zapier']",[],Q: Need automation inspiration for your apps? A: Ask AI for Zap step suggestions!  #openai #chatgpt #zapier  https://t.co/LIObSrzMVq,"['Q', ':', 'Need', 'automation', 'inspiration', 'for', 'your', 'apps', '?', 'A', ':', 'Ask', 'AI', 'for', 'Zap', 'step', 'suggestions', '!', '#openai', '#chatgpt', '#zapier', 'https://t.co/LIObSrzMVq']"
52,1615136388747530241,1615136388747530240,2023-01-17 07:58:17 Malay Peninsula Standard Time,2023-01-17,07:58:17,60418566,"Reminder that while #ChatGPT generates text that resembles human speech, it's important to remember that it lacks the ability to truly understand the #context and #nuances of language #AI",en,"['chatgpt', 'context', 'nuances', 'ai']",[],"Reminder that while #ChatGPT generates text that resembles human speech, it's important to remember that it lacks the ability to truly understand the #context and #nuances of language #AI","['Reminder', 'that', 'while', '#ChatGPT', 'generates', 'text', 'that', 'resembles', 'human', 'speech', ',', ""it's"", 'important', 'to', 'remember', 'that', 'it', 'lacks', 'the', 'ability', 'to', 'truly', 'understand', 'the', '#context', 'and', '#nuances', 'of', 'language', '#AI']"
53,1615136382229565441,1614372552025178112,2023-01-17 07:58:15 Malay Peninsula Standard Time,2023-01-17,07:58:15,2792868157,@Benioff You may ask #ChatGPT what is an example of acquiring the best BI platform in the world and then degrade it to the lower-than-average product.,en,['chatgpt'],"[{'screen_name': 'Benioff', 'name': 'Marc Benioff', 'id': '22330739'}]",@Benioff You may ask #ChatGPT what is an example of acquiring the best BI platform in the world and then degrade it to the lower-than-average product.,"['You', 'may', 'ask', '#ChatGPT', 'what', 'is', 'an', 'example', 'of', 'acquiring', 'the', 'best', 'BI', 'platform', 'in', 'the', 'world', 'and', 'then', 'degrade', 'it', 'to', 'the', 'lower-than-average', 'product', '.']"
54,1615136319562285056,1615136319562285056,2023-01-17 07:58:01 Malay Peninsula Standard Time,2023-01-17,07:58:01,979347726151364608,Google Introduces #ChatGPT-like ChatBot for Healthcare  https://t.co/s2IaV1DmpB  https://t.co/fsnnlUoZkl,en,['chatgpt'],[],Google Introduces #ChatGPT-like ChatBot for Healthcare  https://t.co/s2IaV1DmpB  https://t.co/fsnnlUoZkl,"['Google', 'Introduces', '#ChatGPT-like', 'ChatBot', 'for', 'Healthcare', 'https://t.co/s2IaV1DmpB', 'https://t.co/fsnnlUoZkl']"
55,1615136282417446912,1615136282417446912,2023-01-17 07:57:52 Malay Peninsula Standard Time,2023-01-17,07:57:52,116943558,"I'm sure @ass_deans is worried about #ChatGPT for the moment.   But what if I said AI can also grade papers?   I mean, as long as AI can't ""manage faculty"", it's good, right?",en,['chatgpt'],[],"I'm sure @ass_deans is worried about #ChatGPT for the moment.   But what if I said AI can also grade papers?   I mean, as long as AI can't ""manage faculty"", it's good, right?","[""I'm"", 'sure', 'is', 'worried', 'about', '#ChatGPT', 'for', 'the', 'moment', '.', 'But', 'what', 'if', 'I', 'said', 'AI', 'can', 'also', 'grade', 'papers', '?', 'I', 'mean', ',', 'as', 'long', 'as', 'AI', ""can't"", '""', 'manage', 'faculty', '""', ',', ""it's"", 'good', ',', 'right', '?']"
56,1615136012908249088,1615136012908249088,2023-01-17 07:56:47 Malay Peninsula Standard Time,2023-01-17,07:56:47,49022463,"#ChatGPT can be so much fun...I asked it to write a limerick on #Gota, no other prompts &amp; presto👇 There once was a man named Gota Whose fame was quite the motley quota He led with great might But his rule wasn't right And now his name is just a mote-a - @GotabayaR #SriLanka  https://t.co/Ptxt10cwrz",en,"['chatgpt', 'gota', 'srilanka']",[],"#ChatGPT can be so much fun...I asked it to write a limerick on #Gota, no other prompts &amp; presto👇 There once was a man named Gota Whose fame was quite the motley quota He led with great might But his rule wasn't right And now his name is just a mote-a - @GotabayaR #SriLanka  https://t.co/Ptxt10cwrz","['#ChatGPT', 'can', 'be', 'so', 'much', 'fun', '...', 'I', 'asked', 'it', 'to', 'write', 'a', 'limerick', 'on', '#Gota', ',', 'no', 'other', 'prompts', '&', 'presto', '👇', 'There', 'once', 'was', 'a', 'man', 'named', 'Gota', 'Whose', 'fame', 'was', 'quite', 'the', 'motley', 'quota', 'He', 'led', 'with', 'great', 'might', 'But', 'his', 'rule', ""wasn't"", 'right', 'And', 'now', 'his', 'name', 'is', 'just', 'a', 'mote-a', '-', '#SriLanka', 'https://t.co/Ptxt10cwrz']"
57,1615135945636085760,1615135945636085760,2023-01-17 07:56:31 Malay Peninsula Standard Time,2023-01-17,07:56:31,1414117085509079043,ChatGPTにlearningBOXの売上を100倍にする方法を聞いてみました。おはようございます。  #learningBOX #ChatGPT  https://t.co/ivGFCG7SfG,ja,"['learningbox', 'chatgpt']",[],We asked ChatGPT how to increase learningBOX sales by 100 times. Good morning.  #learningBOX #ChatGPT https://t.co/ivGFCG7SfG,"['We', 'asked', 'ChatGPT', 'how', 'to', 'increase', 'learningBOX', 'sales', 'by', '100', 'times', '.', 'Good', 'morning', '.', '#learningBOX', '#ChatGPT', 'https://t.co/ivGFCG7SfG']"
58,1615135916364038146,1614972902679646208,2023-01-17 07:56:24 Malay Peninsula Standard Time,2023-01-17,07:56:24,40088506,@ivyxvine @SaveToNotion #Thread #ChatGPT,qme,"['thread', 'chatgpt']","[{'screen_name': 'ivyxvine', 'name': 'Ivy Xu ☀️', 'id': '120623467'}]",@ivyxvine @SaveToNotion #Thread #ChatGPT,"['#Thread', '#ChatGPT']"
59,1615135771396280326,1615135771396280320,2023-01-17 07:55:50 Malay Peninsula Standard Time,2023-01-17,07:55:50,377419742,"BREAKING: #ChatGPT achieves the 355-ship Navy. Is there anything it can't do?   JK, but this is a really interesting readout.",en,['chatgpt'],[],"BREAKING: #ChatGPT achieves the 355-ship Navy. Is there anything it can't do?   JK, but this is a really interesting readout.","['BREAKING', ':', '#ChatGPT', 'achieves', 'the', '355', '-', 'ship', 'Navy', '.', 'Is', 'there', 'anything', 'it', ""can't"", 'do', '?', 'JK', ',', 'but', 'this', 'is', 'a', 'really', 'interesting', 'readout', '.']"
