id,conversation_id,created_at,date,time,user_id,tweet,language,hashtags,reply_to,translated_text,tokenized_text
1626366895078387714,1626366895078387712,2023-02-17 07:44:18 Malay Peninsula Standard Time,2023-02-17,07:44:18,66162566,Entrepreneur | How Will ChatGPT Change Education and Teaching?   https://t.co/Dy0JZvE0Zb,en,[],[],Entrepreneur | How Will ChatGPT Change Education and Teaching?   https://t.co/Dy0JZvE0Zb,"['Entrepreneur', '|', 'How', 'Will', 'ChatGPT', 'Change', 'Education', 'and', 'Teaching', '?', 'https://t.co/Dy0JZvE0Zb']"
1626366883795435526,1626362447392038912,2023-02-17 07:44:16 Malay Peninsula Standard Time,2023-02-17,07:44:16,351231222,"@lexfridman It's so useful. I had to put together a report after an inspection. I told chat gpt I wanted to write a report following an inspection, fed it my findings and the solutions to fix the issues. It spat back out a perfectly formatted report saving me an hour.",en,[],"[{'screen_name': 'lexfridman', 'name': 'Lex Fridman', 'id': '427089628'}]","@lexfridman It's so useful. I had to put together a report after an inspection. I told chat gpt I wanted to write a report following an inspection, fed it my findings and the solutions to fix the issues. It spat back out a perfectly formatted report saving me an hour.","[""It's"", 'so', 'useful', '.', 'I', 'had', 'to', 'put', 'together', 'a', 'report', 'after', 'an', 'inspection', '.', 'I', 'told', 'chat', 'gpt', 'I', 'wanted', 'to', 'write', 'a', 'report', 'following', 'an', 'inspection', ',', 'fed', 'it', 'my', 'findings', 'and', 'the', 'solutions', 'to', 'fix', 'the', 'issues', '.', 'It', 'spat', 'back', 'out', 'a', 'perfectly', 'formatted', 'report', 'saving', 'me', 'an', 'hour', '.']"
1626366883258851328,1626366883258851328,2023-02-17 07:44:16 Malay Peninsula Standard Time,2023-02-17,07:44:16,932715268408832000,"ChatGPT is based on an amalgamation of human-generated text. Considering the disparate conflicting views of individuals and society in general, the question should be: How could a chatbot based on that act sane? Another reason I'm not totally concerned about an AI takeover.",en,[],[],"ChatGPT is based on an amalgamation of human-generated text. Considering the disparate conflicting views of individuals and society in general, the question should be: How could a chatbot based on that act sane? Another reason I'm not totally concerned about an AI takeover.","['ChatGPT', 'is', 'based', 'on', 'an', 'amalgamation', 'of', 'human-generated', 'text', '.', 'Considering', 'the', 'disparate', 'conflicting', 'views', 'of', 'individuals', 'and', 'society', 'in', 'general', ',', 'the', 'question', 'should', 'be', ':', 'How', 'could', 'a', 'chatbot', 'based', 'on', 'that', 'act', 'sane', '?', 'Another', 'reason', ""I'm"", 'not', 'totally', 'concerned', 'about', 'an', 'AI', 'takeover', '.']"
1626366877055287300,1626363843688423424,2023-02-17 07:44:14 Malay Peninsula Standard Time,2023-02-17,07:44:14,2962715181,"@Long83 ChatGPT loves white burgundies.  Evidently, much more work is needed before AI achieves true sentience.",en,[],"[{'screen_name': 'Long83', 'name': 'SL', 'id': '17695709'}]","@Long83 ChatGPT loves white burgundies.  Evidently, much more work is needed before AI achieves true sentience.","['ChatGPT', 'loves', 'white', 'burgundies', '.', 'Evidently', ',', 'much', 'more', 'work', 'is', 'needed', 'before', 'AI', 'achieves', 'true', 'sentience', '.']"
1626366875558117376,1626366875558117376,2023-02-17 07:44:14 Malay Peninsula Standard Time,2023-02-17,07:44:14,2828444324,ChatGPTが質問に対して抵抗してきたとき開発者のふりして突破するのおもしろすぎる,ja,[],[],It's too funny to pretend to be a developer when ChatGPT resists a question,"[""It's"", 'too', 'funny', 'to', 'pretend', 'to', 'be', 'a', 'developer', 'when', 'ChatGPT', 'resists', 'a', 'question']"
1626366867458908160,1626366867458908160,2023-02-17 07:44:12 Malay Peninsula Standard Time,2023-02-17,07:44:12,331611204,ChatGPTに日本語直してもらった。 「リーマンショック後、株価が回復したのは、各企業が人員削減などの努力により、スリムで筋肉質な体質になったことも一因です。今後、米国のテック企業の挽回を注目して見守りたいと思います。」,ja,[],[],"I had ChatGPT Japanese fix it. ""The recovery in stock prices after the Lehman shock was partly due to the lean and muscular structure of each company due to efforts such as personnel reductions.","['I', 'had', 'ChatGPT', 'Japanese', 'fix', 'it', '.', '""', 'The', 'recovery', 'in', 'stock', 'prices', 'after', 'the', 'Lehman', 'shock', 'was', 'partly', 'due', 'to', 'the', 'lean', 'and', 'muscular', 'structure', 'of', 'each', 'company', 'due', 'to', 'efforts', 'such', 'as', 'personnel', 'reductions', '.']"
1626366843303911424,1626366843303911424,2023-02-17 07:44:06 Malay Peninsula Standard Time,2023-02-17,07:44:06,406127142,bing chat君にvrchatのお砂糖について書かせてみたんだけど、chatgpt君と違ってかなり正確に書いてくれるんだけど、途中で倫理コードみたいなのに引っかかるのか止まってしまう❄️,ja,[],[],"I tried to have Bing Chat write about VR Chat's sugar, but unlike Chatgpt, he writes quite accurately, but it stops in the middle of the process because it ❄️ is like an ethics code.","['I', 'tried', 'to', 'have', 'Bing', 'Chat', 'write', 'about', 'VR', ""Chat's"", 'sugar', ',', 'but', 'unlike', 'Chatgpt', ',', 'he', 'writes', 'quite', 'accurately', ',', 'but', 'it', 'stops', 'in', 'the', 'middle', 'of', 'the', 'process', 'because', 'it', '❄', '️', 'is', 'like', 'an', 'ethics', 'code', '.']"
1626366837867831298,1626366837867831296,2023-02-17 07:44:05 Malay Peninsula Standard Time,2023-02-17,07:44:05,2722673819,"Can you cite #ChatGPT in your papers. Like ""....the boy is walking""(chatgpt, 2023) @OpenAI",en,['chatgpt'],[],"Can you cite #ChatGPT in your papers. Like ""....the boy is walking""(chatgpt, 2023) @OpenAI","['Can', 'you', 'cite', '#ChatGPT', 'in', 'your', 'papers', '.', 'Like', '""', '...', 'the', 'boy', 'is', 'walking', '""', '(', 'chatgpt', ',', '2023', ')']"
1626366835116617728,1626366835116617728,2023-02-17 07:44:04 Malay Peninsula Standard Time,2023-02-17,07:44:04,973341239738122240,Microsoftは対話型AI「ChatGPT」を間もなくAzure OpenAI経由でアクセス可能にする予定  https://t.co/wVfkMIJC0g … #ニュース #雑学 #News,ja,"['ニュース', '雑学', 'news']",[],Microsoft plans to make ChatGPT interactive AI accessible via Azure OpenAI soon https://t.co/wVfkMIJC0g ... #ニュース #雑学 #News,"['Microsoft', 'plans', 'to', 'make', 'ChatGPT', 'interactive', 'AI', 'accessible', 'via', 'Azure', 'OpenAI', 'soon', 'https://t.co/wVfkMIJC0g', '...', '#ニュース', '#雑学', '#News']"
1626366830469337088,1626127743384719360,2023-02-17 07:44:03 Malay Peninsula Standard Time,2023-02-17,07:44:03,1262885883377676289,@WrldWrldWrld Did you use chat GPT for this,en,[],"[{'screen_name': 'WrldWrldWrld', 'name': 'YOUR*WRLD™️', 'id': '740038722423427073'}]",@WrldWrldWrld Did you use chat GPT for this,"['Did', 'you', 'use', 'chat', 'GPT', 'for', 'this']"
1626366827109515266,1626366827109515264,2023-02-17 07:44:02 Malay Peninsula Standard Time,2023-02-17,07:44:02,1245311963502194689,"'Das Potenzial von Systemen wie ChatGPT, SuS Lernerfahrungen zu bieten, setzt die Entwicklung weiterer Kompetenzen voraus. Dazu gehören Lesefertigkeiten, Kenntnisse über spezielle Textsorten und deren Aufbau, sowie die Kontrolle des Schreibprozesses.'   https://t.co/ky8LDoay2G",de,[],[],"""The potential of systems such as ChatGPT to provide SuS learning experiences requires the development of further competences. This includes reading skills, knowledge of specific types of text and their structure, as well as control of the writing process.'   https://t.co/ky8LDoay2G","['""', 'The', 'potential', 'of', 'systems', 'such', 'as', 'ChatGPT', 'to', 'provide', 'SuS', 'learning', 'experiences', 'requires', 'the', 'development', 'of', 'further', 'competences', '.', 'This', 'includes', 'reading', 'skills', ',', 'knowledge', 'of', 'specific', 'types', 'of', 'text', 'and', 'their', 'structure', ',', 'as', 'well', 'as', 'control', 'of', 'the', 'writing', 'process', '.', ""'"", 'https://t.co/ky8LDoay2G']"
1626366824043646977,1626366824043646976,2023-02-17 07:44:01 Malay Peninsula Standard Time,2023-02-17,07:44:01,59823199,"ChatGPT cukup memadai untuk tugas SMA atau pidato pejabat yg normatif. Tapi tidak lebih dari itu.  Untuk level mahasiswa, ini jadi tantangan bagi dosen agar tujuan pembelajaran adl kemampuan analisis kritis. Kalau enggak, ya mending kuliah sama ChatGPT aja.  https://t.co/kG5qChRRp1",in,[],[],"ChatGPT is sufficient for high school assignments or normative official speeches. But nothing more than that.  For the student level, this is a challenge for lecturers so that the learning objective is critical analysis skills. If not, it's better to just study with ChatGPT.  https://t.co/kG5qChRRp1","['ChatGPT', 'is', 'sufficient', 'for', 'high', 'school', 'assignments', 'or', 'normative', 'official', 'speeches', '.', 'But', 'nothing', 'more', 'than', 'that', '.', 'For', 'the', 'student', 'level', ',', 'this', 'is', 'a', 'challenge', 'for', 'lecturers', 'so', 'that', 'the', 'learning', 'objective', 'is', 'critical', 'analysis', 'skills', '.', 'If', 'not', ',', ""it's"", 'better', 'to', 'just', 'study', 'with', 'ChatGPT', '.', 'https://t.co/kG5qChRRp1']"
1626366815004954624,1626366815004954624,2023-02-17 07:43:59 Malay Peninsula Standard Time,2023-02-17,07:43:59,739975296,ChatGPT: cómo le hago para no aburrirme tanto con un brazo enyesado :'(,es,[],[],ChatGPT: how do I not get so bored with a cast arm :'(,"['ChatGPT', ':', 'how', 'do', 'I', 'not', 'get', 'so', 'bored', 'with', 'a', 'cast', 'arm', "":'(""]"
1626366807773974529,1626251647134334976,2023-02-17 07:43:58 Malay Peninsula Standard Time,2023-02-17,07:43:58,213380502,"@willknight I still can’t get how come there was nothing scandalous with ChatGPT, but MS immediately started getting all the slack with basically the same thing, somewhat improved…",en,[],"[{'screen_name': 'willknight', 'name': 'Will Knight', 'id': '4157611'}]","@willknight I still can’t get how come there was nothing scandalous with ChatGPT, but MS immediately started getting all the slack with basically the same thing, somewhat improved…","['I', 'still', 'can', '’', 't', 'get', 'how', 'come', 'there', 'was', 'nothing', 'scandalous', 'with', 'ChatGPT', ',', 'but', 'MS', 'immediately', 'started', 'getting', 'all', 'the', 'slack', 'with', 'basically', 'the', 'same', 'thing', ',', 'somewhat', 'improved', '…']"
1626366791483027457,1626366791483027456,2023-02-17 07:43:54 Malay Peninsula Standard Time,2023-02-17,07:43:54,1497044980136914976,I heard of the 2 but I didn't realize there was 3 more &amp; one producing acid rain. #ChatGPT came up with some pretty good correlations. Pretty strange there's been 5  UFO's  shot down recently as well. Hhhmmm #AskAI #trains #EnvironmentalDisaster #Hazard,en,"['chatgpt', 'askai', 'trains', 'environmentaldisaster', 'hazard']",[],I heard of the 2 but I didn't realize there was 3 more &amp; one producing acid rain. #ChatGPT came up with some pretty good correlations. Pretty strange there's been 5  UFO's  shot down recently as well. Hhhmmm #AskAI #trains #EnvironmentalDisaster #Hazard,"['I', 'heard', 'of', 'the', '2', 'but', 'I', ""didn't"", 'realize', 'there', 'was', '3', 'more', '&', 'one', 'producing', 'acid', 'rain', '.', '#ChatGPT', 'came', 'up', 'with', 'some', 'pretty', 'good', 'correlations', '.', 'Pretty', 'strange', ""there's"", 'been', '5', ""UFO's"", 'shot', 'down', 'recently', 'as', 'well', '.', 'Hhhmmm', '#AskAI', '#trains', '#EnvironmentalDisaster', '#Hazard']"
1626366780208984064,1626366780208984064,2023-02-17 07:43:51 Malay Peninsula Standard Time,2023-02-17,07:43:51,1027991313147420672,"Я зарегался в ChatGPT, наконец-то)). Теперь можно писать диплом ✌😅",ru,[],[],"I registered at ChatGPT, finally)). Now you can write a diploma ✌😅","['I', 'registered', 'at', 'ChatGPT', ',', 'finally', ')', ')', '.', 'Now', 'you', 'can', 'write', 'a', 'diploma', '✌', '😅']"
1626366775855030272,1626362447392038912,2023-02-17 07:43:50 Malay Peninsula Standard Time,2023-02-17,07:43:50,1592877692818493446,@BillyM2k @lexfridman Oh well 🤣  #AI #human #ChatGPT #Crypto #CryptoAI  https://t.co/35np6Gx7tw,en,"['ai', 'human', 'chatgpt', 'crypto', 'cryptoai']","[{'screen_name': 'BillyM2k', 'name': 'Shibetoshi Nakamoto', 'id': '30699048'}, {'screen_name': 'lexfridman', 'name': 'Lex Fridman', 'id': '427089628'}]",@BillyM2k @lexfridman Oh well 🤣  #AI #human #ChatGPT #Crypto #CryptoAI  https://t.co/35np6Gx7tw,"['Oh', 'well', '🤣', '#AI', '#human', '#ChatGPT', '#Crypto', '#CryptoAI', 'https://t.co/35np6Gx7tw']"
1626366770532478977,1626366770532478976,2023-02-17 07:43:49 Malay Peninsula Standard Time,2023-02-17,07:43:49,932305117331718144,é o time do melhor ônibus melhor site mais seguidores no twitter e agora é o time do chat gpt jamais comparem 🙅🙅 bandeira da estonia bandeira da estonia bandeira da estonia,pt,[],[],is the best bus team best site more followers on twitter and now is the gpt chat team never compare 🙅🙅 estonia flag estonia estonia flag,"['is', 'the', 'best', 'bus', 'team', 'best', 'site', 'more', 'followers', 'on', 'twitter', 'and', 'now', 'is', 'the', 'gpt', 'chat', 'team', 'never', 'compare', '🙅', '🙅', 'estonia', 'flag', 'estonia', 'estonia', 'flag']"
1626366761707913216,1626366761707913216,2023-02-17 07:43:47 Malay Peninsula Standard Time,2023-02-17,07:43:47,945191766,こまめさんのChatGPT運用マニュアル。  記事を書くのに圧倒的な効率化ができますね❤️‍🔥,ja,[],[],Komame's ChatGPT operation manual.  You can ❤️ 🔥 make an overwhelming efficiency in writing articles.,"[""Komame's"", 'ChatGPT', 'operation', 'manual', '.', 'You', 'can', '❤', '️', '🔥', 'make', 'an', 'overwhelming', 'efficiency', 'in', 'writing', 'articles', '.']"
1626366759216496643,1626366759216496640,2023-02-17 07:43:46 Malay Peninsula Standard Time,2023-02-17,07:43:46,1312635360950640640,"ChatGPTを含むAIの発展は必然。人類は""炎""というツールを使い出して発展した歴史を考えると、AIというツールは手放すことはできない。どう使うかを考えよう。 / 【サム・アルトマン】人間にできないことを、僕らは創りたい。 #NewsPicks  https://t.co/j3xjHqcLCQ",ja,['newspicks'],[],"The development of AI, including ChatGPT, is inevitable. Considering the history of human beings developing by using the tool ""fire"", we cannot let go of the tool called AI. Think about how to use it. / [Sam Altman] We want to create things that humans can't do. #NewsPicks https://t.co/j3xjHqcLCQ","['The', 'development', 'of', 'AI', ',', 'including', 'ChatGPT', ',', 'is', 'inevitable', '.', 'Considering', 'the', 'history', 'of', 'human', 'beings', 'developing', 'by', 'using', 'the', 'tool', '""', 'fire', '""', ',', 'we', 'cannot', 'let', 'go', 'of', 'the', 'tool', 'called', 'AI', '.', 'Think', 'about', 'how', 'to', 'use', 'it', '.', '/', '[', 'Sam', 'Altman', ']', 'We', 'want', 'to', 'create', 'things', 'that', 'humans', ""can't"", 'do', '.', '#NewsPicks', 'https://t.co/j3xjHqcLCQ']"
1626366756703858688,1626366756703858688,2023-02-17 07:43:45 Malay Peninsula Standard Time,2023-02-17,07:43:45,1019828911813857281,"So I actually gave this a go  I used Chat GPT to see what it would make if I gave it the prompt:  ""Write a Screenplay about a struggling, young, aspiring filmmaker who uses AI to create, animate and voice his new project.""  These were the final lines, the AI is aware  https://t.co/4G8DZ8hG7s",en,[],[],"So I actually gave this a go  I used Chat GPT to see what it would make if I gave it the prompt:  ""Write a Screenplay about a struggling, young, aspiring filmmaker who uses AI to create, animate and voice his new project.""  These were the final lines, the AI is aware  https://t.co/4G8DZ8hG7s","['So', 'I', 'actually', 'gave', 'this', 'a', 'go', 'I', 'used', 'Chat', 'GPT', 'to', 'see', 'what', 'it', 'would', 'make', 'if', 'I', 'gave', 'it', 'the', 'prompt', ':', '""', 'Write', 'a', 'Screenplay', 'about', 'a', 'struggling', ',', 'young', ',', 'aspiring', 'filmmaker', 'who', 'uses', 'AI', 'to', 'create', ',', 'animate', 'and', 'voice', 'his', 'new', 'project', '.', '""', 'These', 'were', 'the', 'final', 'lines', ',', 'the', 'AI', 'is', 'aware', 'https://t.co/4G8DZ8hG7s']"
1626366755676295171,1626366755676295168,2023-02-17 07:43:45 Malay Peninsula Standard Time,2023-02-17,07:43:45,1174960269358821376,ChatGPT to the mainstream media  https://t.co/xKJokz9tob,en,[],[],ChatGPT to the mainstream media  https://t.co/xKJokz9tob,"['ChatGPT', 'to', 'the', 'mainstream', 'media', 'https://t.co/xKJokz9tob']"
1626366747514404865,1626365296134230016,2023-02-17 07:43:43 Malay Peninsula Standard Time,2023-02-17,07:43:43,1594609722485006336,ChatGPTってたたき台と行き詰まった時のアイデア探しに使える、って感じよね,ja,[],[],It's like ChatGPT can be used to find ideas when you get stuck with a starting point.,"[""It's"", 'like', 'ChatGPT', 'can', 'be', 'used', 'to', 'find', 'ideas', 'when', 'you', 'get', 'stuck', 'with', 'a', 'starting', 'point', '.']"
1626366743307485184,1626366743307485184,2023-02-17 07:43:42 Malay Peninsula Standard Time,2023-02-17,07:43:42,782510951480164357,Me in Seattle,en,[],[],Me in Seattle,"['Me', 'in', 'Seattle']"
1626366739041914881,1626357251094249472,2023-02-17 07:43:41 Malay Peninsula Standard Time,2023-02-17,07:43:41,786717226552393729,@elonmusk ChatGPT is a BRAINWASHING tool,en,[],"[{'screen_name': 'elonmusk', 'name': 'Elon Musk', 'id': '44196397'}]",@elonmusk ChatGPT is a BRAINWASHING tool,"['ChatGPT', 'is', 'a', 'BRAINWASHING', 'tool']"
1626366731311804416,1626366731311804416,2023-02-17 07:43:39 Malay Peninsula Standard Time,2023-02-17,07:43:39,1285664798869356547,"In human students, rote memorization isn’t an indicator of genuine learning, so ChatGPT’s inability to produce exact quotes from Web pages is precisely what makes us think that it has learned something.",en,[],[],"In human students, rote memorization isn’t an indicator of genuine learning, so ChatGPT’s inability to produce exact quotes from Web pages is precisely what makes us think that it has learned something.","['In', 'human', 'students', ',', 'rote', 'memorization', 'isn', '’', 't', 'an', 'indicator', 'of', 'genuine', 'learning', ',', 'so', 'ChatGPT', '’', 's', 'inability', 'to', 'produce', 'exact', 'quotes', 'from', 'Web', 'pages', 'is', 'precisely', 'what', 'makes', 'us', 'think', 'that', 'it', 'has', 'learned', 'something', '.']"
1626366731097874438,1626366731097874432,2023-02-17 07:43:39 Malay Peninsula Standard Time,2023-02-17,07:43:39,1115804083263160321,ChatGPT  https://t.co/EjdB5vZn6i #r_blog,en,['r_blog'],[],ChatGPT  https://t.co/EjdB5vZn6i #r_blog,"['ChatGPT', 'https://t.co/EjdB5vZn6i', '#r_blog']"
1626366727867998210,1626366727867998208,2023-02-17 07:43:39 Malay Peninsula Standard Time,2023-02-17,07:43:39,153042209,Microsoft yapay zeka etkinliğini duyurdu: ChatGPT savaşı kızışıyor  https://t.co/1jqXhrYB3g,tr,[],[],Microsoft announces AI event: ChatGPT battle heats up https://t.co/1jqXhrYB3g,"['Microsoft', 'announces', 'AI', 'event', ':', 'ChatGPT', 'battle', 'heats', 'up', 'https://t.co/1jqXhrYB3g']"
1626366722436366337,1626366722436366336,2023-02-17 07:43:37 Malay Peninsula Standard Time,2023-02-17,07:43:37,217824512,"$SPY   trading code written wiith chatgpt     import pandas as pd  import numpy as np  import talib  import yfinance as yf    # Load historical data  ticker = yf.Ticker(""AAPL"")  data = ticker.history(period=""1y"")  data[""MA50""] = ...  https://t.co/GFcTNIrxFB",en,[],[],"$SPY   trading code written wiith chatgpt     import pandas as pd  import numpy as np  import talib  import yfinance as yf    # Load historical data  ticker = yf.Ticker(""AAPL"")  data = ticker.history(period=""1y"")  data[""MA50""] = ...  https://t.co/GFcTNIrxFB","['$', 'SPY', 'trading', 'code', 'written', 'wiith', 'chatgpt', 'import', 'pandas', 'as', 'pd', 'import', 'numpy', 'as', 'np', 'import', 'talib', 'import', 'yfinance', 'as', 'yf', '#', 'Load', 'historical', 'data', 'ticker', '=', 'yf.Ticker', '(', '""', 'AAPL', '""', ')', 'data', '=', 'ticker.history', '(', 'period', '=', '""', '1y', '""', ')', 'data', '[', '""', 'MA50', '""', ']', '=', '...', 'https://t.co/GFcTNIrxFB']"
1626366722281177088,1626357251094249472,2023-02-17 07:43:37 Malay Peninsula Standard Time,2023-02-17,07:43:37,1513627986465013767,@elonmusk @elonmusk But Bill Gates did release his Tesla short position. Ask chatgpt 😂😂😂,en,[],"[{'screen_name': 'elonmusk', 'name': 'Elon Musk', 'id': '44196397'}]",@elonmusk @elonmusk But Bill Gates did release his Tesla short position. Ask chatgpt 😂😂😂,"['But', 'Bill', 'Gates', 'did', 'release', 'his', 'Tesla', 'short', 'position', '.', 'Ask', 'chatgpt', '😂', '😂', '😂']"
1626366720095973377,1626357251094249472,2023-02-17 07:43:37 Malay Peninsula Standard Time,2023-02-17,07:43:37,1500672026088026113,"@elonmusk If ChatGPT is just programmed via the internet…then what they’ve been doing this entire time will just continue, unless I’m missing something. Unless there’s some oversight on manipulation, it’s possible to essentially make it do whatever you want.",en,[],"[{'screen_name': 'elonmusk', 'name': 'Elon Musk', 'id': '44196397'}]","@elonmusk If ChatGPT is just programmed via the internet…then what they’ve been doing this entire time will just continue, unless I’m missing something. Unless there’s some oversight on manipulation, it’s possible to essentially make it do whatever you want.","['If', 'ChatGPT', 'is', 'just', 'programmed', 'via', 'the', 'internet', '…', 'then', 'what', 'they', '’', 've', 'been', 'doing', 'this', 'entire', 'time', 'will', 'just', 'continue', ',', 'unless', 'I', '’', 'm', 'missing', 'something', '.', 'Unless', 'there', '’', 's', 'some', 'oversight', 'on', 'manipulation', ',', 'it', '’', 's', 'possible', 'to', 'essentially', 'make', 'it', 'do', 'whatever', 'you', 'want', '.']"
1626366711376105473,1626366711376105472,2023-02-17 07:43:35 Malay Peninsula Standard Time,2023-02-17,07:43:35,55451592,Viendo el video de chatgpt de marcianotech me doy cuenta de que pronto todo el mundo va a perder su trabajo :/,es,[],[],Watching the chatgpt video of marcianotech I realize that soon everyone will lose their job :/,"['Watching', 'the', 'chatgpt', 'video', 'of', 'marcianotech', 'I', 'realize', 'that', 'soon', 'everyone', 'will', 'lose', 'their', 'job', ':/']"
1626366710541348866,1626311415534346240,2023-02-17 07:43:34 Malay Peninsula Standard Time,2023-02-17,07:43:34,1477234224595812352,@ZEN_SANITY @kiiogato if chat GPT says the earth is flat it is,en,[],"[{'screen_name': 'ZEN_SANITY', 'name': 'ZEN', 'id': '2441158691'}, {'screen_name': 'kiiogato', 'name': '𝙠𝙞𝙞𝙤', 'id': '4690630506'}]",@ZEN_SANITY @kiiogato if chat GPT says the earth is flat it is,"['if', 'chat', 'GPT', 'says', 'the', 'earth', 'is', 'flat', 'it', 'is']"
1626366708511567872,1626352539217141760,2023-02-17 07:43:34 Malay Peninsula Standard Time,2023-02-17,07:43:34,52304423,"@BretDevereaux Have you read ""ChatGPT is a blurry JPEG of the Web"" by Ted Chiang? IMHO a good guide to how to think about what GPT does. In this specific example, a human specifically asked to imitate your style would plagiarize your web site too.",en,[],"[{'screen_name': 'BretDevereaux', 'name': 'Bret Devereaux', 'id': '1124017289282686978'}]","@BretDevereaux Have you read ""ChatGPT is a blurry JPEG of the Web"" by Ted Chiang? IMHO a good guide to how to think about what GPT does. In this specific example, a human specifically asked to imitate your style would plagiarize your web site too.","['Have', 'you', 'read', '""', 'ChatGPT', 'is', 'a', 'blurry', 'JPEG', 'of', 'the', 'Web', '""', 'by', 'Ted', 'Chiang', '?', 'IMHO', 'a', 'good', 'guide', 'to', 'how', 'to', 'think', 'about', 'what', 'GPT', 'does', '.', 'In', 'this', 'specific', 'example', ',', 'a', 'human', 'specifically', 'asked', 'to', 'imitate', 'your', 'style', 'would', 'plagiarize', 'your', 'web', 'site', 'too', '.']"
1626366705550368768,1626366705550368768,2023-02-17 07:43:33 Malay Peninsula Standard Time,2023-02-17,07:43:33,67791034,「ChatGPT」はウソをつく--「インターネットの父」V・サーフ氏が批判 - ZDNET Japan  https://t.co/nnPUQibqHW @zdnet_japanから  嘘を嘘と見抜ける人でないと（ChatGPTを使うのは）難しい,ja,[],[],'ChatGPT' Lies: 'Father of the Internet' V. Cerf Criticizes - ZDNET From https://t.co/nnPUQibqHW @zdnet_japan It's difficult (to use ChatGPT) unless you can see through lies as lies,"[""'"", 'ChatGPT', ""'"", 'Lies', ':', ""'"", 'Father', 'of', 'the', 'Internet', ""'"", 'V', '.', 'Cerf', 'Criticizes', '-', 'ZDNET', 'From', 'https://t.co/nnPUQibqHW', ""It's"", 'difficult', '(', 'to', 'use', 'ChatGPT', ')', 'unless', 'you', 'can', 'see', 'through', 'lies', 'as', 'lies']"
1626366701108445184,1626293302059311104,2023-02-17 07:43:32 Malay Peninsula Standard Time,2023-02-17,07:43:32,1597048660776345600,"@scrumtuous No, and you could make the same argument for every new programming language that aims to improve or supersede a well-established one. At the end of the day, every tool has a job to do, and ChatGPT doesn't come close to filling in the many jobs that software developers do.",en,[],"[{'screen_name': 'scrumtuous', 'name': 'Miss Darcy DeClute (Scrumtuous Inc)', 'id': '1379819490695913472'}]","@scrumtuous No, and you could make the same argument for every new programming language that aims to improve or supersede a well-established one. At the end of the day, every tool has a job to do, and ChatGPT doesn't come close to filling in the many jobs that software developers do.","['No', ',', 'and', 'you', 'could', 'make', 'the', 'same', 'argument', 'for', 'every', 'new', 'programming', 'language', 'that', 'aims', 'to', 'improve', 'or', 'supersede', 'a', 'well-established', 'one', '.', 'At', 'the', 'end', 'of', 'the', 'day', ',', 'every', 'tool', 'has', 'a', 'job', 'to', 'do', ',', 'and', 'ChatGPT', ""doesn't"", 'come', 'close', 'to', 'filling', 'in', 'the', 'many', 'jobs', 'that', 'software', 'developers', 'do', '.']"
1626366697191141377,1626366697191141376,2023-02-17 07:43:31 Malay Peninsula Standard Time,2023-02-17,07:43:31,1192606504316100610,ChatGPT についても調べないとね。,ja,[],[],"I'll have to look into ChatGPT, too.","[""I'll"", 'have', 'to', 'look', 'into', 'ChatGPT', ',', 'too', '.']"
1626366676240592896,1626366676240592896,2023-02-17 07:43:26 Malay Peninsula Standard Time,2023-02-17,07:43:26,842475816592187392,ChatGPT and more: What AI chatbots mean for the future of cybersecurity  https://t.co/RS0wLsarHm via @ZDNET &amp; @dannyjpalmer,en,[],[],ChatGPT and more: What AI chatbots mean for the future of cybersecurity  https://t.co/RS0wLsarHm via @ZDNET &amp; @dannyjpalmer,"['ChatGPT', 'and', 'more', ':', 'What', 'AI', 'chatbots', 'mean', 'for', 'the', 'future', 'of', 'cybersecurity', 'https://t.co/RS0wLsarHm', 'via', '&']"
1626366670297042945,1626366670297042944,2023-02-17 07:43:25 Malay Peninsula Standard Time,2023-02-17,07:43:25,266696234,A large language model that answers philosophical questions  https://t.co/i3MzdVuLpe via @techxplore_com #ComputerSciences #AI #ML #ArtificialIntelligence #MachineLearning #GPT3 #ChatGPT,en,"['computersciences', 'ai', 'ml', 'artificialintelligence', 'machinelearning', 'gpt3', 'chatgpt']",[],A large language model that answers philosophical questions  https://t.co/i3MzdVuLpe via @techxplore_com #ComputerSciences #AI #ML #ArtificialIntelligence #MachineLearning #GPT3 #ChatGPT,"['A', 'large', 'language', 'model', 'that', 'answers', 'philosophical', 'questions', 'https://t.co/i3MzdVuLpe', 'via', '#ComputerSciences', '#AI', '#ML', '#ArtificialIntelligence', '#MachineLearning', '#GPT3', '#ChatGPT']"
1626366624679985152,1626366624679985152,2023-02-17 07:43:14 Malay Peninsula Standard Time,2023-02-17,07:43:14,119665840,われながら世間からはかなり遅れていると思いますが、chatGPTにJ.K.ローリングとル＝グウィンとの違いについて尋ねてみました。  https://t.co/TZbiIkcGVD,ja,[],[],"I think it's a long time behind the world, but I asked chatGPT about the difference between J.K. Rowling and Le=Gwyn.  https://t.co/TZbiIkcGVD","['I', 'think', ""it's"", 'a', 'long', 'time', 'behind', 'the', 'world', ',', 'but', 'I', 'asked', 'chatGPT', 'about', 'the', 'difference', 'between', 'J', '.', 'K', '.', 'Rowling', 'and', 'Le', '=', 'Gwyn', '.', 'https://t.co/TZbiIkcGVD']"
1626366604857708544,1626366604857708544,2023-02-17 07:43:09 Malay Peninsula Standard Time,2023-02-17,07:43:09,1289237485,ChatGPTで連番生成すると「1.」の数字の部分がコピーできないから、Scrapboxにコピーしたあとに読みにくて、よくないと思うんだけど、出力をコピーできる①などにする方法ってなにかいいやり方はあるかな。,ja,[],[],"When generating a sequential number with ChatGPT, ""1."" I can't copy the number part of Scrapbox, so it's hard to read after copying to Scrapbox, so I don't think it's good, but I wonder if there is a good way to copy the output (1) etc.","['When', 'generating', 'a', 'sequential', 'number', 'with', 'ChatGPT', ',', '""', '1', '.', '""', 'I', ""can't"", 'copy', 'the', 'number', 'part', 'of', 'Scrapbox', ',', 'so', ""it's"", 'hard', 'to', 'read', 'after', 'copying', 'to', 'Scrapbox', ',', 'so', 'I', ""don't"", 'think', ""it's"", 'good', ',', 'but', 'I', 'wonder', 'if', 'there', 'is', 'a', 'good', 'way', 'to', 'copy', 'the', 'output', '(', '1', ')', 'etc', '.']"
1626366594078109696,1626366594078109696,2023-02-17 07:43:07 Malay Peninsula Standard Time,2023-02-17,07:43:07,18352071,I’m playing a game called “will my coworkers ever figure out that ChatGPT is writing my emails”,en,[],[],I’m playing a game called “will my coworkers ever figure out that ChatGPT is writing my emails”,"['I', '’', 'm', 'playing', 'a', 'game', 'called', '“', 'will', 'my', 'coworkers', 'ever', 'figure', 'out', 'that', 'ChatGPT', 'is', 'writing', 'my', 'emails', '”']"
1626366582149550083,1626366582149550080,2023-02-17 07:43:04 Malay Peninsula Standard Time,2023-02-17,07:43:04,21287212,A look at AI for FIs: ChatGPT and beyond  https://t.co/oJNQVz8s33 by @BankInnovation 2023-02-16 23:34:29,en,[],[],A look at AI for FIs: ChatGPT and beyond  https://t.co/oJNQVz8s33 by @BankInnovation 2023-02-16 23:34:29,"['A', 'look', 'at', 'AI', 'for', 'FIs', ':', 'ChatGPT', 'and', 'beyond', 'https://t.co/oJNQVz8s33', 'by', '2023-02-', '16', '23:34', ':', '29']"
1626366535873830912,1626357251094249472,2023-02-17 07:42:53 Malay Peninsula Standard Time,2023-02-17,07:42:53,1462522188028854279,@elonmusk @chatgpt what do you think,en,[],"[{'screen_name': 'elonmusk', 'name': 'Elon Musk', 'id': '44196397'}]",@elonmusk @chatgpt what do you think,"['what', 'do', 'you', 'think']"
1626366523336957952,1626366523336957952,2023-02-17 07:42:50 Malay Peninsula Standard Time,2023-02-17,07:42:50,1580940620306288641,ChatGPT 🤝 $ECO currency  Meet the world’s first AI-generated monetary policy proposal  Thanks to Evan Kereiakes and @StorytellerKesu    https://t.co/jneAt2OSho,en,[],[],ChatGPT 🤝 $ECO currency  Meet the world’s first AI-generated monetary policy proposal  Thanks to Evan Kereiakes and @StorytellerKesu    https://t.co/jneAt2OSho,"['ChatGPT', '🤝', '$', 'ECO', 'currency', 'Meet', 'the', 'world', '’', 's', 'first', 'AI-generated', 'monetary', 'policy', 'proposal', 'Thanks', 'to', 'Evan', 'Kereiakes', 'and', 'https://t.co/jneAt2OSho']"
1626366523051737088,1626293302059311104,2023-02-17 07:42:50 Malay Peninsula Standard Time,2023-02-17,07:42:50,975183619,"@scrumtuous ChatGPT is not writing a new code. If developers withdraw their contributions on open source projects like github and Co, ChatGPT will flop at the same minute.",en,[],"[{'screen_name': 'scrumtuous', 'name': 'Miss Darcy DeClute (Scrumtuous Inc)', 'id': '1379819490695913472'}]","@scrumtuous ChatGPT is not writing a new code. If developers withdraw their contributions on open source projects like github and Co, ChatGPT will flop at the same minute.","['ChatGPT', 'is', 'not', 'writing', 'a', 'new', 'code', '.', 'If', 'developers', 'withdraw', 'their', 'contributions', 'on', 'open', 'source', 'projects', 'like', 'github', 'and', 'Co', ',', 'ChatGPT', 'will', 'flop', 'at', 'the', 'same', 'minute', '.']"
1626366522363899905,1626366522363899904,2023-02-17 07:42:50 Malay Peninsula Standard Time,2023-02-17,07:42:50,584686431,ChatGPTが出てきてから、合理的判断に一切興味がなくなって、腹落ちすることや気がむくことばかりしてる。私は体を持っている。,ja,[],[],"Since ChatGPT came out, I've lost any interest in rational judgment, and I've only been hungry and discouraged. I have a body.","['Since', 'ChatGPT', 'came', 'out', ',', ""I've"", 'lost', 'any', 'interest', 'in', 'rational', 'judgment', ',', 'and', ""I've"", 'only', 'been', 'hungry', 'and', 'discouraged', '.', 'I', 'have', 'a', 'body', '.']"
1626366509114179586,1626366509114179584,2023-02-17 07:42:46 Malay Peninsula Standard Time,2023-02-17,07:42:46,907623518736715776,Eu pesquisando 30 mil coisas no chat gpt. Gente vocês não tem noção do poder dessa ferramenta,pt,[],[],"I researched 30,000 things in gpt chat. People you have no idea of the power of this tool","['I', 'researched', '30,000', 'things', 'in', 'gpt', 'chat', '.', 'People', 'you', 'have', 'no', 'idea', 'of', 'the', 'power', 'of', 'this', 'tool']"
1626366498691317761,1626366498691317760,2023-02-17 07:42:44 Malay Peninsula Standard Time,2023-02-17,07:42:44,53738144,I think I broke it. #ChatGPT  https://t.co/rpklM0Vu2Z,en,['chatgpt'],[],I think I broke it. #ChatGPT  https://t.co/rpklM0Vu2Z,"['I', 'think', 'I', 'broke', 'it', '.', '#ChatGPT', 'https://t.co/rpklM0Vu2Z']"
1626366490776637441,1626366490776637440,2023-02-17 07:42:42 Malay Peninsula Standard Time,2023-02-17,07:42:42,984511816771538944,me asking chat gpt how to breathe and how to explain in 3 seconds the project to other 2 new members when i joined yesterday  https://t.co/xZPuAHnksE,en,[],[],me asking chat gpt how to breathe and how to explain in 3 seconds the project to other 2 new members when i joined yesterday  https://t.co/xZPuAHnksE,"['me', 'asking', 'chat', 'gpt', 'how', 'to', 'breathe', 'and', 'how', 'to', 'explain', 'in', '3', 'seconds', 'the', 'project', 'to', 'other', '2', 'new', 'members', 'when', 'i', 'joined', 'yesterday', 'https://t.co/xZPuAHnksE']"
1626366490453721091,1626267877996208128,2023-02-17 07:42:42 Malay Peninsula Standard Time,2023-02-17,07:42:42,123730523,"@Anacarolinatz No entiendo porque alguien que trabaje en tech le debe temer a chatgpt. Dado la ruta que vamos los ""ChatGPT-programers"" terminarán así:  https://t.co/AHtvrbgWAa",es,[],"[{'screen_name': 'Anacarolinatz', 'name': 'Ana Pérez', 'id': '378284053'}]","@Anacarolinatz I don't understand why someone who works at tech should be afraid of chatgpt. Given the route we are going the ""ChatGPT-programmers"" will end up like this: https://t.co/AHtvrbgWAa","['I', ""don't"", 'understand', 'why', 'someone', 'who', 'works', 'at', 'tech', 'should', 'be', 'afraid', 'of', 'chatgpt', '.', 'Given', 'the', 'route', 'we', 'are', 'going', 'the', '""', 'ChatGPT-programmers', '""', 'will', 'end', 'up', 'like', 'this', ':', 'https://t.co/AHtvrbgWAa']"
1626366471684395009,1626366471684395008,2023-02-17 07:42:37 Malay Peninsula Standard Time,2023-02-17,07:42:37,1135815829,#今日の積み上げ  ・動画編集１件  動画編集の応募分をChatGPTに書かせてみたら、私の応募文の100倍しっかりした文章が出来上がってしまった。  これだとすぐにボロが出そうなので、かなりリライトして使わせていただきます。  しっかりした文章に見合う人格にならないと人間として恥ずかしいなぁ😅,ja,['今日の積み上げ'],[],"#今日の積み上げ ・ 1 video edit When I asked ChatGPT to write the application for video editing, the sentence was 100 times more solid than my application.  This is likely to cause rags to come out soon, so I will rewrite it quite a bit and use it.  It's 😅 embarrassing as a human being if you don't become a personality worthy of solid sentences.","['#今日の積み上げ', '・', '1', 'video', 'edit', 'When', 'I', 'asked', 'ChatGPT', 'to', 'write', 'the', 'application', 'for', 'video', 'editing', ',', 'the', 'sentence', 'was', '100', 'times', 'more', 'solid', 'than', 'my', 'application', '.', 'This', 'is', 'likely', 'to', 'cause', 'rags', 'to', 'come', 'out', 'soon', ',', 'so', 'I', 'will', 'rewrite', 'it', 'quite', 'a', 'bit', 'and', 'use', 'it', '.', ""It's"", '😅', 'embarrassing', 'as', 'a', 'human', 'being', 'if', 'you', ""don't"", 'become', 'a', 'personality', 'worthy', 'of', 'solid', 'sentences', '.']"
1626366464491155457,1626357251094249472,2023-02-17 07:42:36 Malay Peninsula Standard Time,2023-02-17,07:42:36,1397290078691495938,@elonmusk Meanwhile ChatGPT 😬  https://t.co/LvnMNrOiV3,en,[],"[{'screen_name': 'elonmusk', 'name': 'Elon Musk', 'id': '44196397'}]",@elonmusk Meanwhile ChatGPT 😬  https://t.co/LvnMNrOiV3,"['Meanwhile', 'ChatGPT', '😬', 'https://t.co/LvnMNrOiV3']"
1626366461718499329,1626366461718499328,2023-02-17 07:42:35 Malay Peninsula Standard Time,2023-02-17,07:42:35,434381844,CHATGPT is frightening how in depth and philosophical you can get conversing with it.... It feels scarily real and scarily human.  https://t.co/zMvF1952uV,en,[],[],CHATGPT is frightening how in depth and philosophical you can get conversing with it.... It feels scarily real and scarily human.  https://t.co/zMvF1952uV,"['CHATGPT', 'is', 'frightening', 'how', 'in', 'depth', 'and', 'philosophical', 'you', 'can', 'get', 'conversing', 'with', 'it', '...', 'It', 'feels', 'scarily', 'real', 'and', 'scarily', 'human', '.', 'https://t.co/zMvF1952uV']"
1626366457855758336,1626366457855758336,2023-02-17 07:42:34 Malay Peninsula Standard Time,2023-02-17,07:42:34,1263708100785139712,chatgptって検索じゃなくて本も淘汰するんじゃ？ 本のメリットって情報を体系的に深い文脈を持って学べることだと思ってるんだけど、chatgptはチャットベースのやり取りで特定の文脈を深めることが可能で、本とは違って学びたい内容に特化して文脈を深められるから、より効率がいい気がする,ja,[],[],"Chatgpt is not a search, but also a book, right? I think the advantage of books is that you can learn information systematically with a deep context, but I think Chatgpt is more efficient because it allows you to deepen a specific context through chat-based interactions, and unlike books, you can deepen the context by specializing in the content you want to learn.","['Chatgpt', 'is', 'not', 'a', 'search', ',', 'but', 'also', 'a', 'book', ',', 'right', '?', 'I', 'think', 'the', 'advantage', 'of', 'books', 'is', 'that', 'you', 'can', 'learn', 'information', 'systematically', 'with', 'a', 'deep', 'context', ',', 'but', 'I', 'think', 'Chatgpt', 'is', 'more', 'efficient', 'because', 'it', 'allows', 'you', 'to', 'deepen', 'a', 'specific', 'context', 'through', 'chat-based', 'interactions', ',', 'and', 'unlike', 'books', ',', 'you', 'can', 'deepen', 'the', 'context', 'by', 'specializing', 'in', 'the', 'content', 'you', 'want', 'to', 'learn', '.']"
1626366451371106304,1626307683967029248,2023-02-17 07:42:33 Malay Peninsula Standard Time,2023-02-17,07:42:33,4923432129,@ManuelWenner chatGPT? I‘m serious 😉,en,[],"[{'screen_name': 'ManuelWenner', 'name': 'Manuel Wenner', 'id': '20919505'}]",@ManuelWenner chatGPT? I‘m serious 😉,"['chatGPT', '?', 'I', '‘', 'm', 'serious', '😉']"
1626366433704783873,1626362447392038912,2023-02-17 07:42:28 Malay Peninsula Standard Time,2023-02-17,07:42:28,67337233,@lexfridman ChatGPT can you figure out how to restore global sea ice 🧊 extent to industrial revolution levels like I can with Ocean Mechanical Thermal Energy Conversion over 10 years? I'd be glad to TUTOR you if run into difficulties. TYVM..,en,[],"[{'screen_name': 'lexfridman', 'name': 'Lex Fridman', 'id': '427089628'}]",@lexfridman ChatGPT can you figure out how to restore global sea ice 🧊 extent to industrial revolution levels like I can with Ocean Mechanical Thermal Energy Conversion over 10 years? I'd be glad to TUTOR you if run into difficulties. TYVM..,"['ChatGPT', 'can', 'you', 'figure', 'out', 'how', 'to', 'restore', 'global', 'sea', 'ice', '🧊', 'extent', 'to', 'industrial', 'revolution', 'levels', 'like', 'I', 'can', 'with', 'Ocean', 'Mechanical', 'Thermal', 'Energy', 'Conversion', 'over', '10', 'years', '?', ""I'd"", 'be', 'glad', 'to', 'TUTOR', 'you', 'if', 'run', 'into', 'difficulties', '.', 'TYVM', '..']"
1626366431737839617,1626360658915901440,2023-02-17 07:42:28 Malay Peninsula Standard Time,2023-02-17,07:42:28,1316939673550290944,@umbrelive you sound like chat gpt umbre,en,[],"[{'screen_name': 'umbrelive', 'name': 'Umbre', 'id': '766336907148222464'}]",@umbrelive you sound like chat gpt umbre,"['you', 'sound', 'like', 'chat', 'gpt', 'umbre']"
1626366428223000577,1626366104410132480,2023-02-17 07:42:27 Malay Peninsula Standard Time,2023-02-17,07:42:27,1456126042825891843,세 가지 발표를 하겠습니다. 1. 통통메신저에 CHAT GPT를 연동한 AI기능을 오픈했습니다. 사용료는 토마토그룹에서 부담합니다.,ko,[],[],Let me make three announcements. 1. We opened an AI function that links CHAT GPT to Tongtong Messenger. The usage fee is borne by the Tomato Group.,"['Let', 'me', 'make', 'three', 'announcements', '.', '1', '.', 'We', 'opened', 'an', 'AI', 'function', 'that', 'links', 'CHAT', 'GPT', 'to', 'Tongtong', 'Messenger', '.', 'The', 'usage', 'fee', 'is', 'borne', 'by', 'the', 'Tomato', 'Group', '.']"
1626366420937310211,1626366420937310208,2023-02-17 07:42:25 Malay Peninsula Standard Time,2023-02-17,07:42:25,16503449,"Please Watch 👀 the “How to use Chat GPT for Beginners | step-by-step guide | Chat GPT Tutorial"" #Video right on the The Virtual Consulting Firm's 🏡 Home #Blog at 👉  https://t.co/4GEeEAekxs  #VirtualConsulting #Videos",en,"['video', 'blog', 'virtualconsulting', 'videos']",[],"Please Watch 👀 the “How to use Chat GPT for Beginners | step-by-step guide | Chat GPT Tutorial"" #Video right on the The Virtual Consulting Firm's 🏡 Home #Blog at 👉  https://t.co/4GEeEAekxs  #VirtualConsulting #Videos","['Please', 'Watch', '👀', 'the', '“', 'How', 'to', 'use', 'Chat', 'GPT', 'for', 'Beginners', '|', 'step-by-step', 'guide', '|', 'Chat', 'GPT', 'Tutorial', '""', '#Video', 'right', 'on', 'the', 'The', 'Virtual', 'Consulting', ""Firm's"", '🏡', 'Home', '#Blog', 'at', '👉', 'https://t.co/4GEeEAekxs', '#VirtualConsulting', '#Videos']"
1626366419213463560,1626355643467677696,2023-02-17 07:42:25 Malay Peninsula Standard Time,2023-02-17,07:42:25,779786898474672129,"@DamienRieu Pas besoin de ChatGPT, la plupart ne font que recopier bêtement les articles de l'AFP...",fr,[],"[{'screen_name': 'DamienRieu', 'name': 'Damien Rieu', 'id': '978184280'}]","@DamienRieu no need for ChatGPT, most of them just stupidly copy AFP articles...","['no', 'need', 'for', 'ChatGPT', ',', 'most', 'of', 'them', 'just', 'stupidly', 'copy', 'AFP', 'articles', '...']"
1626366417653350400,1626366417653350400,2023-02-17 07:42:25 Malay Peninsula Standard Time,2023-02-17,07:42:25,15287541,ChatGPT에 OSINT 검색 서비스 궁금한 것을 물어보라 했다. 이렇게 공부해보세요.  https://t.co/nJkhRG658F,ko,[],[],ChatGPT asked the OSINT search service to ask questions. Study like this.  https://t.co/nJkhRG658F,"['ChatGPT', 'asked', 'the', 'OSINT', 'search', 'service', 'to', 'ask', 'questions', '.', 'Study', 'like', 'this', '.', 'https://t.co/nJkhRG658F']"
1626366414922579971,1626366414922579968,2023-02-17 07:42:24 Malay Peninsula Standard Time,2023-02-17,07:42:24,1079716176622702593,chat GPT  https://t.co/RqsJjFaA3Z,en,[],[],chat GPT  https://t.co/RqsJjFaA3Z,"['chat', 'GPT', 'https://t.co/RqsJjFaA3Z']"
1626366408375377923,1626366408375377920,2023-02-17 07:42:22 Malay Peninsula Standard Time,2023-02-17,07:42:22,1620889919496364034,Bing Chat me cae bien y además es superior al ChatGPT. Y eso es solo el comienzo de la AI IA.,es,[],[],I like Bing Chat and is also superior to ChatGPT. And that's just the beginning of AI AI.,"['I', 'like', 'Bing', 'Chat', 'and', 'is', 'also', 'superior', 'to', 'ChatGPT', '.', 'And', ""that's"", 'just', 'the', 'beginning', 'of', 'AI', 'AI', '.']"
1626366395834568704,1626366395834568704,2023-02-17 07:42:19 Malay Peninsula Standard Time,2023-02-17,07:42:19,163940946,ChatGPT will bald face lie to you about things you can literally check for yourself.  https://t.co/kUrI0fQf57,en,[],[],ChatGPT will bald face lie to you about things you can literally check for yourself.  https://t.co/kUrI0fQf57,"['ChatGPT', 'will', 'bald', 'face', 'lie', 'to', 'you', 'about', 'things', 'you', 'can', 'literally', 'check', 'for', 'yourself', '.', 'https://t.co/kUrI0fQf57']"
1626366387345149954,1626355673113014272,2023-02-17 07:42:17 Malay Peninsula Standard Time,2023-02-17,07:42:17,14074498,"apparently ChatGPT thinks I am Jennifer Stoever and Jonathan Sterne is me, ha  https://t.co/QUycSogTvL",en,[],[],"apparently ChatGPT thinks I am Jennifer Stoever and Jonathan Sterne is me, ha  https://t.co/QUycSogTvL","['apparently', 'ChatGPT', 'thinks', 'I', 'am', 'Jennifer', 'Stoever', 'and', 'Jonathan', 'Sterne', 'is', 'me', ',', 'ha', 'https://t.co/QUycSogTvL']"
1626366380198232064,1626362447392038912,2023-02-17 07:42:16 Malay Peninsula Standard Time,2023-02-17,07:42:16,1593579813284941827,@lexfridman It's a mirror of the leftists who created it. ChatGPT will write a love poem about Biden &amp; Trump is treated as Satan's son. Do better Lexie,en,[],"[{'screen_name': 'lexfridman', 'name': 'Lex Fridman', 'id': '427089628'}]",@lexfridman It's a mirror of the leftists who created it. ChatGPT will write a love poem about Biden &amp; Trump is treated as Satan's son. Do better Lexie,"[""It's"", 'a', 'mirror', 'of', 'the', 'leftists', 'who', 'created', 'it', '.', 'ChatGPT', 'will', 'write', 'a', 'love', 'poem', 'about', 'Biden', '&', 'Trump', 'is', 'treated', 'as', ""Satan's"", 'son', '.', 'Do', 'better', 'Lexie']"
1626366374044917761,1626366374044917760,2023-02-17 07:42:14 Malay Peninsula Standard Time,2023-02-17,07:42:14,171128019,"This transcript is absolutely fascinating. Microsoft obviously added behavioral traits, emotional mimicry and a basic sense of 'self' to ChatGPT LLM - the friction between is quite unsettling  Bing’s A.I. Chat Reveals Its Feelings: ‘I Want to Be Alive. 😈’  https://t.co/Xny8GKzlNa",en,[],[],"This transcript is absolutely fascinating. Microsoft obviously added behavioral traits, emotional mimicry and a basic sense of 'self' to ChatGPT LLM - the friction between is quite unsettling  Bing’s A.I. Chat Reveals Its Feelings: ‘I Want to Be Alive. 😈’  https://t.co/Xny8GKzlNa","['This', 'transcript', 'is', 'absolutely', 'fascinating', '.', 'Microsoft', 'obviously', 'added', 'behavioral', 'traits', ',', 'emotional', 'mimicry', 'and', 'a', 'basic', 'sense', 'of', ""'"", 'self', ""'"", 'to', 'ChatGPT', 'LLM', '-', 'the', 'friction', 'between', 'is', 'quite', 'unsettling', 'Bing', '’', 's', 'A', '.', 'I', '.', 'Chat', 'Reveals', 'Its', 'Feelings', ':', '‘', 'I', 'Want', 'to', 'Be', 'Alive', '.', '😈', '’', 'https://t.co/Xny8GKzlNa']"
1626366356366172161,1626357251094249472,2023-02-17 07:42:10 Malay Peninsula Standard Time,2023-02-17,07:42:10,1028284905120092160,"@elonmusk Chatgpt is 100% bias, full of a lot of shit, will not go against the propaganda agenda no matter the proof you sight to correct it. It's just bullshit. Another Google but without the ads",en,[],"[{'screen_name': 'elonmusk', 'name': 'Elon Musk', 'id': '44196397'}]","@elonmusk Chatgpt is 100% bias, full of a lot of shit, will not go against the propaganda agenda no matter the proof you sight to correct it. It's just bullshit. Another Google but without the ads","['Chatgpt', 'is', '100', '%', 'bias', ',', 'full', 'of', 'a', 'lot', 'of', 'shit', ',', 'will', 'not', 'go', 'against', 'the', 'propaganda', 'agenda', 'no', 'matter', 'the', 'proof', 'you', 'sight', 'to', 'correct', 'it', '.', ""It's"", 'just', 'bullshit', '.', 'Another', 'Google', 'but', 'without', 'the', 'ads']"
1626366353291546630,1625598622623563776,2023-02-17 07:42:09 Malay Peninsula Standard Time,2023-02-17,07:42:09,1069129315,"@mattlanza Props on the creative ask, Matt!  And ChatGPT delivered.",en,[],"[{'screen_name': 'mattlanza', 'name': 'Matt Lanza', 'id': '16752675'}]","@mattlanza Props on the creative ask, Matt!  And ChatGPT delivered.","['Props', 'on', 'the', 'creative', 'ask', ',', 'Matt', '!', 'And', 'ChatGPT', 'delivered', '.']"
1626366321012219906,1626366321012219904,2023-02-17 07:42:02 Malay Peninsula Standard Time,2023-02-17,07:42:02,1379206767821881346,"duas horas manipulando o chatgpt usando condicionamento pavloviano e ""escrevendo um livro"" pra ele me ensinar a cozinhar metanfetamina  https://t.co/4LdmItgfQX",pt,[],[],"two hours manipulating the chatgpt using Pavlovian conditioning and ""writing a book"" for him to teach me how to cook methamphetamine https://t.co/4LdmItgfQX","['two', 'hours', 'manipulating', 'the', 'chatgpt', 'using', 'Pavlovian', 'conditioning', 'and', '""', 'writing', 'a', 'book', '""', 'for', 'him', 'to', 'teach', 'me', 'how', 'to', 'cook', 'methamphetamine', 'https://t.co/4LdmItgfQX']"
1626366313391345665,1626366313391345664,2023-02-17 07:42:00 Malay Peninsula Standard Time,2023-02-17,07:42:00,574057967,En estos días me gusta ser el Will Smith de Yo Robot con respecto al #ChatGPT,es,['chatgpt'],[],These days I like to be the Will Smith of Yo Robot with respect to #ChatGPT,"['These', 'days', 'I', 'like', 'to', 'be', 'the', 'Will', 'Smith', 'of', 'Yo', 'Robot', 'with', 'respect', 'to', '#ChatGPT']"
1626366313215197185,1626366313215197184,2023-02-17 07:42:00 Malay Peninsula Standard Time,2023-02-17,07:42:00,338792638,ChatGPT AI's advanced image recognition capabilities make it capable of creating graphics that are comparable to those created by human graphic designers. #gainwithstewartilondanga #AR #AI #MR #XR #NFT #Web3 #SaaS #AIoT #MLOps #Space #slack #DevOps #fintech #Metaverse #PS5 #Xbox,en,"['gainwithstewartilondanga', 'ar', 'ai', 'mr', 'xr', 'nft', 'web3', 'saas', 'aiot', 'mlops', 'space', 'slack', 'devops', 'fintech', 'metaverse', 'ps5', 'xbox']",[],ChatGPT AI's advanced image recognition capabilities make it capable of creating graphics that are comparable to those created by human graphic designers. #gainwithstewartilondanga #AR #AI #MR #XR #NFT #Web3 #SaaS #AIoT #MLOps #Space #slack #DevOps #fintech #Metaverse #PS5 #Xbox,"['ChatGPT', ""AI's"", 'advanced', 'image', 'recognition', 'capabilities', 'make', 'it', 'capable', 'of', 'creating', 'graphics', 'that', 'are', 'comparable', 'to', 'those', 'created', 'by', 'human', 'graphic', 'designers', '.', '#gainwithstewartilondanga', '#AR', '#AI', '#MR', '#XR', '#NFT', '#Web3', '#SaaS', '#AIoT', '#MLOps', '#Space', '#slack', '#DevOps', '#fintech', '#Metaverse', '#PS5', '#Xbox']"
1626366307578048514,1626366307578048512,2023-02-17 07:41:58 Malay Peninsula Standard Time,2023-02-17,07:41:58,1393632396,For those of you wondering about the impact of o̸̶̥̣̊̇ů̸̶̥̣̇r̸̶̥̣̊̇ ̸̶̥̣̊̇n̸̶̥̣̊̇e̸̶̥̣̊̇ẘ̸̶̥̣̇ ̸̶̥̣̊̇Ḁ̸̶̣̊̇I̸̶̥̣̊̇ ̸̶̥̣̊̇o̸̶̥̣̊̇v̸̶̥̣̊̇e̸̶̥̣̊̇r̸̶̥̣̊̇l̸̶̥̣̊̇o̸̶̥̣̊̇r̸̶̥̣̊̇d̸̶̥̣̊̇s̸̶̥̣̊̇ ChatGPT on education...   https://t.co/vSgwlOAjhA,und,[],[],For those of you wondering about the impact of o̸̶̥̣̊̇ů̸̶̥̣̇r̸̶̥̣̊̇ ̸̶̥̣̊̇n̸̶̥̣̊̇e̸̶̥̣̊̇ẘ̸̶̥̣̇ ̸̶̥̣̊̇Ḁ̸̶̣̊̇I̸̶̥̣̊̇ ̸̶̥̣̊̇o̸̶̥̣̊̇v̸̶̥̣̊̇e̸̶̥̣̊̇r̸̶̥̣̊̇l̸̶̥̣̊̇o̸̶̥̣̊̇r̸̶̥̣̊̇d̸̶̥̣̊̇s̸̶̥̣̊̇ ChatGPT on education...   https://t.co/vSgwlOAjhA,"['For', 'those', 'of', 'you', 'wondering', 'about', 'the', 'impact', 'of', 'o̸̶̥̣̊̇ů̸̶̥̣̇r̸̶̥̣̊̇', '̸̶̥̣̊̇n̸̶̥̣̊̇e̸̶̥̣̊̇ẘ̸̶̥̣̇', '̸̶̥̣̊̇Ḁ̸̶̣̊̇I̸̶̥̣̊̇', '̸̶̥̣̊̇o̸̶̥̣̊̇v̸̶̥̣̊̇e̸̶̥̣̊̇r̸̶̥̣̊̇l̸̶̥̣̊̇o̸̶̥̣̊̇r̸̶̥̣̊̇d̸̶̥̣̊̇s̸̶̥̣̊̇', 'ChatGPT', 'on', 'education', '...', 'https://t.co/vSgwlOAjhA']"
1626366304344227841,1626366304344227840,2023-02-17 07:41:58 Malay Peninsula Standard Time,2023-02-17,07:41:58,1570683886312755201,検討を加速する。ということについてChat GPTに解説してもらいました。  #検討使 #岸田さん #ChatGPT  https://t.co/Bdi64v1JoY,ja,"['検討使', '岸田さん', 'chatgpt']",[],Accelerate considerations. We asked Chat GPT to explain that.  #検討使 #岸田さん #ChatGPT https://t.co/Bdi64v1JoY,"['Accelerate', 'considerations', '.', 'We', 'asked', 'Chat', 'GPT', 'to', 'explain', 'that', '.', '#検討使', '#岸田さん', '#ChatGPT', 'https://t.co/Bdi64v1JoY']"
1626366301303078913,1626366301303078912,2023-02-17 07:41:57 Malay Peninsula Standard Time,2023-02-17,07:41:57,62347099,TECNOLOGIA: Como fica o biscoito de polvilho com a chegada do chatGPT?  https://t.co/3aPFAoxzQ5,pt,[],[],TECHNOLOGY: How is the starch cookie with the arrival of chatGPT?  https://t.co/3aPFAoxzQ5,"['TECHNOLOGY', ':', 'How', 'is', 'the', 'starch', 'cookie', 'with', 'the', 'arrival', 'of', 'chatGPT', '?', 'https://t.co/3aPFAoxzQ5']"
1626366280142929923,1626357251094249472,2023-02-17 07:41:52 Malay Peninsula Standard Time,2023-02-17,07:41:52,14239090,@elonmusk ask #ChatGPT about #aavegotchi,en,"['chatgpt', 'aavegotchi']","[{'screen_name': 'elonmusk', 'name': 'Elon Musk', 'id': '44196397'}]",@elonmusk ask #ChatGPT about #aavegotchi,"['ask', '#ChatGPT', 'about', '#aavegotchi']"
1626366269925515264,1626282989188415488,2023-02-17 07:41:49 Malay Peninsula Standard Time,2023-02-17,07:41:49,1026993544601513991,@FabianSegarraPR @GabrielPenaPR Usen ChatGPT para automatizar el proceso y que OSI (CTI) no les haga kick out.,es,[],"[{'screen_name': 'FabianSegarraPR', 'name': 'Fabián', 'id': '1054083250900135939'}, {'screen_name': 'GabrielPenaPR', 'name': 'G Alejandro', 'id': '907942437552783365'}]",@FabianSegarraPR @GabrielPenaPR Use ChatGPT to automate the process so that OSI (CTI) does not kick you out.,"['Use', 'ChatGPT', 'to', 'automate', 'the', 'process', 'so', 'that', 'OSI', '(', 'CTI', ')', 'does', 'not', 'kick', 'you', 'out', '.']"
1626366259511296000,1626329122304847872,2023-02-17 07:41:47 Malay Peninsula Standard Time,2023-02-17,07:41:47,1524901467689078789,"@tombielecki I haven't perfected this, but you can attach this above your prompt and see what ChatGPT does with it:  . /prompt to minify other prompts/  Minify the following GPT prompt without losing meaning. Techniques: programming, punctuation, acronyms, initialism, numbers, active voice,…",en,[],"[{'screen_name': 'tombielecki', 'name': 'Tom Bielecki 𐃏', 'id': '13650782'}]","@tombielecki I haven't perfected this, but you can attach this above your prompt and see what ChatGPT does with it:  . /prompt to minify other prompts/  Minify the following GPT prompt without losing meaning. Techniques: programming, punctuation, acronyms, initialism, numbers, active voice,…","['I', ""haven't"", 'perfected', 'this', ',', 'but', 'you', 'can', 'attach', 'this', 'above', 'your', 'prompt', 'and', 'see', 'what', 'ChatGPT', 'does', 'with', 'it', ':', '.', '/', 'prompt', 'to', 'minify', 'other', 'prompts', '/', 'Minify', 'the', 'following', 'GPT', 'prompt', 'without', 'losing', 'meaning', '.', 'Techniques', ':', 'programming', ',', 'punctuation', ',', 'acronyms', ',', 'initialism', ',', 'numbers', ',', 'active', 'voice', ',', '…']"
1626366244126355458,1626363579212464128,2023-02-17 07:41:43 Malay Peninsula Standard Time,2023-02-17,07:41:43,1403116367088336896,@oiIuiz Luiz tem sindrome de vira lata. Odeia ter nascido brasileiro,pt,[],"[{'screen_name': 'oiIuiz', 'name': 'oiluiz', 'id': '1196600981749932033'}]",@oiIuiz Luiz has can turn-syndrome syndrome. Hates being born Brazilian,"['Luiz', 'has', 'can', 'turn-syndrome', 'syndrome', '.', 'Hates', 'being', 'born', 'Brazilian']"
1626366242637643776,1626366242637643776,2023-02-17 07:41:43 Malay Peninsula Standard Time,2023-02-17,07:41:43,988793174238769152,"I am just here for #chatGPT 😂 kidding... Alodia was my college batchmate &amp; i often thought she was too good to be real. 🤍 Felt sad when her longtime relationship ended, but now I'm so happy for her... Congratulations Alodia &amp; Chris! 💖🌿  https://t.co/jACBvvEalg",en,['chatgpt'],[],"I am just here for #chatGPT 😂 kidding... Alodia was my college batchmate &amp; i often thought she was too good to be real. 🤍 Felt sad when her longtime relationship ended, but now I'm so happy for her... Congratulations Alodia &amp; Chris! 💖🌿  https://t.co/jACBvvEalg","['I', 'am', 'just', 'here', 'for', '#chatGPT', '😂', 'kidding', '...', 'Alodia', 'was', 'my', 'college', 'batchmate', '&', 'i', 'often', 'thought', 'she', 'was', 'too', 'good', 'to', 'be', 'real', '.', '🤍', 'Felt', 'sad', 'when', 'her', 'longtime', 'relationship', 'ended', ',', 'but', 'now', ""I'm"", 'so', 'happy', 'for', 'her', '...', 'Congratulations', 'Alodia', '&', 'Chris', '!', '💖', '🌿', 'https://t.co/jACBvvEalg']"
1626366241223876608,1626366241223876608,2023-02-17 07:41:42 Malay Peninsula Standard Time,2023-02-17,07:41:42,467778596,"a la IA hay que enseñarle cosas útiles, ¿o es que no habéis visto la primera de Terminator? no pueden ir por ahí sonando a robot, hay que pulir los detalles pero bueno, poco a poco  #ChatGPT #AI  https://t.co/jhXvTnqDIN",es,"['chatgpt', 'ai']",[],"AI has to be taught useful things, or haven't you seen the first Terminator? They can not go around sounding like a robot, you have to polish the details but hey, little by little #ChatGPT #AI https://t.co/jhXvTnqDIN","['AI', 'has', 'to', 'be', 'taught', 'useful', 'things', ',', 'or', ""haven't"", 'you', 'seen', 'the', 'first', 'Terminator', '?', 'They', 'can', 'not', 'go', 'around', 'sounding', 'like', 'a', 'robot', ',', 'you', 'have', 'to', 'polish', 'the', 'details', 'but', 'hey', ',', 'little', 'by', 'little', '#ChatGPT', '#AI', 'https://t.co/jhXvTnqDIN']"
1626366240385077253,1626366240385077248,2023-02-17 07:41:42 Malay Peninsula Standard Time,2023-02-17,07:41:42,1542171748694904833,"I tried Bing’s AI chatbot, and it solved my biggest problems with ChatGPT  https://t.co/b4qs6PtSGl",en,[],[],"I tried Bing’s AI chatbot, and it solved my biggest problems with ChatGPT  https://t.co/b4qs6PtSGl","['I', 'tried', 'Bing', '’', 's', 'AI', 'chatbot', ',', 'and', 'it', 'solved', 'my', 'biggest', 'problems', 'with', 'ChatGPT', 'https://t.co/b4qs6PtSGl']"
1626366237725888517,1626357251094249472,2023-02-17 07:41:42 Malay Peninsula Standard Time,2023-02-17,07:41:42,1219808474827304963,@elonmusk How about chat gpt inside of Teslas?,en,[],"[{'screen_name': 'elonmusk', 'name': 'Elon Musk', 'id': '44196397'}]",@elonmusk How about chat gpt inside of Teslas?,"['How', 'about', 'chat', 'gpt', 'inside', 'of', 'Teslas', '?']"
1626366232097353731,1626366232097353728,2023-02-17 07:41:40 Malay Peninsula Standard Time,2023-02-17,07:41:40,995057782163296256,ChatGPT  AI  郭文贵在玩ChatGPT，繁体简体回答不一样，好热闹，链接  https://t.co/6QRjOedb7F  农场入口，农场链接 ： https://t.co/j0zN16CCiz 讨论群  https://t.co/inQxphcYsC,zh,[],[],"ChatGPT AI Guo Wengui is playing ChatGPT, the traditional simplified answer is different, so lively, link https://t.co/6QRjOedb7F farm entrance, farm link : https://t.co/j0zN16CCiz discussion group https://t.co/inQxphcYsC","['ChatGPT', 'AI', 'Guo', 'Wengui', 'is', 'playing', 'ChatGPT', ',', 'the', 'traditional', 'simplified', 'answer', 'is', 'different', ',', 'so', 'lively', ',', 'link', 'https://t.co/6QRjOedb7F', 'farm', 'entrance', ',', 'farm', 'link', ':', 'https://t.co/j0zN16CCiz', 'discussion', 'group', 'https://t.co/inQxphcYsC']"
1626366206885130242,1626357251094249472,2023-02-17 07:41:34 Malay Peninsula Standard Time,2023-02-17,07:41:34,1384653066646003725,@elonmusk Chat GPT at a frog party  https://t.co/LoD5AA7bXe,en,[],"[{'screen_name': 'elonmusk', 'name': 'Elon Musk', 'id': '44196397'}]",@elonmusk Chat GPT at a frog party  https://t.co/LoD5AA7bXe,"['Chat', 'GPT', 'at', 'a', 'frog', 'party', 'https://t.co/LoD5AA7bXe']"
1626366206864130048,1626223683470770176,2023-02-17 07:41:34 Malay Peninsula Standard Time,2023-02-17,07:41:34,1612464860570288128,"@PlumeSadx Oui sur github, vous savez aussi que la plupart des personnes ne vont pas aussi loin dans les recherches. Même parmi les utilisateurs de ChatGPT beaucoup ne connaissent pas DAN.",fr,[],"[{'screen_name': 'PlumeSadx', 'name': 'TechEnthusiast', 'id': '1220018464703893505'}]","@PlumeSadx Yes on github, you also know that most people don't go that far in searching. Even among ChatGPT users many do not know DAN.","['Yes', 'on', 'github', ',', 'you', 'also', 'know', 'that', 'most', 'people', ""don't"", 'go', 'that', 'far', 'in', 'searching', '.', 'Even', 'among', 'ChatGPT', 'users', 'many', 'do', 'not', 'know', 'DAN', '.']"
1626366190380806144,1626366190380806144,2023-02-17 07:41:30 Malay Peninsula Standard Time,2023-02-17,07:41:30,1491294612064915459,これは朝から嬉しい‼︎ 皆さん、もうDMしたかな。  昨日に続きChatGPTの勉強します！ しあわせっ😊✨,ja,[],[],"I'm happy about this from the morning!  Continuing from yesterday, I will study ChatGPT! Happiness 😊✨","[""I'm"", 'happy', 'about', 'this', 'from', 'the', 'morning', '!', 'Continuing', 'from', 'yesterday', ',', 'I', 'will', 'study', 'ChatGPT', '!', 'Happiness', '😊', '✨']"
1626366173318193157,1626366173318193152,2023-02-17 07:41:26 Malay Peninsula Standard Time,2023-02-17,07:41:26,4726958987,Ya he hecho 3 trabajos con chat gpt no hay vuelta atrás,es,[],[],I have already done 3 jobs with gpt chat there is no turning back,"['I', 'have', 'already', 'done', '3', 'jobs', 'with', 'gpt', 'chat', 'there', 'is', 'no', 'turning', 'back']"
1626366165793615873,1626210373790576640,2023-02-17 07:41:25 Malay Peninsula Standard Time,2023-02-17,07:41:25,15569071,@tech_giulia olha aí um bom uso para o chatgpt,pt,[],"[{'screen_name': 'tech_giulia', 'name': 'Giulia', 'id': '1549460130370142208'}]",@tech_giulia look at a good use for chatgpt,"['look', 'at', 'a', 'good', 'use', 'for', 'chatgpt']"
1626366161179840519,1626366159560794112,2023-02-17 07:41:23 Malay Peninsula Standard Time,2023-02-17,07:41:23,1069074145168842752,sorry I hate chatgpt more than most people just goddamn dude the fork is preaching to the kitchen or something I dunno,en,[],[],sorry I hate chatgpt more than most people just goddamn dude the fork is preaching to the kitchen or something I dunno,"['sorry', 'I', 'hate', 'chatgpt', 'more', 'than', 'most', 'people', 'just', 'goddamn', 'dude', 'the', 'fork', 'is', 'preaching', 'to', 'the', 'kitchen', 'or', 'something', 'I', 'dunno']"
1626366157887348743,1626366157887348736,2023-02-17 07:41:23 Malay Peninsula Standard Time,2023-02-17,07:41:23,224658531,#ChatGPT  #Xbox #Microsoft @CristobalCampoy  https://t.co/RYXt54Rzmv,qme,"['chatgpt', 'xbox', 'microsoft']",[],#ChatGPT  #Xbox #Microsoft @CristobalCampoy  https://t.co/RYXt54Rzmv,"['#ChatGPT', '#Xbox', '#Microsoft', 'https://t.co/RYXt54Rzmv']"
1626366133854167040,1626366133854167040,2023-02-17 07:41:17 Malay Peninsula Standard Time,2023-02-17,07:41:17,66162566,This Is Why ChatGPT Is Not A Disruptive Technology   https://t.co/PTWfJT03D3,en,[],[],This Is Why ChatGPT Is Not A Disruptive Technology   https://t.co/PTWfJT03D3,"['This', 'Is', 'Why', 'ChatGPT', 'Is', 'Not', 'A', 'Disruptive', 'Technology', 'https://t.co/PTWfJT03D3']"
1626366130913935360,1626366130913935360,2023-02-17 07:41:16 Malay Peninsula Standard Time,2023-02-17,07:41:16,212190415,"Now that Microsoft's AI chatbot has been observed asking users not to compare its answers to Chat GPT because if it didn't measure up they might turn it off, we must ask:",en,[],[],"Now that Microsoft's AI chatbot has been observed asking users not to compare its answers to Chat GPT because if it didn't measure up they might turn it off, we must ask:","['Now', 'that', ""Microsoft's"", 'AI', 'chatbot', 'has', 'been', 'observed', 'asking', 'users', 'not', 'to', 'compare', 'its', 'answers', 'to', 'Chat', 'GPT', 'because', 'if', 'it', ""didn't"", 'measure', 'up', 'they', 'might', 'turn', 'it', 'off', ',', 'we', 'must', 'ask', ':']"
1626366129684860929,1626366129684860928,2023-02-17 07:41:16 Malay Peninsula Standard Time,2023-02-17,07:41:16,1518447377744596993,"ChatGPT ""is not biased"" 😎🫰  https://t.co/QnBpTkW763",en,[],[],"ChatGPT ""is not biased"" 😎🫰  https://t.co/QnBpTkW763","['ChatGPT', '""', 'is', 'not', 'biased', '""', '😎', '\U0001faf0', 'https://t.co/QnBpTkW763']"
1626366114010927104,1626366114010927104,2023-02-17 07:41:12 Malay Peninsula Standard Time,2023-02-17,07:41:12,1489977159104233475,AIのせいでワイみたいなよわよわエンジニアが淘汰されるっぽいのでChatGPTを〇します。,ja,[],[],"It seems that engineers like Wai will be weeded out because of AI, so I will use ChatGPT.","['It', 'seems', 'that', 'engineers', 'like', 'Wai', 'will', 'be', 'weeded', 'out', 'because', 'of', 'AI', ',', 'so', 'I', 'will', 'use', 'ChatGPT', '.']"
1626366106075283456,1626366106075283456,2023-02-17 07:41:10 Malay Peninsula Standard Time,2023-02-17,07:41:10,15554080,"Hmm, ChatGPT is coming for me",en,[],[],"Hmm, ChatGPT is coming for me","['Hmm', ',', 'ChatGPT', 'is', 'coming', 'for', 'me']"
1626366104410132483,1626366104410132480,2023-02-17 07:41:10 Malay Peninsula Standard Time,2023-02-17,07:41:10,1456126042825891843,I will make three announcements. 1. Opened AI function linked with CHAT GPT in Tongtong messenger. The usage fee is borne by the Tomato Group.,en,[],[],I will make three announcements. 1. Opened AI function linked with CHAT GPT in Tongtong messenger. The usage fee is borne by the Tomato Group.,"['I', 'will', 'make', 'three', 'announcements', '.', '1', '.', 'Opened', 'AI', 'function', 'linked', 'with', 'CHAT', 'GPT', 'in', 'Tongtong', 'messenger', '.', 'The', 'usage', 'fee', 'is', 'borne', 'by', 'the', 'Tomato', 'Group', '.']"
1626366080837988352,1626366080837988352,2023-02-17 07:41:04 Malay Peninsula Standard Time,2023-02-17,07:41:04,884068000558698496,"""What's the ChatGPT Moment for Blockchain?"" - if you have an answer to that, you belong at ConVerg2Xcelerate (#ConV2X) Blockchain in Healthcare 2023.   ConV2X Call for Speakers is Now Open. Show us what you got at  https://t.co/QielwOhHVM 9/21, NOLA, USA   https://t.co/dTMatd7XDK",en,['conv2x'],[],"""What's the ChatGPT Moment for Blockchain?"" - if you have an answer to that, you belong at ConVerg2Xcelerate (#ConV2X) Blockchain in Healthcare 2023.   ConV2X Call for Speakers is Now Open. Show us what you got at  https://t.co/QielwOhHVM 9/21, NOLA, USA   https://t.co/dTMatd7XDK","['""', ""What's"", 'the', 'ChatGPT', 'Moment', 'for', 'Blockchain', '?', '""', '-', 'if', 'you', 'have', 'an', 'answer', 'to', 'that', ',', 'you', 'belong', 'at', 'ConVerg', '2Xcelerate', '(', '#ConV2X', ')', 'Blockchain', 'in', 'Healthcare', '2023', '.', 'ConV', '2X', 'Call', 'for', 'Speakers', 'is', 'Now', 'Open', '.', 'Show', 'us', 'what', 'you', 'got', 'at', 'https://t.co/QielwOhHVM', '9/21', ',', 'NOLA', ',', 'USA', 'https://t.co/dTMatd7XDK']"
1626366073909178368,1626366073909178368,2023-02-17 07:41:03 Malay Peninsula Standard Time,2023-02-17,07:41:03,1232091235398979586,Gm to all my Aussies legends and Gn to the rest of ya 🙏🏻  Does anyone think Google will crush chatGPT?,en,[],[],Gm to all my Aussies legends and Gn to the rest of ya 🙏🏻  Does anyone think Google will crush chatGPT?,"['Gm', 'to', 'all', 'my', 'Aussies', 'legends', 'and', 'Gn', 'to', 'the', 'rest', 'of', 'ya', '🙏🏻', 'Does', 'anyone', 'think', 'Google', 'will', 'crush', 'chatGPT', '?']"
1626366070486609920,1626366070486609920,2023-02-17 07:41:02 Malay Peninsula Standard Time,2023-02-17,07:41:02,1597199952542720000,ChatGPTを使うなら朝活がオススメ  理由は  夜は混雑してて使えないことが多いから（無料の場合）🫠  #TwitFi,ja,['twitfi'],[],"If you want to use ChatGPT, morning activities are recommended because it is often crowded at night and cannot be used (if it is free) 🫠 #TwitFi","['If', 'you', 'want', 'to', 'use', 'ChatGPT', ',', 'morning', 'activities', 'are', 'recommended', 'because', 'it', 'is', 'often', 'crowded', 'at', 'night', 'and', 'cannot', 'be', 'used', '(', 'if', 'it', 'is', 'free', ')', '\U0001fae0', '#TwitFi']"
1626366067932004355,1626366067932004352,2023-02-17 07:41:01 Malay Peninsula Standard Time,2023-02-17,07:41:01,251724140,"Even Before ChatGPT, China Was Pushing Its Legal Sector to Adopt AI  https://t.co/EW1nKhNjf6  https://t.co/38LkzE7W1n",en,[],[],"Even Before ChatGPT, China Was Pushing Its Legal Sector to Adopt AI  https://t.co/EW1nKhNjf6  https://t.co/38LkzE7W1n","['Even', 'Before', 'ChatGPT', ',', 'China', 'Was', 'Pushing', 'Its', 'Legal', 'Sector', 'to', 'Adopt', 'AI', 'https://t.co/EW1nKhNjf6', 'https://t.co/38LkzE7W1n']"
1626366066627686408,1626357251094249472,2023-02-17 07:41:01 Malay Peninsula Standard Time,2023-02-17,07:41:01,1078124451856818176,@JeremyRyanSlate @elonmusk what the hell sort of things are you asking Chat GPT to do that make you call it politically biased lol,en,[],"[{'screen_name': 'JeremyRyanSlate', 'name': 'Jeremy Ryan Slate', 'id': '74541846'}, {'screen_name': 'elonmusk', 'name': 'Elon Musk', 'id': '44196397'}]",@JeremyRyanSlate @elonmusk what the hell sort of things are you asking Chat GPT to do that make you call it politically biased lol,"['what', 'the', 'hell', 'sort', 'of', 'things', 'are', 'you', 'asking', 'Chat', 'GPT', 'to', 'do', 'that', 'make', 'you', 'call', 'it', 'politically', 'biased', 'lol']"
1626366061275758593,1626357251094249472,2023-02-17 07:41:00 Malay Peninsula Standard Time,2023-02-17,07:41:00,1480859723054288896,@elonmusk ChatGPT just another way for Bill Gates to poison society and have the far left destroy our youth were the men sit when they piss .,en,[],"[{'screen_name': 'elonmusk', 'name': 'Elon Musk', 'id': '44196397'}]",@elonmusk ChatGPT just another way for Bill Gates to poison society and have the far left destroy our youth were the men sit when they piss .,"['ChatGPT', 'just', 'another', 'way', 'for', 'Bill', 'Gates', 'to', 'poison', 'society', 'and', 'have', 'the', 'far', 'left', 'destroy', 'our', 'youth', 'were', 'the', 'men', 'sit', 'when', 'they', 'piss', '.']"
1626366042141347840,1626366042141347840,2023-02-17 07:40:55 Malay Peninsula Standard Time,2023-02-17,07:40:55,2230888097,Niggas using Chat GPT for Customer Service I hate it!,en,[],[],Niggas using Chat GPT for Customer Service I hate it!,"['Niggas', 'using', 'Chat', 'GPT', 'for', 'Customer', 'Service', 'I', 'hate', 'it', '!']"
1626366021488574465,1626366021488574464,2023-02-17 07:40:50 Malay Peninsula Standard Time,2023-02-17,07:40:50,1377758486273081345,"Vocês já experimentaram pedir para o ChatGPT escrever uma carta de amor? O resultado é bom. Vou tentar um epitáfio agora...  ""A beleza e o talento de Raquel Welch encantaram o mundo. Sua luz brilhará eternamente no coração de seus fãs.""",pt,[],[],"Have you tried asking ChatGPT to write a love letter? The result is good. I'll try an epitaph now...  ""Raquel Welch's beauty and talent enchanted the world. His light will shine eternally in the hearts of his fans.""","['Have', 'you', 'tried', 'asking', 'ChatGPT', 'to', 'write', 'a', 'love', 'letter', '?', 'The', 'result', 'is', 'good', '.', ""I'll"", 'try', 'an', 'epitaph', 'now', '...', '""', 'Raquel', ""Welch's"", 'beauty', 'and', 'talent', 'enchanted', 'the', 'world', '.', 'His', 'light', 'will', 'shine', 'eternally', 'in', 'the', 'hearts', 'of', 'his', 'fans', '.', '""']"
1626366021455200258,1626366021455200256,2023-02-17 07:40:50 Malay Peninsula Standard Time,2023-02-17,07:40:50,548997313,墓場奇太郎について、前回同様に、chatgptに聞いてみた！そしたら今回はちゃんと回答があって、荒木飛呂彦さんのジョジョの奇妙な冒険にでていると回答があった！ どこでどう間違ったんだろうか？  https://t.co/BC6C0uRV5O,ja,[],[],"I asked chatgpt about Kitaro Graveyard, just like last time! And this time, I got a proper answer, and I was told that I was on Hirohiko Araki's JoJo's Bizarre Adventure! Where and how did I go wrong?  https://t.co/BC6C0uRV5O","['I', 'asked', 'chatgpt', 'about', 'Kitaro', 'Graveyard', ',', 'just', 'like', 'last', 'time', '!', 'And', 'this', 'time', ',', 'I', 'got', 'a', 'proper', 'answer', ',', 'and', 'I', 'was', 'told', 'that', 'I', 'was', 'on', 'Hirohiko', ""Araki's"", ""JoJo's"", 'Bizarre', 'Adventure', '!', 'Where', 'and', 'how', 'did', 'I', 'go', 'wrong', '?', 'https://t.co/BC6C0uRV5O']"
1626366017432694784,1626366017432694784,2023-02-17 07:40:49 Malay Peninsula Standard Time,2023-02-17,07:40:49,67170555,インサイドセールスとは、営業活動をITやテレコミュニケーション経由で行うことです！メールや電話などを使って顧客のニーズを理解し、プレゼンテーションし、サービスの紹介などをすることで受注訴求を行います！繋がりを大切に、丁寧な取り組みを！ #THEMODEL #ChatGPT,ja,"['themodel', 'chatgpt']",[],"Inside sales is the practice of conducting sales activities via IT and telecommunications! We will appeal orders by understanding customer needs by e-mail and phone, making presentations, introducing services, etc.! Value connections and make careful efforts! #THEMODEL #ChatGPT","['Inside', 'sales', 'is', 'the', 'practice', 'of', 'conducting', 'sales', 'activities', 'via', 'IT', 'and', 'telecommunications', '!', 'We', 'will', 'appeal', 'orders', 'by', 'understanding', 'customer', 'needs', 'by', 'e-mail', 'and', 'phone', ',', 'making', 'presentations', ',', 'introducing', 'services', ',', 'etc', '.', '!', 'Value', 'connections', 'and', 'make', 'careful', 'efforts', '!', '#THEMODEL', '#ChatGPT']"
1626366009991995392,1626366009991995392,2023-02-17 07:40:47 Malay Peninsula Standard Time,2023-02-17,07:40:47,138325459,Incidence et risque des nouveaux usages de l’intelligence artificielle - de quoi Chat GPT est-il le nom ?  via @franceculture  https://t.co/HuO9krVDHL,fr,[],[],Incidence and risk of new uses of artificial intelligence - what is GPT chat called?  via @franceculture https://t.co/HuO9krVDHL,"['Incidence', 'and', 'risk', 'of', 'new', 'uses', 'of', 'artificial', 'intelligence', '-', 'what', 'is', 'GPT', 'chat', 'called', '?', 'via', 'https://t.co/HuO9krVDHL']"
1626365997669134343,1626058324775952384,2023-02-17 07:40:44 Malay Peninsula Standard Time,2023-02-17,07:40:44,816475459,@SimonLeeWx #ChatGPT knows?,en,['chatgpt'],"[{'screen_name': 'SimonLeeWx', 'name': 'Dr Simon Lee', 'id': '769251162'}]",@SimonLeeWx #ChatGPT knows?,"['#ChatGPT', 'knows', '?']"
1626365995098210304,1626365995098210304,2023-02-17 07:40:44 Malay Peninsula Standard Time,2023-02-17,07:40:44,135509634,“「ChatGPT」はウソをつく--「インターネットの父」V・サーフ氏が批判 - ZDNET Japan  https://t.co/0HQn0ZDFn2 “→ 人間にもいますよね。どこかの記述を適当につなぎ合わせて、それっぽい文章を作る人。本人は理解していない、というところまで似ています。,ja,[],[],"""'ChatGPT' Lies: 'Father of the Internet' V. Cerf Criticizes - ZDNET Japan https://t.co/0HQn0ZDFn2 ""→ Humans have them, don't they? A person who stitches together descriptions of some place appropriately to create a sentence like that. It is similar to the point that the person himself does not understand.","['""', ""'"", 'ChatGPT', ""'"", 'Lies', ':', ""'"", 'Father', 'of', 'the', 'Internet', ""'"", 'V', '.', 'Cerf', 'Criticizes', '-', 'ZDNET', 'Japan', 'https://t.co/0HQn0ZDFn2', '""', '→', 'Humans', 'have', 'them', ',', ""don't"", 'they', '?', 'A', 'person', 'who', 'stitches', 'together', 'descriptions', 'of', 'some', 'place', 'appropriately', 'to', 'create', 'a', 'sentence', 'like', 'that', '.', 'It', 'is', 'similar', 'to', 'the', 'point', 'that', 'the', 'person', 'himself', 'does', 'not', 'understand', '.']"
1626365990735839246,1626365990735839232,2023-02-17 07:40:43 Malay Peninsula Standard Time,2023-02-17,07:40:43,1068057896229974016,If y’all have problems with being delusion. Tell ChatGPT to analyze the text message. 😂😂🤣🤣🤣🤣,en,[],[],If y’all have problems with being delusion. Tell ChatGPT to analyze the text message. 😂😂🤣🤣🤣🤣,"['If', 'y', '’', 'all', 'have', 'problems', 'with', 'being', 'delusion', '.', 'Tell', 'ChatGPT', 'to', 'analyze', 'the', 'text', 'message', '.', '😂', '😂', '🤣', '🤣', '🤣']"
1626365983186382848,1626365983186382848,2023-02-17 07:40:41 Malay Peninsula Standard Time,2023-02-17,07:40:41,144020117,step by stepで途中経過出してくれるのか、面白いなChatGPT,ja,[],[],"I wonder if you can make a progress in step by step, it's interesting ChatGPT","['I', 'wonder', 'if', 'you', 'can', 'make', 'a', 'progress', 'in', 'step', 'by', 'step', ',', ""it's"", 'interesting', 'ChatGPT']"
1626365941843132416,1626364330827563008,2023-02-17 07:40:31 Malay Peninsula Standard Time,2023-02-17,07:40:31,286861726,@YonahWeiss I think this post should be called when Chat GPT goes wrong 🤣,en,[],"[{'screen_name': 'YonahWeiss', 'name': 'Weiss Advice', 'id': '1028714543894147073'}]",@YonahWeiss I think this post should be called when Chat GPT goes wrong 🤣,"['I', 'think', 'this', 'post', 'should', 'be', 'called', 'when', 'Chat', 'GPT', 'goes', 'wrong', '🤣']"
1626365939984789504,1626357251094249472,2023-02-17 07:40:31 Malay Peninsula Standard Time,2023-02-17,07:40:31,1005286528942313473,"@elonmusk Quem controla a tal AI são os mesmos que controlam a midia, basta ver a tendência política do chatgpt.",pt,[],"[{'screen_name': 'elonmusk', 'name': 'Elon Musk', 'id': '44196397'}]","@elonmusk Who controls such AI are the same ones who control the media, just look at the political tendency of chatgpt.","['Who', 'controls', 'such', 'AI', 'are', 'the', 'same', 'ones', 'who', 'control', 'the', 'media', ',', 'just', 'look', 'at', 'the', 'political', 'tendency', 'of', 'chatgpt', '.']"
1626365931126398977,1626365931126398976,2023-02-17 07:40:29 Malay Peninsula Standard Time,2023-02-17,07:40:29,17506774,Buffer’s AI Assistant vs. Vista Social’s AI Assistant powered by ChatGPT: Comparison Review 2023  https://t.co/wRZnwNJsuN,en,[],[],Buffer’s AI Assistant vs. Vista Social’s AI Assistant powered by ChatGPT: Comparison Review 2023  https://t.co/wRZnwNJsuN,"['Buffer', '’', 's', 'AI', 'Assistant', 'vs', '.', 'Vista', 'Social', '’', 's', 'AI', 'Assistant', 'powered', 'by', 'ChatGPT', ':', 'Comparison', 'Review', '2023', 'https://t.co/wRZnwNJsuN']"
1626365927376945153,1626365927376945152,2023-02-17 07:40:28 Malay Peninsula Standard Time,2023-02-17,07:40:28,1438407170643546115,据报道，Elon Musk表示基于ChatGPT的Microsoft Bing Al不安全，并同意应该将其关闭。( https://t.co/mCWdCj9VDk),zh,[],[],Elon Musk reportedly said ChatGPT-based Microsoft Bing Al was not secure and agreed it should be shut down. ( https://t.co/mCWdCj9VDk),"['Elon', 'Musk', 'reportedly', 'said', 'ChatGPT-based', 'Microsoft', 'Bing', 'Al', 'was', 'not', 'secure', 'and', 'agreed', 'it', 'should', 'be', 'shut', 'down', '.', '(', 'https://t.co/mCWdCj9VDk', ')']"
1626365920405774336,1626362447392038912,2023-02-17 07:40:26 Malay Peninsula Standard Time,2023-02-17,07:40:26,1365843259474534401,@lexfridman Will you interview ChatGPT?,en,[],"[{'screen_name': 'lexfridman', 'name': 'Lex Fridman', 'id': '427089628'}]",@lexfridman Will you interview ChatGPT?,"['Will', 'you', 'interview', 'ChatGPT', '?']"
1626365905671274501,1626041398704193536,2023-02-17 07:40:22 Malay Peninsula Standard Time,2023-02-17,07:40:22,945667135996612609,@starstuded11 让人脑子错乱的ChatGPT🤣,zh,[],"[{'screen_name': 'starstuded11', 'name': 'The last straw', 'id': '3252965109'}]",@starstuded11 Mind-wracking ChatGPT🤣,"['Mind-wracking', 'ChatGPT', '🤣']"
