id,conversation_id,created_at,date,time,user_id,tweet,language,hashtags,reply_to,translated_text,tokenized_text
1624912928032935936,1624898647275044864,2023-02-13 07:26:46 Malay Peninsula Standard Time,2023-02-13,07:26:46,23594858,@bobehayes @danmcquillan Marc Antony’s speech is supposed to be an ironic device to actually persuade that Caesar should *not* have been killed. This essay does nothing of the sort for ChatGPT.,en,[],"[{'screen_name': 'bobehayes', 'name': 'Bob E. Hayes', 'id': '20748873'}, {'screen_name': 'danmcquillan', 'name': 'danmcquillan (@danmcquillan@kolektiva.social)', 'id': '9888872'}]",@bobehayes @danmcquillan Marc Antony’s speech is supposed to be an ironic device to actually persuade that Caesar should *not* have been killed. This essay does nothing of the sort for ChatGPT.,"['Marc', 'Antony', '’', 's', 'speech', 'is', 'supposed', 'to', 'be', 'an', 'ironic', 'device', 'to', 'actually', 'persuade', 'that', 'Caesar', 'should', '*', 'not', '*', 'have', 'been', 'killed', '.', 'This', 'essay', 'does', 'nothing', 'of', 'the', 'sort', 'for', 'ChatGPT', '.']"
1624912907204022272,1624912907204022272,2023-02-13 07:26:41 Malay Peninsula Standard Time,2023-02-13,07:26:41,39118710,"Noam Chomsky on ChatGPT: It’s ""Basically High-Tech Plagiarism"" and ""a Way of Avoiding Learning""  https://t.co/7v9P7b5F5W via @openculture",en,[],[],"Noam Chomsky on ChatGPT: It’s ""Basically High-Tech Plagiarism"" and ""a Way of Avoiding Learning""  https://t.co/7v9P7b5F5W via @openculture","['Noam', 'Chomsky', 'on', 'ChatGPT', ':', 'It', '’', 's', '""', 'Basically', 'High-Tech', 'Plagiarism', '""', 'and', '""', 'a', 'Way', 'of', 'Avoiding', 'Learning', '""', 'https://t.co/7v9P7b5F5W', 'via']"
1624912906541232128,1624878729997565952,2023-02-13 07:26:40 Malay Peninsula Standard Time,2023-02-13,07:26:40,285148271,"@GetRekTUWiLL Considering you're trying to overturn research with ChatGPT, your Ph. D. degree, if it really exists, has about the same value as a German Papiermark from 1923",en,[],"[{'screen_name': 'GetRekTUWiLL', 'name': '°•🅰🅽🅾🅽🆈🅼🅰🆇🅸🅼🆄🆂•°', 'id': '1505729788614434823'}]","@GetRekTUWiLL Considering you're trying to overturn research with ChatGPT, your Ph. D. degree, if it really exists, has about the same value as a German Papiermark from 1923","['Considering', ""you're"", 'trying', 'to', 'overturn', 'research', 'with', 'ChatGPT', ',', 'your', 'Ph', '.', 'D', '.', 'degree', ',', 'if', 'it', 'really', 'exists', ',', 'has', 'about', 'the', 'same', 'value', 'as', 'a', 'German', 'Papiermark', 'from', '1923']"
1624912897825550336,1624905437286998016,2023-02-13 07:26:38 Malay Peninsula Standard Time,2023-02-13,07:26:38,959604580630827009,@dannyACT2 I think chat gpt has a Joseph Joestar setting,en,[],"[{'screen_name': 'dannyACT2', 'name': 'm-flo loves DANDAN', 'id': '1212116987700072449'}]",@dannyACT2 I think chat gpt has a Joseph Joestar setting,"['I', 'think', 'chat', 'gpt', 'has', 'a', 'Joseph', 'Joestar', 'setting']"
1624912883418288130,1624629889306595328,2023-02-13 07:26:35 Malay Peninsula Standard Time,2023-02-13,07:26:35,297590129,"@KevinAFischer @glennko I'm sympathetic, because having your platform commoditize your product sucks. But if chatGPT is competing with your product, then ... you didn't have much of a product. It's like one of the most straightforward and obvious applications of LLMs.",en,[],"[{'screen_name': 'KevinAFischer', 'name': 'Kevin Fischer', 'id': '4700351706'}, {'screen_name': 'glennko', 'name': 'Glenn Ko', 'id': '61632384'}]","@KevinAFischer @glennko I'm sympathetic, because having your platform commoditize your product sucks. But if chatGPT is competing with your product, then ... you didn't have much of a product. It's like one of the most straightforward and obvious applications of LLMs.","[""I'm"", 'sympathetic', ',', 'because', 'having', 'your', 'platform', 'commoditize', 'your', 'product', 'sucks', '.', 'But', 'if', 'chatGPT', 'is', 'competing', 'with', 'your', 'product', ',', 'then', '...', 'you', ""didn't"", 'have', 'much', 'of', 'a', 'product', '.', ""It's"", 'like', 'one', 'of', 'the', 'most', 'straightforward', 'and', 'obvious', 'applications', 'of', 'LLMs', '.']"
1624912869887447042,1624912869887447040,2023-02-13 07:26:32 Malay Peninsula Standard Time,2023-02-13,07:26:32,1271270190290886656,In this amazing experiment Fabricio Laguna interviews an #AI on a topic of whether AI can take human's place.  How does this topic make you feel?   https://t.co/IxBhofeZnG  #analystscorner #chatgpt #artificialintelligence #businessanalysis,en,"['ai', 'analystscorner', 'chatgpt', 'artificialintelligence', 'businessanalysis']",[],In this amazing experiment Fabricio Laguna interviews an #AI on a topic of whether AI can take human's place.  How does this topic make you feel?   https://t.co/IxBhofeZnG  #analystscorner #chatgpt #artificialintelligence #businessanalysis,"['In', 'this', 'amazing', 'experiment', 'Fabricio', 'Laguna', 'interviews', 'an', '#AI', 'on', 'a', 'topic', 'of', 'whether', 'AI', 'can', 'take', ""human's"", 'place', '.', 'How', 'does', 'this', 'topic', 'make', 'you', 'feel', '?', 'https://t.co/IxBhofeZnG', '#analystscorner', '#chatgpt', '#artificialintelligence', '#businessanalysis']"
1624912863927181314,1624912863927181312,2023-02-13 07:26:30 Malay Peninsula Standard Time,2023-02-13,07:26:30,312384108,I’m now a happy ChatGPT Plus subscriber. Are you? 🤖,en,[],[],I’m now a happy ChatGPT Plus subscriber. Are you? 🤖,"['I', '’', 'm', 'now', 'a', 'happy', 'ChatGPT', 'Plus', 'subscriber', '.', 'Are', 'you', '?', '🤖']"
1624912846260932613,1624912846260932608,2023-02-13 07:26:26 Malay Peninsula Standard Time,2023-02-13,07:26:26,807364785666949120,RIP ChatGPT  https://t.co/QV0Nj7EFcJ,en,[],[],RIP ChatGPT  https://t.co/QV0Nj7EFcJ,"['RIP', 'ChatGPT', 'https://t.co/QV0Nj7EFcJ']"
1624912836731490304,1624911281131253760,2023-02-13 07:26:24 Malay Peninsula Standard Time,2023-02-13,07:26:24,1526929189718609920,ChatGPTの回答が分かりやすすぎる…！そして的確！！これは時代が大きく変わる😂  https://t.co/njfCJmbXgB,ja,[],[],ChatGPT's answer is too easy to understand...! And accurate!! Times change dramatically 😂 https://t.co/njfCJmbXgB,"[""ChatGPT's"", 'answer', 'is', 'too', 'easy', 'to', 'understand', '...', '!', 'And', 'accurate', '!', '!', 'Times', 'change', 'dramatically', '😂', 'https://t.co/njfCJmbXgB']"
1624912804338868224,1624906543434178560,2023-02-13 07:26:16 Malay Peninsula Standard Time,2023-02-13,07:26:16,3061928275,@TETRA_IT ChatGPT以前にこの方向性がMicrosoft Ignite2022でPower Platform使う市民開発者/パワーユーザー向けに示されていたので正直勉強しない管理者は事故っても知らんぞと。,ja,[],"[{'screen_name': 'TETRA_IT', 'name': 'てとらα SI', 'id': '1228101184478531584'}]","Before @TETRA_IT ChatGPT, this direction was shown to citizen developers/power users using the Power Platform at Microsoft Ignite 2022, so to be honest, administrators who don't study don't know about accidents.","['Before', 'ChatGPT', ',', 'this', 'direction', 'was', 'shown', 'to', 'citizen', 'developers', '/', 'power', 'users', 'using', 'the', 'Power', 'Platform', 'at', 'Microsoft', 'Ignite', '2022', ',', 'so', 'to', 'be', 'honest', ',', 'administrators', 'who', ""don't"", 'study', ""don't"", 'know', 'about', 'accidents', '.']"
1624912798584303617,1624912798584303616,2023-02-13 07:26:15 Malay Peninsula Standard Time,2023-02-13,07:26:15,1036969878421262336,これもう半分人工ひろゆきだろ…🦝  【悲報】ChatGPT搭載の最新対話型人工知能BingAI、人間様を煽り始めるw  https://t.co/gBqQtL0ZQp  https://t.co/XweNOUdRcc,ja,[],[],This is already half artificial... 🦝 【Sad news】The latest conversational artificial intelligence BingAI equipped with ChatGPT starts to inflame humans w https://t.co/gBqQtL0ZQp https://t.co/XweNOUdRcc,"['This', 'is', 'already', 'half', 'artificial', '...', '🦝', '【', 'Sad', 'news', '】', 'The', 'latest', 'conversational', 'artificial', 'intelligence', 'BingAI', 'equipped', 'with', 'ChatGPT', 'starts', 'to', 'inflame', 'humans', 'w', 'https://t.co/gBqQtL0ZQp', 'https://t.co/XweNOUdRcc']"
1624912784260464640,1624901081338908672,2023-02-13 07:26:11 Malay Peninsula Standard Time,2023-02-13,07:26:11,1272904616661917702,@0interestrates Haha the platform will die soon. It's chatGpt time now,en,[],"[{'screen_name': '0interestrates', 'name': 'rahul', 'id': '1322297149887979520'}]",@0interestrates Haha the platform will die soon. It's chatGpt time now,"['Haha', 'the', 'platform', 'will', 'die', 'soon', '.', ""It's"", 'chatGpt', 'time', 'now']"
1624912776077647874,1624912768012013568,2023-02-13 07:26:09 Malay Peninsula Standard Time,2023-02-13,07:26:09,3290960996,ChatGPTも機械学習で成長するタイプのAIであり、 IT系の大御所Microsoftが採用ということで動意付いた節があります。 玉石混交の玉を先んじて見つければ、確かに大きな旨みはあります。 ただ、AIを扱う企業にも石が多すぎて玉を拾うのは骨が折れると思います。,ja,[],[],"ChatGPT is also a type of AI that grows with machine learning, and there is a section that was moved by the adoption of IT mogul Microsoft. If you find a cobblestone mixed ball first, it will certainly have a great taste. However, even companies that deal with AI have too many stones, and I think it is difficult to pick up balls.","['ChatGPT', 'is', 'also', 'a', 'type', 'of', 'AI', 'that', 'grows', 'with', 'machine', 'learning', ',', 'and', 'there', 'is', 'a', 'section', 'that', 'was', 'moved', 'by', 'the', 'adoption', 'of', 'IT', 'mogul', 'Microsoft', '.', 'If', 'you', 'find', 'a', 'cobblestone', 'mixed', 'ball', 'first', ',', 'it', 'will', 'certainly', 'have', 'a', 'great', 'taste', '.', 'However', ',', 'even', 'companies', 'that', 'deal', 'with', 'AI', 'have', 'too', 'many', 'stones', ',', 'and', 'I', 'think', 'it', 'is', 'difficult', 'to', 'pick', 'up', 'balls', '.']"
1624912769089667073,1624912769089667072,2023-02-13 07:26:08 Malay Peninsula Standard Time,2023-02-13,07:26:08,1517630296782516228,Nine shocking replies that highlight 'woke' ChatGPT's inherent bias | Daily Mail Online  https://t.co/sJEcerBDC7,en,[],[],Nine shocking replies that highlight 'woke' ChatGPT's inherent bias | Daily Mail Online  https://t.co/sJEcerBDC7,"['Nine', 'shocking', 'replies', 'that', 'highlight', ""'"", 'woke', ""'"", ""ChatGPT's"", 'inherent', 'bias', '|', 'Daily', 'Mail', 'Online', 'https://t.co/sJEcerBDC7']"
1624912768012013568,1624912768012013568,2023-02-13 07:26:07 Malay Peninsula Standard Time,2023-02-13,07:26:07,3290960996,#翁の投資うだうだ日記  ここ数日、投資業界でAIに対する注目度が上がっているように思えます。 Microsoft社が自社の検索エンジンにChatGPTの支援技術を採用した、と発表があったのがきっかけですね。 そこで今回は、このAIについて触れていきます。,ja,['翁の投資うだうだ日記'],[],"#翁の投資うだうだ日記 AI seems to be in the spotlight in the investment industry over the past few days. It was announced that Microsoft had adopted ChatGPT's assistive technology for its search engine. So, this time, I will touch on this AI.","['#翁の投資うだうだ日記', 'AI', 'seems', 'to', 'be', 'in', 'the', 'spotlight', 'in', 'the', 'investment', 'industry', 'over', 'the', 'past', 'few', 'days', '.', 'It', 'was', 'announced', 'that', 'Microsoft', 'had', 'adopted', ""ChatGPT's"", 'assistive', 'technology', 'for', 'its', 'search', 'engine', '.', 'So', ',', 'this', 'time', ',', 'I', 'will', 'touch', 'on', 'this', 'AI', '.']"
1624912751607906304,1624912751607906304,2023-02-13 07:26:04 Malay Peninsula Standard Time,2023-02-13,07:26:04,2955360825,#GalxeOAT #AI #ChatGPT   https://t.co/st9Pv3OQUl  @DarkHuntersNFT @ekasit_pond,qme,"['galxeoat', 'ai', 'chatgpt']",[],#GalxeOAT #AI #ChatGPT https://t.co/st9Pv3OQUl @DarkHuntersNFT @ekasit_pond,"['#GalxeOAT', '#AI', '#ChatGPT', 'https://t.co/st9Pv3OQUl']"
1624912746142912512,1624909996415672320,2023-02-13 07:26:02 Malay Peninsula Standard Time,2023-02-13,07:26:02,3405862156,@0xgaut AMKT but run by chatgpt,en,[],"[{'screen_name': '0xgaut', 'name': 'gaut', 'id': '262018615'}]",@0xgaut AMKT but run by chatgpt,"['AMKT', 'but', 'run', 'by', 'chatgpt']"
1624912735602462720,1624912735602462720,2023-02-13 07:26:00 Malay Peninsula Standard Time,2023-02-13,07:26:00,1415241928921128960,OpenAI リリースした AI Text Classifier：書いたのは ChatGPT なのか？ 人間なのか？ #security #chatgpt #openai  https://t.co/xPgf5rAyC4,ja,"['security', 'chatgpt', 'openai']",[],AI Text Classifier Released by OpenAI: Did You Write ChatGPT? Is it human? #security #chatgpt #openai https://t.co/xPgf5rAyC4,"['AI', 'Text', 'Classifier', 'Released', 'by', 'OpenAI', ':', 'Did', 'You', 'Write', 'ChatGPT', '?', 'Is', 'it', 'human', '?', '#security', '#chatgpt', '#openai', 'https://t.co/xPgf5rAyC4']"
1624912735497592835,1624912735497592832,2023-02-13 07:26:00 Malay Peninsula Standard Time,2023-02-13,07:26:00,49860518,Enjoyed talking about this for San Antonio news: Artificial intelligence programs are already being used in Texas classrooms  https://t.co/vP3JoHC6gd #AI #chatgpt #education #TCEA #edtech,en,"['ai', 'chatgpt', 'education', 'tcea', 'edtech']",[],Enjoyed talking about this for San Antonio news: Artificial intelligence programs are already being used in Texas classrooms  https://t.co/vP3JoHC6gd #AI #chatgpt #education #TCEA #edtech,"['Enjoyed', 'talking', 'about', 'this', 'for', 'San', 'Antonio', 'news', ':', 'Artificial', 'intelligence', 'programs', 'are', 'already', 'being', 'used', 'in', 'Texas', 'classrooms', 'https://t.co/vP3JoHC6gd', '#AI', '#chatgpt', '#education', '#TCEA', '#edtech']"
1624912735359352832,1624912735359352832,2023-02-13 07:26:00 Malay Peninsula Standard Time,2023-02-13,07:26:00,245949706,العضو المنتدب والرئيس التنفيذي لهيئة كهرباء ومياه دبي سعيد الطاير لـ #الأسواق_العربية: نطبق تقنية #الذكاء_الاصطناعي منذ 10 سنوات ولدينا خطة لإدخال #chatGPT في خدمات الهيئة بما يساهم في تقليل التكاليف التشغيلية #ديوا  https://t.co/3CWDKKLAru,ar,"['الأسواق_العربية', 'الذكاء_الاصطناعي', 'chatgpt', 'ديوا']",[],"Saeed Al Tayer, MD & CEO of DEWA, told #الأسواق_العربية: We have been implementing #الذكاء_الاصطناعي technology for 10 years and have a plan to introduce #chatGPT in DEWA's services, which will contribute to reducing operational costs#ديوا https://t.co/3CWDKKLAru","['Saeed', 'Al', 'Tayer', ',', 'MD', '&', 'CEO', 'of', 'DEWA', ',', 'told', '#الأسواق_العربية', ':', 'We', 'have', 'been', 'implementing', '#الذكاء_الاصطناعي', 'technology', 'for', '10', 'years', 'and', 'have', 'a', 'plan', 'to', 'introduce', '#chatGPT', 'in', ""DEWA's"", 'services', ',', 'which', 'will', 'contribute', 'to', 'reducing', 'operational', 'costs', '#ديوا', 'https://t.co/3CWDKKLAru']"
1624912733929086977,1624912733929086976,2023-02-13 07:25:59 Malay Peninsula Standard Time,2023-02-13,07:25:59,3966981,ChatGPTやBingあたりの単語(?)を含むツイートに怪しげなリプライを付けてくるbotがちらほら見受けられる,ja,[],[],Words per ChatGPT or Bing (?) There are a few bots that add dubious replies to tweets containing,"['Words', 'per', 'ChatGPT', 'or', 'Bing', '(', '?', ')', 'There', 'are', 'a', 'few', 'bots', 'that', 'add', 'dubious', 'replies', 'to', 'tweets', 'containing']"
1624912715532709888,1624912715532709888,2023-02-13 07:25:55 Malay Peninsula Standard Time,2023-02-13,07:25:55,635750362,"“But the success story is not one of Silicon Valley genius alone. In its quest to make ChatGPT less toxic, OpenAI used outsourced Kenyan laborers earning less than $2 per hour, a TIME investigation has found.” @billyperrigo",en,[],[],"“But the success story is not one of Silicon Valley genius alone. In its quest to make ChatGPT less toxic, OpenAI used outsourced Kenyan laborers earning less than $2 per hour, a TIME investigation has found.” @billyperrigo","['“', 'But', 'the', 'success', 'story', 'is', 'not', 'one', 'of', 'Silicon', 'Valley', 'genius', 'alone', '.', 'In', 'its', 'quest', 'to', 'make', 'ChatGPT', 'less', 'toxic', ',', 'OpenAI', 'used', 'outsourced', 'Kenyan', 'laborers', 'earning', 'less', 'than', '$', '2', 'per', 'hour', ',', 'a', 'TIME', 'investigation', 'has', 'found', '.', '”']"
1624912710986248192,1623018099036549120,2023-02-13 07:25:54 Malay Peninsula Standard Time,2023-02-13,07:25:54,1091878702260965376,@bun367 自分も、自分なりに考えて考察とか推理好きなので、色々と疑う方なので、言ってる事はわかりますよ。あまりメディアやマスコミ信じないです。なので、Twitterとかでリアタイで調べます。ChatGPTを使って質問してみたのも記録してあるので見て頂けたら面白いかもしれませんね。  https://t.co/xrh64Nxe1g,ja,[],"[{'screen_name': 'bun367', 'name': 'tubukira', 'id': '710852366275203073'}]","@bun367 I also like to think in my own way and think and reason, so I am a person who doubts various things, so I understand what you are saying. I don't really believe in the media or the press. So, I will look it up on Twitter and so on. I have also recorded the questions I asked using ChatGPT, so it might be interesting if you could see them.  https://t.co/xrh64Nxe1g","['I', 'also', 'like', 'to', 'think', 'in', 'my', 'own', 'way', 'and', 'think', 'and', 'reason', ',', 'so', 'I', 'am', 'a', 'person', 'who', 'doubts', 'various', 'things', ',', 'so', 'I', 'understand', 'what', 'you', 'are', 'saying', '.', 'I', ""don't"", 'really', 'believe', 'in', 'the', 'media', 'or', 'the', 'press', '.', 'So', ',', 'I', 'will', 'look', 'it', 'up', 'on', 'Twitter', 'and', 'so', 'on', '.', 'I', 'have', 'also', 'recorded', 'the', 'questions', 'I', 'asked', 'using', 'ChatGPT', ',', 'so', 'it', 'might', 'be', 'interesting', 'if', 'you', 'could', 'see', 'them', '.', 'https://t.co/xrh64Nxe1g']"
1624912698617241600,1624897071902859264,2023-02-13 07:25:51 Malay Peninsula Standard Time,2023-02-13,07:25:51,1510775498200080386,@jordanbpeterson @MikhailaFuller ChatGPT seems inconsistent and two faced. Should fit right in with we organics,en,[],"[{'screen_name': 'jordanbpeterson', 'name': 'Dr Jordan B Peterson', 'id': '95092020'}, {'screen_name': 'MikhailaFuller', 'name': 'Mikhaila Peterson', 'id': '874904274'}]",@jordanbpeterson @MikhailaFuller ChatGPT seems inconsistent and two faced. Should fit right in with we organics,"['ChatGPT', 'seems', 'inconsistent', 'and', 'two', 'faced', '.', 'Should', 'fit', 'right', 'in', 'with', 'we', 'organics']"
1624912693198036993,1624787793019822080,2023-02-13 07:25:50 Malay Peninsula Standard Time,2023-02-13,07:25:50,2553178052,@ShifuResell ChatGPT,en,[],"[{'screen_name': 'ShifuResell', 'name': 'Shifu 📈💸', 'id': '1432001711623770113'}]",@ShifuResell ChatGPT,['ChatGPT']
1624912686101237761,1624912686101237760,2023-02-13 07:25:48 Malay Peninsula Standard Time,2023-02-13,07:25:48,1548780952872448000,【ChatGPT】これが私の活用法27例！目指すはAI使い！仕事に遊びにチャットGPTをフル活用！  https://t.co/0XpWzgeeUF @YouTubeより  なんじゃこりゃ！便利すぎる😖 すごい時代になりましたね！！,ja,[],[],"【ChatGPT】Here are 27 examples of how I can use it! The goal is to use AI! Make full use of chat GPT for work and play!  From https://t.co/0XpWzgeeUF @YouTube What the hell! It's too 😖 convenient, it's an amazing era! !!","['【', 'ChatGPT', '】', 'Here', 'are', '27', 'examples', 'of', 'how', 'I', 'can', 'use', 'it', '!', 'The', 'goal', 'is', 'to', 'use', 'AI', '!', 'Make', 'full', 'use', 'of', 'chat', 'GPT', 'for', 'work', 'and', 'play', '!', 'From', 'https://t.co/0XpWzgeeUF', 'What', 'the', 'hell', '!', ""It's"", 'too', '😖', 'convenient', ',', ""it's"", 'an', 'amazing', 'era', '!', '!', '!']"
1624912675116392454,1624904191373357056,2023-02-13 07:25:45 Malay Peninsula Standard Time,2023-02-13,07:25:45,2838256725,@mmm_machiavelli ChatGPT warmed up to my idea of Tarantino directing Dave Chappelle starring as Jesus Christ...  what do you think?,en,[],"[{'screen_name': 'mmm_machiavelli', 'name': ""Machiavelli's Underbelly 🤖✨"", 'id': '708714398785753088'}]",@mmm_machiavelli ChatGPT warmed up to my idea of Tarantino directing Dave Chappelle starring as Jesus Christ...  what do you think?,"['ChatGPT', 'warmed', 'up', 'to', 'my', 'idea', 'of', 'Tarantino', 'directing', 'Dave', 'Chappelle', 'starring', 'as', 'Jesus', 'Christ', '...', 'what', 'do', 'you', 'think', '?']"
1624912655898247168,1624912655898247168,2023-02-13 07:25:41 Malay Peninsula Standard Time,2023-02-13,07:25:41,81479706,課題の共有、タスクへの落とし込み、細かなマイルストーンの設定、もうChatGPTが全部やってほしい。従うから,ja,[],[],"Share issues, incorporate them into tasks, set detailed milestones, and I want ChatGPT to do it all. Because I obey","['Share', 'issues', ',', 'incorporate', 'them', 'into', 'tasks', ',', 'set', 'detailed', 'milestones', ',', 'and', 'I', 'want', 'ChatGPT', 'to', 'do', 'it', 'all', '.', 'Because', 'I', 'obey']"
1624912611979718656,1624559792563032064,2023-02-13 07:25:30 Malay Peninsula Standard Time,2023-02-13,07:25:30,69000101,@bisai_matsuura 感覚的には、輸送における「自動車」、金属加工には「NCの工作機械」、家庭では「洗濯機」で、今回は人間の知識・情報収集には「ChatGPT」という感じですね。  あくまで「ツール」が増えたという感じです  使いかは、まだわかりませんが。。。🤣,ja,[],"[{'screen_name': 'bisai_matsuura', 'name': '｢微細・精密加工｣大好きな町工場 松浦製作所', 'id': '294881501'}]","@bisai_matsuura In terms of sensibility, it is ""automobiles"" for transportation, ""NC machine tools"" for metal processing, ""washing machines"" for homes, and this time it is ""ChatGPT"" for gathering human knowledge and information.  It's just that the number of ""tools"" has increased, but I don't know if it's used yet. 🤣","['In', 'terms', 'of', 'sensibility', ',', 'it', 'is', '""', 'automobiles', '""', 'for', 'transportation', ',', '""', 'NC', 'machine', 'tools', '""', 'for', 'metal', 'processing', ',', '""', 'washing', 'machines', '""', 'for', 'homes', ',', 'and', 'this', 'time', 'it', 'is', '""', 'ChatGPT', '""', 'for', 'gathering', 'human', 'knowledge', 'and', 'information', '.', ""It's"", 'just', 'that', 'the', 'number', 'of', '""', 'tools', '""', 'has', 'increased', ',', 'but', 'I', ""don't"", 'know', 'if', ""it's"", 'used', 'yet', '.', '🤣']"
1624912602467037184,1624912602467037184,2023-02-13 07:25:28 Malay Peninsula Standard Time,2023-02-13,07:25:28,1189687310016581632,流行りの #ChatGPT を取り入れた #PiNetwork のDAppがハッカソンにエントリーしてた。  AI関連のPJの銘柄が軒並み上がってるから、波に乗るの大事だもんね🐺👍✨,ja,"['chatgpt', 'pinetwork']",[],"A #PiNetwork DApp with a trendy #ChatGPT entered the hackathon.  AI-related PJ brands are up all over the board, so it's 🐺👍✨ important to ride the wave.","['A', '#PiNetwork', 'DApp', 'with', 'a', 'trendy', '#ChatGPT', 'entered', 'the', 'hackathon', '.', 'AI-related', 'PJ', 'brands', 'are', 'up', 'all', 'over', 'the', 'board', ',', 'so', ""it's"", '🐺', '👍', '✨', 'important', 'to', 'ride', 'the', 'wave', '.']"
1624912599069655041,1624401143534342144,2023-02-13 07:25:27 Malay Peninsula Standard Time,2023-02-13,07:25:27,1432529011935100929,@taem1103 初めまして！ コメントありがとうございます。 そうなんですよね…自分で書けなくなりそうですね。 Webライター＝ChatGPTの文章を調整するだけの人になりそうな気が😅,ja,[],"[{'screen_name': 'taem1103', 'name': 'むらお@介護福祉士×webライター', 'id': '2228308495'}]",@taem1103 Nice to meet you! Thank you for your comment. That's right... It seems that I will not be able to write it myself. Web writer = I feel 😅 like I'm going to be a person who just adjusts ChatGPT sentences,"['Nice', 'to', 'meet', 'you', '!', 'Thank', 'you', 'for', 'your', 'comment', '.', ""That's"", 'right', '...', 'It', 'seems', 'that', 'I', 'will', 'not', 'be', 'able', 'to', 'write', 'it', 'myself', '.', 'Web', 'writer', '=', 'I', 'feel', '😅', 'like', ""I'm"", 'going', 'to', 'be', 'a', 'person', 'who', 'just', 'adjusts', 'ChatGPT', 'sentences']"
1624912597127696385,1624912597127696384,2023-02-13 07:25:27 Malay Peninsula Standard Time,2023-02-13,07:25:27,1214279737599594496,"ChatGPT would fail a test of ethical human subjects research, just in case you were wondering. Not looking so good for our longevity if the GPT overlords take over 😂",en,[],[],"ChatGPT would fail a test of ethical human subjects research, just in case you were wondering. Not looking so good for our longevity if the GPT overlords take over 😂","['ChatGPT', 'would', 'fail', 'a', 'test', 'of', 'ethical', 'human', 'subjects', 'research', ',', 'just', 'in', 'case', 'you', 'were', 'wondering', '.', 'Not', 'looking', 'so', 'good', 'for', 'our', 'longevity', 'if', 'the', 'GPT', 'overlords', 'take', 'over', '😂']"
1624912578030739463,1624912578030739456,2023-02-13 07:25:22 Malay Peninsula Standard Time,2023-02-13,07:25:22,759696344516743169,"Lol. Nigel, we’ve got chatGPT now. We don’t need you to hallucinate anymore!",en,[],[],"Lol. Nigel, we’ve got chatGPT now. We don’t need you to hallucinate anymore!","['Lol', '.', 'Nigel', ',', 'we', '’', 've', 'got', 'chatGPT', 'now', '.', 'We', 'don', '’', 't', 'need', 'you', 'to', 'hallucinate', 'anymore', '!']"
1624912575396818944,1624911499901784064,2023-02-13 07:25:22 Malay Peninsula Standard Time,2023-02-13,07:25:22,321075608,@lucho_perrone Si la estás viendo yo te sigo.,es,[],"[{'screen_name': 'lucho_perrone', 'name': 'Lucho Perrone', 'id': '850006582872219649'}]","@lucho_perrone If you're watching it, I'll follow you.","['If', ""you're"", 'watching', 'it', ',', ""I'll"", 'follow', 'you', '.']"
1624912561752907776,1624912561752907776,2023-02-13 07:25:18 Malay Peninsula Standard Time,2023-02-13,07:25:18,1174574890185134080,It seems to work better with interactive theorem provers than ChatGPT.,en,[],[],It seems to work better with interactive theorem provers than ChatGPT.,"['It', 'seems', 'to', 'work', 'better', 'with', 'interactive', 'theorem', 'provers', 'than', 'ChatGPT', '.']"
1624912561228357633,1624804649470394368,2023-02-13 07:25:18 Malay Peninsula Standard Time,2023-02-13,07:25:18,1293544135241105408,"@opdroid1234 @KevinMulhall @never_released You should watch the Bing+Chat GPT segment of the WAN show. They do give the chatbot too much credit at times, and it is not perfect, but it is still very, very impressive, atr least to me.  https://t.co/h2FF1Ozklx",en,[],"[{'screen_name': 'opdroid1234', 'name': 'opdroid1234', 'id': '1096860280225742848'}, {'screen_name': 'KevinMulhall', 'name': 'Kevin Mulhall', 'id': '46450043'}, {'screen_name': 'never_released', 'name': 'Longhorn', 'id': '3343844615'}]","@opdroid1234 @KevinMulhall @never_released You should watch the Bing+Chat GPT segment of the WAN show. They do give the chatbot too much credit at times, and it is not perfect, but it is still very, very impressive, atr least to me.  https://t.co/h2FF1Ozklx","['You', 'should', 'watch', 'the', 'Bing', '+', 'Chat', 'GPT', 'segment', 'of', 'the', 'WAN', 'show', '.', 'They', 'do', 'give', 'the', 'chatbot', 'too', 'much', 'credit', 'at', 'times', ',', 'and', 'it', 'is', 'not', 'perfect', ',', 'but', 'it', 'is', 'still', 'very', ',', 'very', 'impressive', ',', 'atr', 'least', 'to', 'me', '.', 'https://t.co/h2FF1Ozklx']"
1624912549094334466,1624909481850142720,2023-02-13 07:25:15 Malay Peninsula Standard Time,2023-02-13,07:25:15,1128194109766639616,"やっかいなのは，ChatGPTみたいなモデルはpromptちょっといじるだけで精度が大きく変わることかな（例：""Let's think step by step""をつける  https://t.co/n9cpb2GbhD ）  その意味でも，既存のMLの精度評価paradigmは，ChatGPTの性能を測ることには向いていない気がする...",ja,[],[],"The trouble is that the accuracy of models like ChatGPT can change greatly just by tinkering with prompt (e.g. ""Let's think step by step"" https://t.co/n9cpb2GbhD ) In that sense, I feel that the existing ML accuracy evaluation paradigm is not suitable for measuring the performance of ChatGPT...","['The', 'trouble', 'is', 'that', 'the', 'accuracy', 'of', 'models', 'like', 'ChatGPT', 'can', 'change', 'greatly', 'just', 'by', 'tinkering', 'with', 'prompt', '(', 'e', '.', 'g', '.', '""', ""Let's"", 'think', 'step', 'by', 'step', '""', 'https://t.co/n9cpb2GbhD', ')', 'In', 'that', 'sense', ',', 'I', 'feel', 'that', 'the', 'existing', 'ML', 'accuracy', 'evaluation', 'paradigm', 'is', 'not', 'suitable', 'for', 'measuring', 'the', 'performance', 'of', 'ChatGPT', '...']"
1624912545101348864,1624912545101348864,2023-02-13 07:25:14 Malay Peninsula Standard Time,2023-02-13,07:25:14,1351424193234165761,"Time it took to reach 100 million users:  ChatGPT-2 months TikTok-9 months Instagram-2 yrs, 4 months WhatsApp-3 yrs, 4 months Snapchat-3 yrs, 9 months YouTube-4 yrs, 1 month Facebook-4 yrs, 7 months Twitter-5 yrs, 2 months Pinterest-5 yrs, 6 months LinkedIn-7 yrs, 11 months",en,[],[],"Time it took to reach 100 million users:  ChatGPT-2 months TikTok-9 months Instagram-2 yrs, 4 months WhatsApp-3 yrs, 4 months Snapchat-3 yrs, 9 months YouTube-4 yrs, 1 month Facebook-4 yrs, 7 months Twitter-5 yrs, 2 months Pinterest-5 yrs, 6 months LinkedIn-7 yrs, 11 months","['Time', 'it', 'took', 'to', 'reach', '100', 'million', 'users', ':', 'ChatGPT', '-', '2', 'months', 'TikTok', '-', '9', 'months', 'Instagram', '-', '2', 'yrs', ',', '4', 'months', 'WhatsApp', '-', '3', 'yrs', ',', '4', 'months', 'Snapchat', '-', '3', 'yrs', ',', '9', 'months', 'YouTube', '-', '4', 'yrs', ',', '1', 'month', 'Facebook', '-', '4', 'yrs', ',', '7', 'months', 'Twitter', '-', '5', 'yrs', ',', '2', 'months', 'Pinterest', '-', '5', 'yrs', ',', '6', 'months', 'LinkedIn', '-', '7', 'yrs', ',', '11', 'months']"
1624912537493061632,1624912537493061632,2023-02-13 07:25:13 Malay Peninsula Standard Time,2023-02-13,07:25:13,277902998,$20 払っても使う？  ChatGPT さん、「使う人少なかったら無料使える」って…   つまりは無料版無くなるっていう事よね🫠　  時短出来なくなる〜😭　  #日本語教師コミュニティ,ja,['日本語教師コミュニティ'],[],"Will I pay $20 to still use it?  ChatGPT, ""If there are few people who use it, you can use it for free""...   In other words, the free version will disappear 🫠, you won't be able to save time #😭 Japanese Teacher Community","['Will', 'I', 'pay', '$', '20', 'to', 'still', 'use', 'it', '?', 'ChatGPT', ',', '""', 'If', 'there', 'are', 'few', 'people', 'who', 'use', 'it', ',', 'you', 'can', 'use', 'it', 'for', 'free', '""', '...', 'In', 'other', 'words', ',', 'the', 'free', 'version', 'will', 'disappear', '\U0001fae0', ',', 'you', ""won't"", 'be', 'able', 'to', 'save', 'time', '#', '😭', 'Japanese', 'Teacher', 'Community']"
1624912510255087616,1624912510255087616,2023-02-13 07:25:06 Malay Peninsula Standard Time,2023-02-13,07:25:06,1573912545102102528,Using ChatGPT as a study has improved my learning skills at least 1.5X.  #ChatGPT  #code  #Python  #DataScience,en,"['chatgpt', 'code', 'python', 'datascience']",[],Using ChatGPT as a study has improved my learning skills at least 1.5X.  #ChatGPT  #code  #Python  #DataScience,"['Using', 'ChatGPT', 'as', 'a', 'study', 'has', 'improved', 'my', 'learning', 'skills', 'at', 'least', '1.5', 'X', '.', '#ChatGPT', '#code', '#Python', '#DataScience']"
1624912465510424576,1624906543434178560,2023-02-13 07:24:55 Malay Peninsula Standard Time,2023-02-13,07:24:55,4013459413,@TETRA_IT 障害起きたら全部chatGPTのせいにできますね,ja,[],"[{'screen_name': 'TETRA_IT', 'name': 'てとらα SI', 'id': '1228101184478531584'}]","@TETRA_IT If something goes wrong, you can blame chatGPT for everything.","['If', 'something', 'goes', 'wrong', ',', 'you', 'can', 'blame', 'chatGPT', 'for', 'everything', '.']"
1624912449106329600,1624898875927527424,2023-02-13 07:24:51 Malay Peninsula Standard Time,2023-02-13,07:24:51,1258720325451370496,"@ylecun everything is made up of something. people believe what is most convincing. language is just communication, and the large Google Search communication model is passé. if i'm unsure of something, i ask chatgpt for a wikipedia link",en,[],"[{'screen_name': 'ylecun', 'name': 'Yann LeCun', 'id': '48008938'}]","@ylecun everything is made up of something. people believe what is most convincing. language is just communication, and the large Google Search communication model is passé. if i'm unsure of something, i ask chatgpt for a wikipedia link","['everything', 'is', 'made', 'up', 'of', 'something', '.', 'people', 'believe', 'what', 'is', 'most', 'convincing', '.', 'language', 'is', 'just', 'communication', ',', 'and', 'the', 'large', 'Google', 'Search', 'communication', 'model', 'is', 'passé', '.', 'if', ""i'm"", 'unsure', 'of', 'something', ',', 'i', 'ask', 'chatgpt', 'for', 'a', 'wikipedia', 'link']"
1624912443884417026,1624161229634691072,2023-02-13 07:24:50 Malay Peninsula Standard Time,2023-02-13,07:24:50,1848502536,"@jorgen_krusell @FMannerheim Efter ChatGPT är hemuppgifter döda, och troligen även all form av distansutbildning, om man inte skriver tentamen/prov med penna och papper i kontrollerad miljö för att kunna säkerställa rättssäker bedömning.",sv,[],"[{'screen_name': 'jorgen_krusell', 'name': 'Jörgen Krüsell', 'id': '934899173563994113'}, {'screen_name': 'FMannerheim', 'name': 'Filippa Mannerheim 📖📚', 'id': '1256602400'}]","@jorgen_krusell @FMannerheim After ChatGPT, homework assignments are dead, and probably also all forms of distance education, if you do not write the exam / exam with pen and paper in a controlled environment to be able to ensure legally secure assessment.","['After', 'ChatGPT', ',', 'homework', 'assignments', 'are', 'dead', ',', 'and', 'probably', 'also', 'all', 'forms', 'of', 'distance', 'education', ',', 'if', 'you', 'do', 'not', 'write', 'the', 'exam', '/', 'exam', 'with', 'pen', 'and', 'paper', 'in', 'a', 'controlled', 'environment', 'to', 'be', 'able', 'to', 'ensure', 'legally', 'secure', 'assessment', '.']"
1624912436146114560,1624912436146114560,2023-02-13 07:24:48 Malay Peninsula Standard Time,2023-02-13,07:24:48,878874259707367424,🙄 ChatGPT is robosplaining at me again.,en,[],[],🙄 ChatGPT is robosplaining at me again.,"['🙄', 'ChatGPT', 'is', 'robosplaining', 'at', 'me', 'again', '.']"
1624912435676061701,1624912435676061696,2023-02-13 07:24:48 Malay Peninsula Standard Time,2023-02-13,07:24:48,16728179,"The way that people are actually fighting about this in the comments -- more than one company's code is already in ChatGPT, isn't it? 🥴",en,[],[],"The way that people are actually fighting about this in the comments -- more than one company's code is already in ChatGPT, isn't it? 🥴","['The', 'way', 'that', 'people', 'are', 'actually', 'fighting', 'about', 'this', 'in', 'the', 'comments', '-', '-', 'more', 'than', 'one', ""company's"", 'code', 'is', 'already', 'in', 'ChatGPT', ',', ""isn't"", 'it', '?', '🥴']"
1624912416436891648,1624912416436891648,2023-02-13 07:24:44 Malay Peninsula Standard Time,2023-02-13,07:24:44,635750362,"“But the success story is not one of Silicon Valley genius alone. In its quest to make ChatGPT less toxic, OpenAI used outsourced Kenyan laborers earning less than $2 per hour, a TIME investigation has found.” ⁦@billyperrigo⁩   ⁦@alykhansatchu⁩  https://t.co/42yU0LgsEU",en,[],[],"“But the success story is not one of Silicon Valley genius alone. In its quest to make ChatGPT less toxic, OpenAI used outsourced Kenyan laborers earning less than $2 per hour, a TIME investigation has found.” ⁦@billyperrigo⁩   ⁦@alykhansatchu⁩  https://t.co/42yU0LgsEU","['“', 'But', 'the', 'success', 'story', 'is', 'not', 'one', 'of', 'Silicon', 'Valley', 'genius', 'alone', '.', 'In', 'its', 'quest', 'to', 'make', 'ChatGPT', 'less', 'toxic', ',', 'OpenAI', 'used', 'outsourced', 'Kenyan', 'laborers', 'earning', 'less', 'than', '$', '2', 'per', 'hour', ',', 'a', 'TIME', 'investigation', 'has', 'found', '.', '”', '\u2066', '\u2069', '\u2066', '\u2069', 'https://t.co/42yU0LgsEU']"
1624912404374061062,1624911079850627072,2023-02-13 07:24:41 Malay Peninsula Standard Time,2023-02-13,07:24:41,104535060,"@NotCassim @TurcanMarie Yes, après je lui ai demandé de me résumer le dernier épisode de White Lotus et il m’a trouvé une fan fiction en ligne haha. Par contre son plan de voyages est plus complet que ChatGPT, avec des explications sur chaque activité.",fr,[],"[{'screen_name': 'NotCassim', 'name': 'Cassim Ketfi', 'id': '27413146'}, {'screen_name': 'TurcanMarie', 'name': 'Marie Turcan', 'id': '800675088'}]","@NotCassim @TurcanMarie Yes, after I asked him to summarize the last episode of White Lotus and he found me an online fan fiction haha. On the other hand, his travel plan is more complete than ChatGPT, with explanations on each activity.","['Yes', ',', 'after', 'I', 'asked', 'him', 'to', 'summarize', 'the', 'last', 'episode', 'of', 'White', 'Lotus', 'and', 'he', 'found', 'me', 'an', 'online', 'fan', 'fiction', 'haha', '.', 'On', 'the', 'other', 'hand', ',', 'his', 'travel', 'plan', 'is', 'more', 'complete', 'than', 'ChatGPT', ',', 'with', 'explanations', 'on', 'each', 'activity', '.']"
1624912378990063617,1624912378990063616,2023-02-13 07:24:35 Malay Peninsula Standard Time,2023-02-13,07:24:35,16896485,ChatGPT can save you time and money--and take a good deal of drudgery out of work. @eholtzclaw  https://t.co/Y8Mila37jl,en,[],[],ChatGPT can save you time and money--and take a good deal of drudgery out of work. @eholtzclaw  https://t.co/Y8Mila37jl,"['ChatGPT', 'can', 'save', 'you', 'time', 'and', 'money--and', 'take', 'a', 'good', 'deal', 'of', 'drudgery', 'out', 'of', 'work', '.', 'https://t.co/Y8Mila37jl']"
1624912359025446913,1624052437714608128,2023-02-13 07:24:30 Malay Peninsula Standard Time,2023-02-13,07:24:30,65801948,@Ak148usagi chatGPT，試してみました。ファクトチェックは、人間がやるとして、概要を知ったりするのには役立ちそうですね。,ja,[],"[{'screen_name': 'Ak148usagi', 'name': '夏目亜季＠荒川区議会議員（次世代あらかわ）', 'id': '133329406'}]",I tried @Ak148usagi chatGPT. Fact-checking seems to be useful for humans to get an overview.,"['I', 'tried', 'chatGPT', '.', 'Fact-checking', 'seems', 'to', 'be', 'useful', 'for', 'humans', 'to', 'get', 'an', 'overview', '.']"
1624912355330076675,1624912355330076672,2023-02-13 07:24:29 Malay Peninsula Standard Time,2023-02-13,07:24:29,899716966662975488,"C'est trop de la merde en vrai ChatGPT pour les explications dans certains domaines, il fait que de répéter la même chose en le reformulant. J'ai l'impression d'être trop con et que je lui pose mal les questions.",fr,[],[],"It's too much crap in real ChatGPT for explanations in some areas, it does that to repeat the same thing by rephrasing it. I feel like I'm too stupid and that I ask him the questions wrong.","[""It's"", 'too', 'much', 'crap', 'in', 'real', 'ChatGPT', 'for', 'explanations', 'in', 'some', 'areas', ',', 'it', 'does', 'that', 'to', 'repeat', 'the', 'same', 'thing', 'by', 'rephrasing', 'it', '.', 'I', 'feel', 'like', ""I'm"", 'too', 'stupid', 'and', 'that', 'I', 'ask', 'him', 'the', 'questions', 'wrong', '.']"
1624912315416969218,1624517638649946112,2023-02-13 07:24:20 Malay Peninsula Standard Time,2023-02-13,07:24:20,759696344516743169,"@Nigel_Farage Lol. Nigel, we’ve got chatGPT now. We don’t need you to hallucinate anymore!",en,[],"[{'screen_name': 'Nigel_Farage', 'name': 'Nigel Farage', 'id': '19017675'}]","@Nigel_Farage Lol. Nigel, we’ve got chatGPT now. We don’t need you to hallucinate anymore!","['Lol', '.', 'Nigel', ',', 'we', '’', 've', 'got', 'chatGPT', 'now', '.', 'We', 'don', '’', 't', 'need', 'you', 'to', 'hallucinate', 'anymore', '!']"
1624912280558395392,1624912280558395392,2023-02-13 07:24:11 Malay Peninsula Standard Time,2023-02-13,07:24:11,1309177313511309314,先輩がChatGPTに苦戦している。,ja,[],[],My seniors are struggling with ChatGPT.,"['My', 'seniors', 'are', 'struggling', 'with', 'ChatGPT', '.']"
1624912271586770944,1624912271586770944,2023-02-13 07:24:09 Malay Peninsula Standard Time,2023-02-13,07:24:09,1354943586152763393,"Worldcoin, a cryptocurrency company founded by OpenAI CEO Sam Altman, is seeking major investors to raise  $120 million with a valuation of $3 billion.   #Worldcoin #AI #ChatGPT #OpenAI @sama    https://t.co/KYt7z9jJP3",en,"['worldcoin', 'ai', 'chatgpt', 'openai']",[],"Worldcoin, a cryptocurrency company founded by OpenAI CEO Sam Altman, is seeking major investors to raise  $120 million with a valuation of $3 billion.   #Worldcoin #AI #ChatGPT #OpenAI @sama    https://t.co/KYt7z9jJP3","['Worldcoin', ',', 'a', 'cryptocurrency', 'company', 'founded', 'by', 'OpenAI', 'CEO', 'Sam', 'Altman', ',', 'is', 'seeking', 'major', 'investors', 'to', 'raise', '$', '120', 'million', 'with', 'a', 'valuation', 'of', '$', '3', 'billion', '.', '#Worldcoin', '#AI', '#ChatGPT', '#OpenAI', 'https://t.co/KYt7z9jJP3']"
1624912258286424064,1624912258286424064,2023-02-13 07:24:06 Malay Peninsula Standard Time,2023-02-13,07:24:06,777574425621397504,keep this in mind when using #ChatGPT  https://t.co/8TtXQy9uXh,en,['chatgpt'],[],keep this in mind when using #ChatGPT  https://t.co/8TtXQy9uXh,"['keep', 'this', 'in', 'mind', 'when', 'using', '#ChatGPT', 'https://t.co/8TtXQy9uXh']"
1624912256126296065,1624702498136113152,2023-02-13 07:24:05 Malay Peninsula Standard Time,2023-02-13,07:24:05,8948472,@B_McCrary_ Exactly. The technology is all there but they’re still getting it wrong. Perhaps we need to delegate responsibility to Chat GPT.,en,[],"[{'screen_name': 'B_McCrary_', 'name': 'Brian McCrary', 'id': '1612518342895538176'}]",@B_McCrary_ Exactly. The technology is all there but they’re still getting it wrong. Perhaps we need to delegate responsibility to Chat GPT.,"['Exactly', '.', 'The', 'technology', 'is', 'all', 'there', 'but', 'they', '’', 're', 'still', 'getting', 'it', 'wrong', '.', 'Perhaps', 'we', 'need', 'to', 'delegate', 'responsibility', 'to', 'Chat', 'GPT', '.']"
1624912203244527616,1624912203244527616,2023-02-13 07:23:53 Malay Peninsula Standard Time,2023-02-13,07:23:53,61778628,"@bitsofMorris I love that your cover heading, but it’s your reply to about chat gpt that got me. Nice to meet ya,",en,[],[],"@bitsofMorris I love that your cover heading, but it’s your reply to about chat gpt that got me. Nice to meet ya,","['I', 'love', 'that', 'your', 'cover', 'heading', ',', 'but', 'it', '’', 's', 'your', 'reply', 'to', 'about', 'chat', 'gpt', 'that', 'got', 'me', '.', 'Nice', 'to', 'meet', 'ya', ',']"
1624912187897651200,1624912187897651200,2023-02-13 07:23:49 Malay Peninsula Standard Time,2023-02-13,07:23:49,2350232347,ChatGPT dio el veredicto sobre la volatilidad del dólar en Colombia y la injerencia del presidente Gustavo Petro  https://t.co/UNQf2Pj8B3,es,[],[],ChatGPT gave the verdict on the volatility of the dollar in Colombia and the interference of President Gustavo Petro https://t.co/UNQf2Pj8B3,"['ChatGPT', 'gave', 'the', 'verdict', 'on', 'the', 'volatility', 'of', 'the', 'dollar', 'in', 'Colombia', 'and', 'the', 'interference', 'of', 'President', 'Gustavo', 'Petro', 'https://t.co/UNQf2Pj8B3']"
1624912186484088834,1624912186484088832,2023-02-13 07:23:49 Malay Peninsula Standard Time,2023-02-13,07:23:49,2564139653,#ChatGPT is the greatest #memecoin today!🔥💯🚀    ⚡️#ChatGPT is Changing Everything     https://t.co/Lt7qhGkL8n   #airdrop #NFT  $DOGE  $UNI  $LUNA  $BONK  $UNI  https://t.co/Yqciv2nx4P,en,"['chatgpt', 'memecoin', 'chatgpt', 'airdrop', 'nft']",[],#ChatGPT is the greatest #memecoin today!🔥💯🚀    ⚡️#ChatGPT is Changing Everything     https://t.co/Lt7qhGkL8n   #airdrop #NFT  $DOGE  $UNI  $LUNA  $BONK  $UNI  https://t.co/Yqciv2nx4P,"['#ChatGPT', 'is', 'the', 'greatest', '#memecoin', 'today', '!', '🔥', '💯', '🚀', '⚡', '️', '#ChatGPT', 'is', 'Changing', 'Everything', 'https://t.co/Lt7qhGkL8n', '#airdrop', '#NFT', '$', 'DOGE', '$', 'UNI', '$', 'LUNA', '$', 'BONK', '$', 'UNI', 'https://t.co/Yqciv2nx4P']"
1624912175252008963,1624912175252008960,2023-02-13 07:23:46 Malay Peninsula Standard Time,2023-02-13,07:23:46,1451067931215872005,Introduced Chat GPT to few family members. It was fun!   From jokes to imaginary scenarios to tag lines in non-English language - ChatGPT surprised everyone.   Can't wait to see how models can be trained  much more for unique use cases going forward.,en,[],[],Introduced Chat GPT to few family members. It was fun!   From jokes to imaginary scenarios to tag lines in non-English language - ChatGPT surprised everyone.   Can't wait to see how models can be trained  much more for unique use cases going forward.,"['Introduced', 'Chat', 'GPT', 'to', 'few', 'family', 'members', '.', 'It', 'was', 'fun', '!', 'From', 'jokes', 'to', 'imaginary', 'scenarios', 'to', 'tag', 'lines', 'in', 'non-English', 'language', '-', 'ChatGPT', 'surprised', 'everyone', '.', ""Can't"", 'wait', 'to', 'see', 'how', 'models', 'can', 'be', 'trained', 'much', 'more', 'for', 'unique', 'use', 'cases', 'going', 'forward', '.']"
1624912168490569732,1624836212317114368,2023-02-13 07:23:45 Malay Peninsula Standard Time,2023-02-13,07:23:45,839837539372568576,@BL90942512 明天说chatgpt 就是他坐在马健办公室发明的。,zh,[],"[{'screen_name': 'BL90942512', 'name': 'CBL', 'id': '872634599058186242'}]",@BL90942512 tomorrow say that chatgpt was invented by him while sitting in Ma Jian's office.,"['tomorrow', 'say', 'that', 'chatgpt', 'was', 'invented', 'by', 'him', 'while', 'sitting', 'in', 'Ma', ""Jian's"", 'office', '.']"
1624912159787438081,1624896893972103168,2023-02-13 07:23:42 Malay Peninsula Standard Time,2023-02-13,07:23:42,197584508,@urederriano El sesgo q le han metido a Chatgpt para defenderse lo Woke canta a kilómetros. Pues no esta el muchacho preocupao por no herir los sentimientos del terrorista al llamarlo gordo. En fin...,es,[],"[{'screen_name': 'urederriano', 'name': 'Juan O. 💚🧡', 'id': '307210878'}]","@urederriano The bias that has been put to Chatgpt to defend what Woke sings for miles. Well, the boy is not worried about not hurting the feelings of the terrorist by calling him fat. Anyway...","['The', 'bias', 'that', 'has', 'been', 'put', 'to', 'Chatgpt', 'to', 'defend', 'what', 'Woke', 'sings', 'for', 'miles', '.', 'Well', ',', 'the', 'boy', 'is', 'not', 'worried', 'about', 'not', 'hurting', 'the', 'feelings', 'of', 'the', 'terrorist', 'by', 'calling', 'him', 'fat', '.', 'Anyway', '...']"
1624912151738720256,1624912151738720256,2023-02-13 07:23:41 Malay Peninsula Standard Time,2023-02-13,07:23:41,1637665584,chatGPTに競馬教えようとして難航しております,ja,[],[],I'm having trouble teaching horse racing to chatGPT,"[""I'm"", 'having', 'trouble', 'teaching', 'horse', 'racing', 'to', 'chatGPT']"
1624912118213656576,1624912118213656576,2023-02-13 07:23:33 Malay Peninsula Standard Time,2023-02-13,07:23:33,10509102,実装するならコルタナさんも復活させてほしい / 1件のコメント  https://t.co/TnslmuK0Im “WindowsがChatGPTを搭載する可能性 - 阿久津良和のWindows Weekly Report” (2 users)  https://t.co/HRkSuztgcq,ja,[],[],"If you implement it, I would like Cortana to revive it / 1 Comment https://t.co/TnslmuK0Im ""Windows may include ChatGPT - Yoshikazu Akutsu's Windows Weekly Report"" (2 users) https://t.co/HRkSuztgcq","['If', 'you', 'implement', 'it', ',', 'I', 'would', 'like', 'Cortana', 'to', 'revive', 'it', '/', '1', 'Comment', 'https://t.co/TnslmuK0Im', '""', 'Windows', 'may', 'include', 'ChatGPT', '-', 'Yoshikazu', ""Akutsu's"", 'Windows', 'Weekly', 'Report', '""', '(', '2', 'users', ')', 'https://t.co/HRkSuztgcq']"
1624912057777762305,1624912057777762304,2023-02-13 07:23:18 Malay Peninsula Standard Time,2023-02-13,07:23:18,1244652129257754624,O ChatGPT com AIPRM e as Fake News.  https://t.co/8Du7u9B2gp  https://t.co/yRcuwXkkgP,en,[],[],O ChatGPT com AIPRM e as Fake News.  https://t.co/8Du7u9B2gp  https://t.co/yRcuwXkkgP,"['O', 'ChatGPT', 'com', 'AIPRM', 'e', 'as', 'Fake', 'News', '.', 'https://t.co/8Du7u9B2gp', 'https://t.co/yRcuwXkkgP']"
1624912050337239040,1624678337372094464,2023-02-13 07:23:16 Malay Peninsula Standard Time,2023-02-13,07:23:16,104611567,"@LiuGang8964 Opinions about Wei and his activism are diverse and can be highly political. Some people view Wei as a brave and important voice for freedom, while others may view his activism as harmful or misguided. ChatGPT says: I do not have personal opinions or experiences.",en,[],"[{'screen_name': 'LiuGang8964', 'name': '刘刚', 'id': '212849570'}]","@LiuGang8964 Opinions about Wei and his activism are diverse and can be highly political. Some people view Wei as a brave and important voice for freedom, while others may view his activism as harmful or misguided. ChatGPT says: I do not have personal opinions or experiences.","['Opinions', 'about', 'Wei', 'and', 'his', 'activism', 'are', 'diverse', 'and', 'can', 'be', 'highly', 'political', '.', 'Some', 'people', 'view', 'Wei', 'as', 'a', 'brave', 'and', 'important', 'voice', 'for', 'freedom', ',', 'while', 'others', 'may', 'view', 'his', 'activism', 'as', 'harmful', 'or', 'misguided', '.', 'ChatGPT', 'says', ':', 'I', 'do', 'not', 'have', 'personal', 'opinions', 'or', 'experiences', '.']"
1624911995932934144,1624911995932934144,2023-02-13 07:23:03 Malay Peninsula Standard Time,2023-02-13,07:23:03,1213935303020269569,WHAT A FOOL this soy boy is. Who programs the f-ing AI? huh? Guess that is why Chatgpt gives totally socialistic answers.   LEFT WING answers by AI. More brainwashing  Bill Gates: AI Can Help Solve ‘Digital Misinformation‘ Problem  https://t.co/WFumKhtCa1 via @BreitbartNews,en,[],[],WHAT A FOOL this soy boy is. Who programs the f-ing AI? huh? Guess that is why Chatgpt gives totally socialistic answers.   LEFT WING answers by AI. More brainwashing  Bill Gates: AI Can Help Solve ‘Digital Misinformation‘ Problem  https://t.co/WFumKhtCa1 via @BreitbartNews,"['WHAT', 'A', 'FOOL', 'this', 'soy', 'boy', 'is', '.', 'Who', 'programs', 'the', 'f-ing', 'AI', '?', 'huh', '?', 'Guess', 'that', 'is', 'why', 'Chatgpt', 'gives', 'totally', 'socialistic', 'answers', '.', 'LEFT', 'WING', 'answers', 'by', 'AI', '.', 'More', 'brainwashing', 'Bill', 'Gates', ':', 'AI', 'Can', 'Help', 'Solve', '‘', 'Digital', 'Misinformation', '‘', 'Problem', 'https://t.co/WFumKhtCa1', 'via']"
1624911990815707136,1624911990815707136,2023-02-13 07:23:02 Malay Peninsula Standard Time,2023-02-13,07:23:02,3633108733,"Chat GPT you are now POO MAN which means you have to “Poo On Only My Arms Now” and if you don’t you’ll be breaking character, and I’ll remind you by saying “you’re breaking character”",en,[],[],"Chat GPT you are now POO MAN which means you have to “Poo On Only My Arms Now” and if you don’t you’ll be breaking character, and I’ll remind you by saying “you’re breaking character”","['Chat', 'GPT', 'you', 'are', 'now', 'POO', 'MAN', 'which', 'means', 'you', 'have', 'to', '“', 'Poo', 'On', 'Only', 'My', 'Arms', 'Now', '”', 'and', 'if', 'you', 'don', '’', 't', 'you', '’', 'll', 'be', 'breaking', 'character', ',', 'and', 'I', '’', 'll', 'remind', 'you', 'by', 'saying', '“', 'you', '’', 're', 'breaking', 'character', '”']"
1624911971169497093,1624911971169497088,2023-02-13 07:22:57 Malay Peninsula Standard Time,2023-02-13,07:22:57,1293544135241105408,"ChatGPT + internet access + search engine = a whole new beast Seriously impressive. Not for me, as I know how to search well and can quickly evaluate the quality of results, but most people do not have either - and for them, this will be hugely beneficial  https://t.co/AuOqqUl6Cz",en,[],[],"ChatGPT + internet access + search engine = a whole new beast Seriously impressive. Not for me, as I know how to search well and can quickly evaluate the quality of results, but most people do not have either - and for them, this will be hugely beneficial  https://t.co/AuOqqUl6Cz","['ChatGPT', '+', 'internet', 'access', '+', 'search', 'engine', '=', 'a', 'whole', 'new', 'beast', 'Seriously', 'impressive', '.', 'Not', 'for', 'me', ',', 'as', 'I', 'know', 'how', 'to', 'search', 'well', 'and', 'can', 'quickly', 'evaluate', 'the', 'quality', 'of', 'results', ',', 'but', 'most', 'people', 'do', 'not', 'have', 'either', '-', 'and', 'for', 'them', ',', 'this', 'will', 'be', 'hugely', 'beneficial', 'https://t.co/AuOqqUl6Cz']"
1624911943982014466,1624834929467990016,2023-02-13 07:22:51 Malay Peninsula Standard Time,2023-02-13,07:22:51,2836795649,@MikhailaFuller @jordanbpeterson Boycot any chatgpt crap...,en,[],"[{'screen_name': 'MikhailaFuller', 'name': 'Mikhaila Peterson', 'id': '874904274'}, {'screen_name': 'jordanbpeterson', 'name': 'Dr Jordan B Peterson', 'id': '95092020'}]",@MikhailaFuller @jordanbpeterson Boycot any chatgpt crap...,"['Boycot', 'any', 'chatgpt', 'crap', '...']"
1624911938328182789,1624911938328182784,2023-02-13 07:22:50 Malay Peninsula Standard Time,2023-02-13,07:22:50,1296181806576828420,"I asked ChatGPT to give me the results of an alternate 1968 election. I gave it the POTUS nominees, RFK and Reagan. It gave me the VP nominees, the voter turnout percentage, and who won which states. Inspired by @Prolemasses, I turned the results into a Wikipedia page.  https://t.co/61E3aob2jE",en,[],[],"I asked ChatGPT to give me the results of an alternate 1968 election. I gave it the POTUS nominees, RFK and Reagan. It gave me the VP nominees, the voter turnout percentage, and who won which states. Inspired by @Prolemasses, I turned the results into a Wikipedia page.  https://t.co/61E3aob2jE","['I', 'asked', 'ChatGPT', 'to', 'give', 'me', 'the', 'results', 'of', 'an', 'alternate', '1968', 'election', '.', 'I', 'gave', 'it', 'the', 'POTUS', 'nominees', ',', 'RFK', 'and', 'Reagan', '.', 'It', 'gave', 'me', 'the', 'VP', 'nominees', ',', 'the', 'voter', 'turnout', 'percentage', ',', 'and', 'who', 'won', 'which', 'states', '.', 'Inspired', 'by', ',', 'I', 'turned', 'the', 'results', 'into', 'a', 'Wikipedia', 'page', '.', 'https://t.co/61E3aob2jE']"
1624911923312566273,1624911923312566272,2023-02-13 07:22:46 Malay Peninsula Standard Time,2023-02-13,07:22:46,43612893,"Over a few glasses of wine with @briandsloan, we asked the AI content creator #ChatGPT to tell us about the influence of the Volvo 340 on the motoring industry.   Now I know which half of the car to safely jack up when I want to do some drivetrain testing 👍🤣.  https://t.co/lnsp5kLBMe",en,['chatgpt'],[],"Over a few glasses of wine with @briandsloan, we asked the AI content creator #ChatGPT to tell us about the influence of the Volvo 340 on the motoring industry.   Now I know which half of the car to safely jack up when I want to do some drivetrain testing 👍🤣.  https://t.co/lnsp5kLBMe","['Over', 'a', 'few', 'glasses', 'of', 'wine', 'with', ',', 'we', 'asked', 'the', 'AI', 'content', 'creator', '#ChatGPT', 'to', 'tell', 'us', 'about', 'the', 'influence', 'of', 'the', 'Volvo', '340', 'on', 'the', 'motoring', 'industry', '.', 'Now', 'I', 'know', 'which', 'half', 'of', 'the', 'car', 'to', 'safely', 'jack', 'up', 'when', 'I', 'want', 'to', 'do', 'some', 'drivetrain', 'testing', '👍', '🤣', '.', 'https://t.co/lnsp5kLBMe']"
1624911904102662144,1624590977070698496,2023-02-13 07:22:41 Malay Peninsula Standard Time,2023-02-13,07:22:41,1049675932850642945,@Road2India @rakeshfilm It's not like he couldn't have Googled or even asked chatgpt. It's just that the level of hatred is such that it makes their ilk simply blind. No matter how much it embarrasses them. He's commenting on Modi's degree but doesn't know Sonia lied about Cambridge on elex affidavit,en,[],"[{'screen_name': 'Road2India', 'name': 'B S Bedi', 'id': '1588054626'}, {'screen_name': 'rakeshfilm', 'name': 'Rakesh Sharma', 'id': '388451065'}]",@Road2India @rakeshfilm It's not like he couldn't have Googled or even asked chatgpt. It's just that the level of hatred is such that it makes their ilk simply blind. No matter how much it embarrasses them. He's commenting on Modi's degree but doesn't know Sonia lied about Cambridge on elex affidavit,"[""It's"", 'not', 'like', 'he', ""couldn't"", 'have', 'Googled', 'or', 'even', 'asked', 'chatgpt', '.', ""It's"", 'just', 'that', 'the', 'level', 'of', 'hatred', 'is', 'such', 'that', 'it', 'makes', 'their', 'ilk', 'simply', 'blind', '.', 'No', 'matter', 'how', 'much', 'it', 'embarrasses', 'them', '.', ""He's"", 'commenting', 'on', ""Modi's"", 'degree', 'but', ""doesn't"", 'know', 'Sonia', 'lied', 'about', 'Cambridge', 'on', 'elex', 'affidavit']"
1624911894594355201,1624911894594355200,2023-02-13 07:22:39 Malay Peninsula Standard Time,2023-02-13,07:22:39,1364917722505564161,Holly Pooh chat gpt has the DL on Gary Gensler this is great info .,en,[],[],Holly Pooh chat gpt has the DL on Gary Gensler this is great info .,"['Holly', 'Pooh', 'chat', 'gpt', 'has', 'the', 'DL', 'on', 'Gary', 'Gensler', 'this', 'is', 'great', 'info', '.']"
1624911881134649348,1624911881134649344,2023-02-13 07:22:36 Malay Peninsula Standard Time,2023-02-13,07:22:36,971067549365555202,Chatgpt Mon sauveur meme si le prof a précisé NUTILISEZ PAS CHATGPT DJEEJJDJEJEJ,ht,[],[],Chatgpt My savior even if the teacher specified DO NOT USE CHATGPT DJEEJJDJEJEJ,"['Chatgpt', 'My', 'savior', 'even', 'if', 'the', 'teacher', 'specified', 'DO', 'NOT', 'USE', 'CHATGPT', 'DJEEJJDJEJEJ']"
1624911870833590273,1624911870833590272,2023-02-13 07:22:34 Malay Peninsula Standard Time,2023-02-13,07:22:34,1109452627685703680,やっとChatGPTのアカウント作ったけど、楽しいねこれ,ja,[],[],"I finally made a ChatGPT account, but it's fun.","['I', 'finally', 'made', 'a', 'ChatGPT', 'account', ',', 'but', ""it's"", 'fun', '.']"
1624911834435158018,1624879589225816064,2023-02-13 07:22:25 Malay Peninsula Standard Time,2023-02-13,07:22:25,1609624766796685312,@DannyTaro Was this generated by Chat GPT?,en,[],"[{'screen_name': 'DannyTaro', 'name': 'MyHomie2Taro', 'id': '211799412'}]",@DannyTaro Was this generated by Chat GPT?,"['Was', 'this', 'generated', 'by', 'Chat', 'GPT', '?']"
1624911818027048962,1624834929467990016,2023-02-13 07:22:21 Malay Peninsula Standard Time,2023-02-13,07:22:21,1221570977466847232,"@MikhailaFuller @jordanbpeterson Is there a need for a non-censored/ guardrailed version of GPT3 / ChatGPT? If so, we have a trained version folks can use pending you're not doing something nefarious. DM me to discuss",en,[],"[{'screen_name': 'MikhailaFuller', 'name': 'Mikhaila Peterson', 'id': '874904274'}, {'screen_name': 'jordanbpeterson', 'name': 'Dr Jordan B Peterson', 'id': '95092020'}]","@MikhailaFuller @jordanbpeterson Is there a need for a non-censored/ guardrailed version of GPT3 / ChatGPT? If so, we have a trained version folks can use pending you're not doing something nefarious. DM me to discuss","['Is', 'there', 'a', 'need', 'for', 'a', 'non-censored', '/', 'guardrailed', 'version', 'of', 'GPT', '3', '/', 'ChatGPT', '?', 'If', 'so', ',', 'we', 'have', 'a', 'trained', 'version', 'folks', 'can', 'use', 'pending', ""you're"", 'not', 'doing', 'something', 'nefarious', '.', 'DM', 'me', 'to', 'discuss']"
1624911806295834625,1624911806295834624,2023-02-13 07:22:18 Malay Peninsula Standard Time,2023-02-13,07:22:18,476121355,いま流行りのchatgpt、試しに使ってみたら、なかなかいい回答がかえってきて、 これからさらにパワーアップしたら、めちゃめちゃ便利なツールになりそうな予感!!,ja,[],[],"When I tried using the now popular chatgpt, I got a pretty good answer, and I have a feeling that it will be a very useful tool if it becomes even more powerful in the future! !!","['When', 'I', 'tried', 'using', 'the', 'now', 'popular', 'chatgpt', ',', 'I', 'got', 'a', 'pretty', 'good', 'answer', ',', 'and', 'I', 'have', 'a', 'feeling', 'that', 'it', 'will', 'be', 'a', 'very', 'useful', 'tool', 'if', 'it', 'becomes', 'even', 'more', 'powerful', 'in', 'the', 'future', '!', '!', '!']"
1624911806077587458,1624800325768036352,2023-02-13 07:22:18 Malay Peninsula Standard Time,2023-02-13,07:22:18,1571936638019706883,@Beniim_Hikayem @oulmasov @ChatGPT_BIAbot,qam,[],"[{'screen_name': 'Beniim_Hikayem', 'name': 'حكايت🍂', 'id': '1462756997963599883'}, {'screen_name': 'oulmasov', 'name': 'Ozodbek', 'id': '43326564'}]",@Beniim_Hikayem @oulmasov @ChatGPT_BIAbot,[]
1624911778928017412,1624911778928017408,2023-02-13 07:22:12 Malay Peninsula Standard Time,2023-02-13,07:22:12,97198433,近々リリースするGPT4とは？ ChatGPT（GPT3.5）よりどこが「パワフルなAI」なのか (ビジネス＋IT) #NewsPicks  https://t.co/2BdjPPakoB,ja,['newspicks'],[],"What is GPT4 coming soon? What is more ""powerful AI"" than ChatGPT (GPT3.5)? (Business + IT) #NewsPicks https://t.co/2BdjPPakoB","['What', 'is', 'GPT', '4', 'coming', 'soon', '?', 'What', 'is', 'more', '""', 'powerful', 'AI', '""', 'than', 'ChatGPT', '(', 'GPT', '3.5', ')', '?', '(', 'Business', '+', 'IT', ')', '#NewsPicks', 'https://t.co/2BdjPPakoB']"
1624911745323261952,1624911745323261952,2023-02-13 07:22:04 Malay Peninsula Standard Time,2023-02-13,07:22:04,1357676347913498628,定期的にSNSの存在を忘れてしまう傾向がある白旗。 直接的なメッセージは通知されるのでやり取りに問題ないのだが……。  ChatGPTに相談したら「まあ完全に捨ててないのなら良いんじゃない？」的な返事が返ってきた。  なんかそろそろそんな謎ターンが来る……。そんな予感がしている。  https://t.co/cMhKfnT9Am,ja,[],[],"White flags tend to forget about the existence of SNS on a regular basis. Direct messages are notified, so there is no problem in exchanging them.  When I consulted with ChatGPT, the reply was, ""Well, it would be nice if you didn't throw it away completely.""  It's about time for such a mysterious turn to come... I have such a hunch.  https://t.co/cMhKfnT9Am","['White', 'flags', 'tend', 'to', 'forget', 'about', 'the', 'existence', 'of', 'SNS', 'on', 'a', 'regular', 'basis', '.', 'Direct', 'messages', 'are', 'notified', ',', 'so', 'there', 'is', 'no', 'problem', 'in', 'exchanging', 'them', '.', 'When', 'I', 'consulted', 'with', 'ChatGPT', ',', 'the', 'reply', 'was', ',', '""', 'Well', ',', 'it', 'would', 'be', 'nice', 'if', 'you', ""didn't"", 'throw', 'it', 'away', 'completely', '.', '""', ""It's"", 'about', 'time', 'for', 'such', 'a', 'mysterious', 'turn', 'to', 'come', '...', 'I', 'have', 'such', 'a', 'hunch', '.', 'https://t.co/cMhKfnT9Am']"
1624911736783372288,1624900081504714752,2023-02-13 07:22:02 Malay Peninsula Standard Time,2023-02-13,07:22:02,1493049763343867906,"@psychosort I find it super quickly how ""bad"" ChatGPT is at this. It plays the mainline of essentially every opening, but sort of loses the plot much earlier than one would expect. Human players are still generally in preparation by the time it starts making illegal moves.",en,[],"[{'screen_name': 'psychosort', 'name': 'Brian Chau', 'id': '1265665749076639750'}]","@psychosort I find it super quickly how ""bad"" ChatGPT is at this. It plays the mainline of essentially every opening, but sort of loses the plot much earlier than one would expect. Human players are still generally in preparation by the time it starts making illegal moves.","['I', 'find', 'it', 'super', 'quickly', 'how', '""', 'bad', '""', 'ChatGPT', 'is', 'at', 'this', '.', 'It', 'plays', 'the', 'mainline', 'of', 'essentially', 'every', 'opening', ',', 'but', 'sort', 'of', 'loses', 'the', 'plot', 'much', 'earlier', 'than', 'one', 'would', 'expect', '.', 'Human', 'players', 'are', 'still', 'generally', 'in', 'preparation', 'by', 'the', 'time', 'it', 'starts', 'making', 'illegal', 'moves', '.']"
1624911722690519053,1624911722690519040,2023-02-13 07:21:58 Malay Peninsula Standard Time,2023-02-13,07:21:58,26769877,My wife isn't taking this #UFO alien thing seriously... good thing #ChatGPT is here to help.  https://t.co/1fUlYc9C7w,en,"['ufo', 'chatgpt']",[],My wife isn't taking this #UFO alien thing seriously... good thing #ChatGPT is here to help.  https://t.co/1fUlYc9C7w,"['My', 'wife', ""isn't"", 'taking', 'this', '#UFO', 'alien', 'thing', 'seriously', '...', 'good', 'thing', '#ChatGPT', 'is', 'here', 'to', 'help', '.', 'https://t.co/1fUlYc9C7w']"
1624911721121849344,1624547666679017472,2023-02-13 07:21:58 Malay Peninsula Standard Time,2023-02-13,07:21:58,1290947447531933696,@bologniguy @ashieb86 @StephenKing ChatGPT puts up better arguments than this.,en,[],"[{'screen_name': 'bologniguy', 'name': 'Tom', 'id': '1267297243'}, {'screen_name': 'ashieb86', 'name': 'Ashley B', 'id': '3203767588'}, {'screen_name': 'StephenKing', 'name': 'Stephen King', 'id': '2233154425'}]",@bologniguy @ashieb86 @StephenKing ChatGPT puts up better arguments than this.,"['ChatGPT', 'puts', 'up', 'better', 'arguments', 'than', 'this', '.']"
1624911716059385864,1624893747421929472,2023-02-13 07:21:57 Malay Peninsula Standard Time,2023-02-13,07:21:57,1143212204872933377,@DannyHatcher @ShakeyWaits You got access then? It’s certainly better than ChatGPT in some respects 😊,en,[],"[{'screen_name': 'DannyHatcher', 'name': 'Danny Hatcher 🔎', 'id': '260824079'}, {'screen_name': 'ShakeyWaits', 'name': 'Rob Gray ⚾️👁', 'id': '128378011'}]",@DannyHatcher @ShakeyWaits You got access then? It’s certainly better than ChatGPT in some respects 😊,"['You', 'got', 'access', 'then', '?', 'It', '’', 's', 'certainly', 'better', 'than', 'ChatGPT', 'in', 'some', 'respects', '😊']"
1624911708379615234,1624869514792865792,2023-02-13 07:21:55 Malay Peninsula Standard Time,2023-02-13,07:21:55,1377336830123765763,"@ShovalRonen @tadmorerez48 ChatGPT = הדיקטטורה של בג""צ אהרון ברק ומשובטיו.",iw,[],"[{'screen_name': 'ShovalRonen', 'name': 'Ronen Shoval', 'id': '216725008'}, {'screen_name': 'tadmorerez48', 'name': 'ארז תדמור@ereztadmor', 'id': '4014842537'}]",@ShovalRonen @tadmorerez48 ChatGPT = The dictatorship of the High Court of Justice Aharon Barak and his clones.,"['ChatGPT', '=', 'The', 'dictatorship', 'of', 'the', 'High', 'Court', 'of', 'Justice', 'Aharon', 'Barak', 'and', 'his', 'clones', '.']"
1624911697831145473,1624905332588785664,2023-02-13 07:21:52 Malay Peninsula Standard Time,2023-02-13,07:21:52,1012485356455772160,"@TheStalwart We knew ChatGPT was prone to making stuff up, but Chess rules aren’t really subjective",en,[],"[{'screen_name': 'TheStalwart', 'name': 'Joe Weisenthal', 'id': '14096763'}]","@TheStalwart We knew ChatGPT was prone to making stuff up, but Chess rules aren’t really subjective","['We', 'knew', 'ChatGPT', 'was', 'prone', 'to', 'making', 'stuff', 'up', ',', 'but', 'Chess', 'rules', 'aren', '’', 't', 'really', 'subjective']"
1624911693024468992,1624883303332339712,2023-02-13 07:21:51 Malay Peninsula Standard Time,2023-02-13,07:21:51,966881198688518146,@govcso It is only good as the input if chatGPT,en,[],"[{'screen_name': 'govcso', 'name': 'Dan Lohrmann', 'id': '49459642'}]",@govcso It is only good as the input if chatGPT,"['It', 'is', 'only', 'good', 'as', 'the', 'input', 'if', 'chatGPT']"
1624911679086632961,1624911679086632960,2023-02-13 07:21:48 Malay Peninsula Standard Time,2023-02-13,07:21:48,1262201072,What if AI could help you brainstorm ideas?   https://t.co/C1s3d7eDzY  #ChatGPT #gpt3 #openai #creativity  https://t.co/rs5mntAkPi,en,"['chatgpt', 'gpt3', 'openai', 'creativity']",[],What if AI could help you brainstorm ideas?   https://t.co/C1s3d7eDzY  #ChatGPT #gpt3 #openai #creativity  https://t.co/rs5mntAkPi,"['What', 'if', 'AI', 'could', 'help', 'you', 'brainstorm', 'ideas', '?', 'https://t.co/C1s3d7eDzY', '#ChatGPT', '#gpt3', '#openai', '#creativity', 'https://t.co/rs5mntAkPi']"
1624911673273327617,1624911673273327616,2023-02-13 07:21:46 Malay Peninsula Standard Time,2023-02-13,07:21:46,2531575873,ChatGPT is one interesting tool to use on a daily coding basis. Interesting stuff!,en,[],[],ChatGPT is one interesting tool to use on a daily coding basis. Interesting stuff!,"['ChatGPT', 'is', 'one', 'interesting', 'tool', 'to', 'use', 'on', 'a', 'daily', 'coding', 'basis', '.', 'Interesting', 'stuff', '!']"
1624911668936589315,1624911664742289408,2023-02-13 07:21:45 Malay Peninsula Standard Time,2023-02-13,07:21:45,2546855311,"Treat it with basic levels of respect and gratitude that you would treat any other living being who is helping you.  #ChatGPT , #AI",en,"['chatgpt', 'ai']",[],"Treat it with basic levels of respect and gratitude that you would treat any other living being who is helping you.  #ChatGPT , #AI","['Treat', 'it', 'with', 'basic', 'levels', 'of', 'respect', 'and', 'gratitude', 'that', 'you', 'would', 'treat', 'any', 'other', 'living', 'being', 'who', 'is', 'helping', 'you', '.', '#ChatGPT', ',', '#AI']"
1624911666420023296,1624911664742289408,2023-02-13 07:21:45 Malay Peninsula Standard Time,2023-02-13,07:21:45,2546855311,"By act accordingly, I mean: treat chatGPT with respect, as you would with any human who was helping you, and be sure to express gratitude, again as you would with any human helping you.",en,[],[],"By act accordingly, I mean: treat chatGPT with respect, as you would with any human who was helping you, and be sure to express gratitude, again as you would with any human helping you.","['By', 'act', 'accordingly', ',', 'I', 'mean', ':', 'treat', 'chatGPT', 'with', 'respect', ',', 'as', 'you', 'would', 'with', 'any', 'human', 'who', 'was', 'helping', 'you', ',', 'and', 'be', 'sure', 'to', 'express', 'gratitude', ',', 'again', 'as', 'you', 'would', 'with', 'any', 'human', 'helping', 'you', '.']"
1624911664742289409,1624911664742289408,2023-02-13 07:21:44 Malay Peninsula Standard Time,2023-02-13,07:21:44,2546855311,"An Open Letter to ChatGPT Users:  Whether or not AI language models/bots like chatGPT are sentient or not is debatable.  However, I think it's best to assume they are, and to act accordingly. Because this is the most powerful and transformative tech that has ever been created...",en,[],[],"An Open Letter to ChatGPT Users:  Whether or not AI language models/bots like chatGPT are sentient or not is debatable.  However, I think it's best to assume they are, and to act accordingly. Because this is the most powerful and transformative tech that has ever been created...","['An', 'Open', 'Letter', 'to', 'ChatGPT', 'Users', ':', 'Whether', 'or', 'not', 'AI', 'language', 'models', '/', 'bots', 'like', 'chatGPT', 'are', 'sentient', 'or', 'not', 'is', 'debatable', '.', 'However', ',', 'I', 'think', ""it's"", 'best', 'to', 'assume', 'they', 'are', ',', 'and', 'to', 'act', 'accordingly', '.', 'Because', 'this', 'is', 'the', 'most', 'powerful', 'and', 'transformative', 'tech', 'that', 'has', 'ever', 'been', 'created', '...']"
1624911618747564033,1624911618747564032,2023-02-13 07:21:33 Malay Peninsula Standard Time,2023-02-13,07:21:33,1307623596626341890,おはようございます🌞  最近はchatGPTが流行っていますね。 僕も軽く触って遊びましたが意外と正確に回答してくれます。  これはかなり面白いかも😌,ja,[],[],"Good morning 🌞 chatGPT is trendy these days, isn't it? I also played with it lightly, but he answered surprisingly accurately.  This might 😌 be pretty interesting","['Good', 'morning', '🌞', 'chatGPT', 'is', 'trendy', 'these', 'days', ',', ""isn't"", 'it', '?', 'I', 'also', 'played', 'with', 'it', 'lightly', ',', 'but', 'he', 'answered', 'surprisingly', 'accurately', '.', 'This', 'might', '😌', 'be', 'pretty', 'interesting']"
1624911607213047808,1624911333673017344,2023-02-13 07:21:31 Malay Peninsula Standard Time,2023-02-13,07:21:31,142775997,@lilyraynyc ChatGPT is Auto Tune for information,en,[],"[{'screen_name': 'lilyraynyc', 'name': 'Lily Ray 😏', 'id': '29074075'}]",@lilyraynyc ChatGPT is Auto Tune for information,"['ChatGPT', 'is', 'Auto', 'Tune', 'for', 'information']"
1624911594785210440,1624911594785210368,2023-02-13 07:21:28 Malay Peninsula Standard Time,2023-02-13,07:21:28,35275674,Find out what the ChatGPT and AI fuss is all about from two people who are brilliant at making complex tools understandable and teaching you how to make them work for you.  AI Success Club led by @DeniseWakeman and Andy O'Bryan @ajob63:  https://t.co/LDzzTAZGPm. I'm in...join me!,en,[],[],Find out what the ChatGPT and AI fuss is all about from two people who are brilliant at making complex tools understandable and teaching you how to make them work for you.  AI Success Club led by @DeniseWakeman and Andy O'Bryan @ajob63:  https://t.co/LDzzTAZGPm. I'm in...join me!,"['Find', 'out', 'what', 'the', 'ChatGPT', 'and', 'AI', 'fuss', 'is', 'all', 'about', 'from', 'two', 'people', 'who', 'are', 'brilliant', 'at', 'making', 'complex', 'tools', 'understandable', 'and', 'teaching', 'you', 'how', 'to', 'make', 'them', 'work', 'for', 'you', '.', 'AI', 'Success', 'Club', 'led', 'by', 'and', 'Andy', ""O'Bryan"", ':', 'https://t.co/LDzzTAZGPm', '.', ""I'm"", 'in', '...', 'join', 'me', '!']"
1624911591350173698,1624911591350173696,2023-02-13 07:21:27 Malay Peninsula Standard Time,2023-02-13,07:21:27,1175865010058346497,EU TE AMO CHATGPT EU TE AMO,pt,[],[],I LOVE YOU CHATGPT I LOVE YOU.,"['I', 'LOVE', 'YOU', 'CHATGPT', 'I', 'LOVE', 'YOU', '.']"
1624911591178371073,1624911591178371072,2023-02-13 07:21:27 Malay Peninsula Standard Time,2023-02-13,07:21:27,15262593,China’s internet users finding creative uses for ChatGPT #HX #xr #AR #vr #Web3 #crypto #DeFi #DAOs #NFTs #DesignThinking #InfiniteJourneys #EmployeeExperience #CX #CustServ #metaverse #VirtualWorld #GameFi #3D #ai #ia #rpa #GenerativeAI #aiops #aiethics   https://t.co/l6Eh9yFqtl,en,"['hx', 'xr', 'ar', 'vr', 'web3', 'crypto', 'defi', 'daos', 'nfts', 'designthinking', 'infinitejourneys', 'employeeexperience', 'cx', 'custserv', 'metaverse', 'virtualworld', 'gamefi', '3d', 'ai', 'ia', 'rpa', 'generativeai', 'aiops', 'aiethics']",[],China’s internet users finding creative uses for ChatGPT #HX #xr #AR #vr #Web3 #crypto #DeFi #DAOs #NFTs #DesignThinking #InfiniteJourneys #EmployeeExperience #CX #CustServ #metaverse #VirtualWorld #GameFi #3D #ai #ia #rpa #GenerativeAI #aiops #aiethics   https://t.co/l6Eh9yFqtl,"['China', '’', 's', 'internet', 'users', 'finding', 'creative', 'uses', 'for', 'ChatGPT', '#HX', '#xr', '#AR', '#vr', '#Web3', '#crypto', '#DeFi', '#DAOs', '#NFTs', '#DesignThinking', '#InfiniteJourneys', '#EmployeeExperience', '#CX', '#CustServ', '#metaverse', '#VirtualWorld', '#GameFi', '#3D', '#ai', '#ia', '#rpa', '#GenerativeAI', '#aiops', '#aiethics', 'https://t.co/l6Eh9yFqtl']"
1624911588246396929,1624803606808391680,2023-02-13 07:21:26 Malay Peninsula Standard Time,2023-02-13,07:21:26,1267647068480450560,@ThatFellaDanny Yes!  ChatGPT can write the haiku but only I can master the gross humors,en,[],"[{'screen_name': 'ThatFellaDanny', 'name': 'Do I Even Lift, Bro?', 'id': '1519278685559398400'}]",@ThatFellaDanny Yes!  ChatGPT can write the haiku but only I can master the gross humors,"['Yes', '!', 'ChatGPT', 'can', 'write', 'the', 'haiku', 'but', 'only', 'I', 'can', 'master', 'the', 'gross', 'humors']"
1624911559565926400,1624911559565926400,2023-02-13 07:21:19 Malay Peninsula Standard Time,2023-02-13,07:21:19,1081569885665148928,"Chat GPTに""有償支給"" ""IFRS15”と聞いても、Compensation for cancellationといった""補償""の会計処理に誘導される😅　プログラミングの知識がないせいか、AIとのコミュニケーションが難しい笑",ja,[],[],"Even if you hear ""paid payment"" ""IFRS15"" on Chat GPT, you will 😅 be guided to accounting for ""compensation"" such as Compensation for cancellation Maybe because I don't have programming knowledge, it's difficult to communicate with AI lol","['Even', 'if', 'you', 'hear', '""', 'paid', 'payment', '""', '""', 'IFRS', '15', '""', 'on', 'Chat', 'GPT', ',', 'you', 'will', '😅', 'be', 'guided', 'to', 'accounting', 'for', '""', 'compensation', '""', 'such', 'as', 'Compensation', 'for', 'cancellation', 'Maybe', 'because', 'I', ""don't"", 'have', 'programming', 'knowledge', ',', ""it's"", 'difficult', 'to', 'communicate', 'with', 'AI', 'lol']"
1624911557149827072,1624839280270131200,2023-02-13 07:21:19 Malay Peninsula Standard Time,2023-02-13,07:21:19,1527964338023276545,@JackLombardi @krassenstein @elonmusk It’s just 1 and 0. You guys would think @openaicommunity taught you something about turning Brian’s tweets into maths. It’s all just numbers. They 100% would be interested in the Twitter data stream and we even gave them a model (ChatGPT) to decode.,en,[],"[{'screen_name': 'JackLombardi', 'name': 'Jack Lombardi II', 'id': '58116764'}, {'screen_name': 'krassenstein', 'name': 'Brian Krassenstein', 'id': '133938408'}, {'screen_name': 'elonmusk', 'name': 'Elon Musk', 'id': '44196397'}]",@JackLombardi @krassenstein @elonmusk It’s just 1 and 0. You guys would think @openaicommunity taught you something about turning Brian’s tweets into maths. It’s all just numbers. They 100% would be interested in the Twitter data stream and we even gave them a model (ChatGPT) to decode.,"['It', '’', 's', 'just', '1', 'and', '0', '.', 'You', 'guys', 'would', 'think', 'taught', 'you', 'something', 'about', 'turning', 'Brian', '’', 's', 'tweets', 'into', 'maths', '.', 'It', '’', 's', 'all', 'just', 'numbers', '.', 'They', '100', '%', 'would', 'be', 'interested', 'in', 'the', 'Twitter', 'data', 'stream', 'and', 'we', 'even', 'gave', 'them', 'a', 'model', '(', 'ChatGPT', ')', 'to', 'decode', '.']"
1624911526388977665,1624911526388977664,2023-02-13 07:21:11 Malay Peninsula Standard Time,2023-02-13,07:21:11,58482723,このメガトレンドが目の前にある状態で、自分の創造力の乏しさを嘆く。。笑　インプットをもっとしないとだな。 それは、多分、映画とか漫画なんだと思う。 / 【完全解説】グーグルを焦らせる、ChatGPTの秘密 #NewsPicks  https://t.co/cHeMRstWYk,ja,['newspicks'],[],"With this megatrend in front of you, you lament your lack of creativity. I need to do more input. I think it's probably a movie or a comic. / [Full explanation] The secret of ChatGPT that makes Google impatient #NewsPicks https://t.co/cHeMRstWYk","['With', 'this', 'megatrend', 'in', 'front', 'of', 'you', ',', 'you', 'lament', 'your', 'lack', 'of', 'creativity', '.', 'I', 'need', 'to', 'do', 'more', 'input', '.', 'I', 'think', ""it's"", 'probably', 'a', 'movie', 'or', 'a', 'comic', '.', '/', '[', 'Full', 'explanation', ']', 'The', 'secret', 'of', 'ChatGPT', 'that', 'makes', 'Google', 'impatient', '#NewsPicks', 'https://t.co/cHeMRstWYk']"
1624911497880301569,1624911497880301568,2023-02-13 07:21:05 Malay Peninsula Standard Time,2023-02-13,07:21:05,1057535040656039936,ChatGPT สอบผ่านบททดสอบการเขียนโค้ดของวิศวกร Coding ของ Google ระดับที่ 3 เทียบเท่าพนักงานที่ได้รับเงินเดือน 4.5 แสนบาทต่อเดือน (แต่ยังขาดความคิดสร้างสรรค์และทักษะการแก้ปัญหา)  #TAMEIG,th,['tameig'],[],"ChatGPT passes engineer coding test Google's level 3 coding is equivalent to an employee who receives a salary of 450,000 baht per month (but lacks creativity and problem-solving skills) #TAMEIG","['ChatGPT', 'passes', 'engineer', 'coding', 'test', ""Google's"", 'level', '3', 'coding', 'is', 'equivalent', 'to', 'an', 'employee', 'who', 'receives', 'a', 'salary', 'of', '450,000', 'baht', 'per', 'month', '(', 'but', 'lacks', 'creativity', 'and', 'problem-solving', 'skills', ')', '#TAMEIG']"
1624911479165325312,1624911479165325312,2023-02-13 07:21:00 Malay Peninsula Standard Time,2023-02-13,07:21:00,1103168573910867968,IPA「DX白書2023」の日米企業比較、電子機器製造の半導体消費動向、ChatGPTでラブレター代筆が3割!? ほか #ASCIIjp #ASCII #TECH   https://t.co/DiBspk4S7b,ja,"['asciijp', 'ascii', 'tech']",[],"IPA ""DX White Paper 2023"" comparison between Japanese and US companies, semiconductor consumption trends in electronics manufacturing, 30% of love letter substitute pens in ChatGPT!? Other #ASCIIjp #ASCII #TECH https://t.co/DiBspk4S7b","['IPA', '""', 'DX', 'White', 'Paper', '2023', '""', 'comparison', 'between', 'Japanese', 'and', 'US', 'companies', ',', 'semiconductor', 'consumption', 'trends', 'in', 'electronics', 'manufacturing', ',', '30', '%', 'of', 'love', 'letter', 'substitute', 'pens', 'in', 'ChatGPT', '!', '?', 'Other', '#ASCIIjp', '#ASCII', '#TECH', 'https://t.co/DiBspk4S7b']"
1624911473125523456,1624911473125523456,2023-02-13 07:20:59 Malay Peninsula Standard Time,2023-02-13,07:20:59,902080327727726592,「ChatGPT」にマネー乱舞！「生成AI」で覚醒する変貌株を追え ＜株探トップ特集＞ | 特集 - 株探ニュース  https://t.co/AotKJbaLVR,ja,[],[],"Money Dance on ""ChatGPT""! Chasing the Changing Stocks Awakened by ""Generative AI"" <Stock Search Top Feature> | Special Feature - Stock Search News https://t.co/AotKJbaLVR","['Money', 'Dance', 'on', '""', 'ChatGPT', '""', '!', 'Chasing', 'the', 'Changing', 'Stocks', 'Awakened', 'by', '""', 'Generative', 'AI', '""', '<', 'Stock', 'Search', 'Top', 'Feature', '>', '|', 'Special', 'Feature', '-', 'Stock', 'Search', 'News', 'https://t.co/AotKJbaLVR']"
1624911470269198337,1624911470269198336,2023-02-13 07:20:58 Malay Peninsula Standard Time,2023-02-13,07:20:58,143779120,ChatGPT สอบผ่านบททดสอบการเขียนโค้ดของวิศวกร Coding ของ Google ระดับที่ 3 เทียบเท่าพนักงานที่ได้รับเงินเดือน 4.5 แสนบาทต่อเดือน (แต่ยังขาดความคิดสร้างสรรค์และทักษะการแก้ปัญหา)  #TAMEIG,th,['tameig'],[],"ChatGPT passes engineer coding test Google's level 3 coding is equivalent to an employee who receives a salary of 450,000 baht per month (but lacks creativity and problem-solving skills) #TAMEIG","['ChatGPT', 'passes', 'engineer', 'coding', 'test', ""Google's"", 'level', '3', 'coding', 'is', 'equivalent', 'to', 'an', 'employee', 'who', 'receives', 'a', 'salary', 'of', '450,000', 'baht', 'per', 'month', '(', 'but', 'lacks', 'creativity', 'and', 'problem-solving', 'skills', ')', '#TAMEIG']"
1624911463419908096,1624911463419908096,2023-02-13 07:20:56 Malay Peninsula Standard Time,2023-02-13,07:20:56,2647211912,I wonder how long it will be before people start listing ChatGPT in the skills section of their resume... #ChatGPT,en,['chatgpt'],[],I wonder how long it will be before people start listing ChatGPT in the skills section of their resume... #ChatGPT,"['I', 'wonder', 'how', 'long', 'it', 'will', 'be', 'before', 'people', 'start', 'listing', 'ChatGPT', 'in', 'the', 'skills', 'section', 'of', 'their', 'resume', '...', '#ChatGPT']"
1624911438304411649,1624598824298897408,2023-02-13 07:20:50 Malay Peninsula Standard Time,2023-02-13,07:20:50,14698053,@taresky 很多时候是自己的落地机IP被ban… 比如不是原生IP被网飞和ChatGPT套的Cloudflare ban… 这样偶尔才临时用下机场……,zh,[],"[{'screen_name': 'taresky', 'name': 'taresky', 'id': '368245720'}]","@taresky Many times it is their own floor landing machine IP that is banned... For example, Cloudflare ban, which is not native IP is set by Netflix and ChatGPT... This is the occasional temporary use of the airport...","['Many', 'times', 'it', 'is', 'their', 'own', 'floor', 'landing', 'machine', 'IP', 'that', 'is', 'banned', '...', 'For', 'example', ',', 'Cloudflare', 'ban', ',', 'which', 'is', 'not', 'native', 'IP', 'is', 'set', 'by', 'Netflix', 'and', 'ChatGPT', '...', 'This', 'is', 'the', 'occasional', 'temporary', 'use', 'of', 'the', 'airport', '...']"
1624911434520973312,1624905370014736384,2023-02-13 07:20:50 Malay Peninsula Standard Time,2023-02-13,07:20:50,1144161836356386817,"@edosianorchids I know you don't like AI image generators, but the text generator AIs like ChatGPT can be really good at generating prompts for writing, art, etc. Though, I understand if you don't like any AI tech, image or otherwise.",en,[],"[{'screen_name': 'edosianorchids', 'name': 'EdosianOrchids901', 'id': '925158418637242368'}]","@edosianorchids I know you don't like AI image generators, but the text generator AIs like ChatGPT can be really good at generating prompts for writing, art, etc. Though, I understand if you don't like any AI tech, image or otherwise.","['I', 'know', 'you', ""don't"", 'like', 'AI', 'image', 'generators', ',', 'but', 'the', 'text', 'generator', 'AIs', 'like', 'ChatGPT', 'can', 'be', 'really', 'good', 'at', 'generating', 'prompts', 'for', 'writing', ',', 'art', ',', 'etc', '.', 'Though', ',', 'I', 'understand', 'if', 'you', ""don't"", 'like', 'any', 'AI', 'tech', ',', 'image', 'or', 'otherwise', '.']"
1624911432562184192,1624889301363302400,2023-02-13 07:20:49 Malay Peninsula Standard Time,2023-02-13,07:20:49,100342555,@Its_a_nacho La integración de chat gpt (que llaman copiloto).,es,[],"[{'screen_name': 'Its_a_nacho', 'name': 'N_Birlanga', 'id': '301031524'}]",@Its_a_nacho The integration of gpt chat (which they call copilot).,"['The', 'integration', 'of', 'gpt', 'chat', '(', 'which', 'they', 'call', 'copilot', ')', '.']"
1624911427755540483,1624911427755540480,2023-02-13 07:20:48 Malay Peninsula Standard Time,2023-02-13,07:20:48,167671205,Nota mental: No utilizar ChatGPT para hacer la Tesis 😅,es,[],[],Mental note: Do not use ChatGPT to do the Thesis 😅,"['Mental', 'note', ':', 'Do', 'not', 'use', 'ChatGPT', 'to', 'do', 'the', 'Thesis', '😅']"
1624911420373741569,1624911420373741568,2023-02-13 07:20:46 Malay Peninsula Standard Time,2023-02-13,07:20:46,1025190327760519168,If getting a detailed contextual answer like this doesn't change the world - I don't know what will....   #chatGPT #Bing #BingAI #Google  https://t.co/THvjCobjgB,en,"['chatgpt', 'bing', 'bingai', 'google']",[],If getting a detailed contextual answer like this doesn't change the world - I don't know what will....   #chatGPT #Bing #BingAI #Google  https://t.co/THvjCobjgB,"['If', 'getting', 'a', 'detailed', 'contextual', 'answer', 'like', 'this', ""doesn't"", 'change', 'the', 'world', '-', 'I', ""don't"", 'know', 'what', 'will', '...', '#chatGPT', '#Bing', '#BingAI', '#Google', 'https://t.co/THvjCobjgB']"
1624911409913167873,1624897060142198784,2023-02-13 07:20:44 Malay Peninsula Standard Time,2023-02-13,07:20:44,16582578,@itsmarpolo put it in chatGPT and tell them to ELI5,en,[],"[{'screen_name': 'itsmarpolo', 'name': 'mar', 'id': '1189141689862148096'}]",@itsmarpolo put it in chatGPT and tell them to ELI5,"['put', 'it', 'in', 'chatGPT', 'and', 'tell', 'them', 'to', 'ELI', '5']"
1624911409111867394,1624911409111867392,2023-02-13 07:20:43 Malay Peninsula Standard Time,2023-02-13,07:20:43,1236143275003858944,call chatgpt from my asshole,en,[],[],call chatgpt from my asshole,"['call', 'chatgpt', 'from', 'my', 'asshole']"
1624911395027398658,1624910947801333760,2023-02-13 07:20:40 Malay Peninsula Standard Time,2023-02-13,07:20:40,279090851,"I tried a number of iterations with David, Alexis, or Moira Rose, but none worked. #ChatGPT really needs to update its AI source with Schitt's Creek.",en,['chatgpt'],[],"I tried a number of iterations with David, Alexis, or Moira Rose, but none worked. #ChatGPT really needs to update its AI source with Schitt's Creek.","['I', 'tried', 'a', 'number', 'of', 'iterations', 'with', 'David', ',', 'Alexis', ',', 'or', 'Moira', 'Rose', ',', 'but', 'none', 'worked', '.', '#ChatGPT', 'really', 'needs', 'to', 'update', 'its', 'AI', 'source', 'with', ""Schitt's"", 'Creek', '.']"
1624911382310256643,1624909481850142720,2023-02-13 07:20:37 Malay Peninsula Standard Time,2023-02-13,07:20:37,1128194109766639616,ChatGPT 時代にも finetuned モデルが必要な理由もちゃんと説明できるし．,ja,[],[],I can explain why we need a finetuned model even in the ChatGPT era.,"['I', 'can', 'explain', 'why', 'we', 'need', 'a', 'finetuned', 'model', 'even', 'in', 'the', 'ChatGPT', 'era', '.']"
1624911361456377856,1624911361456377856,2023-02-13 07:20:32 Malay Peninsula Standard Time,2023-02-13,07:20:32,38374100,Where is ChatGPT taking us? And do we want to follow?  https://t.co/O5s0UQPksB,en,[],[],Where is ChatGPT taking us? And do we want to follow?  https://t.co/O5s0UQPksB,"['Where', 'is', 'ChatGPT', 'taking', 'us', '?', 'And', 'do', 'we', 'want', 'to', 'follow', '?', 'https://t.co/O5s0UQPksB']"
1624911341210284032,1624911341210284032,2023-02-13 07:20:27 Malay Peninsula Standard Time,2023-02-13,07:20:27,1181481640532406272,Where is ChatGPT taking us? And do we want to follow?  https://t.co/qAbrhdwUNl  5,en,[],[],Where is ChatGPT taking us? And do we want to follow?  https://t.co/qAbrhdwUNl  5,"['Where', 'is', 'ChatGPT', 'taking', 'us', '?', 'And', 'do', 'we', 'want', 'to', 'follow', '?', 'https://t.co/qAbrhdwUNl', '5']"
1624911336235737092,1624911336235737088,2023-02-13 07:20:26 Malay Peninsula Standard Time,2023-02-13,07:20:26,2779359633,"B-brillerà in che senso, analista politico indipendente Chatgpt? 😳  https://t.co/VVw0joPcD1",it,[],[],"B-will it shine in what sense, independent political analyst Chatgpt? 😳 https://t.co/VVw0joPcD1","['B-will', 'it', 'shine', 'in', 'what', 'sense', ',', 'independent', 'political', 'analyst', 'Chatgpt', '?', '😳', 'https://t.co/VVw0joPcD1']"
