id,conversation_id,created_at,date,time,user_id,tweet,language,hashtags,reply_to,translated_text,tokenized_text
1629631869540274176,1629343132541394944,2023-02-26 07:58:09 Malay Peninsula Standard Time,2023-02-26,07:58:09,897173262,"@Svwang1 Boring person still human being,whereas chatgpt is not, no matter how  intelligent it is, it's fxxking machine!",en,[],"[{'screen_name': 'Svwang1', 'name': '硅谷王川 Chuan', 'id': '1206084655843180545'}]","@Svwang1 Boring person still human being,whereas chatgpt is not, no matter how  intelligent it is, it's fxxking machine!","['Boring', 'person', 'still', 'human', 'being', ',', 'whereas', 'chatgpt', 'is', 'not', ',', 'no', 'matter', 'how', 'intelligent', 'it', 'is', ',', ""it's"", 'fxxking', 'machine', '!']"
1629631857804320768,1629631857804320768,2023-02-26 07:58:06 Malay Peninsula Standard Time,2023-02-26,07:58:06,802335697436864512,Vandy DEI Office Used ChatGPT To Write Message About Mass Shooting  https://t.co/oB8T3KjTRF,en,[],[],Vandy DEI Office Used ChatGPT To Write Message About Mass Shooting  https://t.co/oB8T3KjTRF,"['Vandy', 'DEI', 'Office', 'Used', 'ChatGPT', 'To', 'Write', 'Message', 'About', 'Mass', 'Shooting', 'https://t.co/oB8T3KjTRF']"
1629631849545994240,1629617503222771712,2023-02-26 07:58:04 Malay Peninsula Standard Time,2023-02-26,07:58:04,1404661623357202434,@kenshu_i_toro ちなみに英語の勉強をしたいのならば、どどたん先生と学ぶ海外の学会発表はchatgptと deeplでなんとしろ（仮）とかかな。あっそうそう最近の本でいうとどどたん先生と学ぶ骨軟部病理（仮）という本もあるかな。,ja,[],"[{'screen_name': 'kenshu_i_toro', 'name': 'トロ', 'id': '1046199221051785216'}]","@kenshu_i_toro By the way, if you want to study English, you should give presentations at overseas conferences with Mr. Dodotan with chatgpt and deepl (tentative). In terms of recent books, I wonder if there is a book called Bone and Soft Tissue Pathology (tentative) where I learn with Dr. Dodotan.","['By', 'the', 'way', ',', 'if', 'you', 'want', 'to', 'study', 'English', ',', 'you', 'should', 'give', 'presentations', 'at', 'overseas', 'conferences', 'with', 'Mr', '.', 'Dodotan', 'with', 'chatgpt', 'and', 'deepl', '(', 'tentative', ')', '.', 'In', 'terms', 'of', 'recent', 'books', ',', 'I', 'wonder', 'if', 'there', 'is', 'a', 'book', 'called', 'Bone', 'and', 'Soft', 'Tissue', 'Pathology', '(', 'tentative', ')', 'where', 'I', 'learn', 'with', 'Dr', '.', 'Dodotan', '.']"
1629631846874243073,1629631846874243072,2023-02-26 07:58:04 Malay Peninsula Standard Time,2023-02-26,07:58:04,89906881,ぐっちと嚙み砕くIT最新NEWS 「ChatGPT」  https://t.co/PU3jlvF2dd @YouTubeより,ja,[],[],"From the latest IT news ""ChatGPT"" https://t.co/PU3jlvF2dd @YouTube","['From', 'the', 'latest', 'IT', 'news', '""', 'ChatGPT', '""', 'https://t.co/PU3jlvF2dd']"
1629631812245901321,1629631812245901312,2023-02-26 07:57:55 Malay Peninsula Standard Time,2023-02-26,07:57:55,924053444641648640,"😂😂😭yen nexx ngen. Vous parlez à chatgpt comme si c'était siri.  Man j'utilise chatgpt carrément pour résoudre mes exercices, il est trop fort😭🌚.",fr,[],[],"😂😂😭Yen Nexx NGEN. You talk to chatgpt like it's siri.  Man I use chatgpt downright to solve my exercises, it is too strong😭🌚.","['😂', '😂', '😭', 'Yen', 'Nexx', 'NGEN', '.', 'You', 'talk', 'to', 'chatgpt', 'like', ""it's"", 'siri', '.', 'Man', 'I', 'use', 'chatgpt', 'downright', 'to', 'solve', 'my', 'exercises', ',', 'it', 'is', 'too', 'strong', '😭', '🌚', '.']"
1629631790003654656,1629631790003654656,2023-02-26 07:57:50 Malay Peninsula Standard Time,2023-02-26,07:57:50,142834124,Psicologo: ChatGPT no puede hablar como maracucho.  ChatGPT:  https://t.co/A7kUBZ33mQ,es,[],[],Psychologist: ChatGPT cannot talk like maracucho.  ChatGPT: https://t.co/A7kUBZ33mQ,"['Psychologist', ':', 'ChatGPT', 'cannot', 'talk', 'like', 'maracucho', '.', 'ChatGPT', ':', 'https://t.co/A7kUBZ33mQ']"
1629631747708289024,1629631747708289024,2023-02-26 07:57:40 Malay Peninsula Standard Time,2023-02-26,07:57:40,3507961,"I asked ChatGPT to estimate a software feature. As it turns out, AI is terrible at zero-shot estimation (same as us). Time for step-by-step thinking. 🪜 An information theory lurking here? If a researcher could find the proof, all developers would thank you.  https://t.co/s2qfCuq7PB",en,[],[],"I asked ChatGPT to estimate a software feature. As it turns out, AI is terrible at zero-shot estimation (same as us). Time for step-by-step thinking. 🪜 An information theory lurking here? If a researcher could find the proof, all developers would thank you.  https://t.co/s2qfCuq7PB","['I', 'asked', 'ChatGPT', 'to', 'estimate', 'a', 'software', 'feature', '.', 'As', 'it', 'turns', 'out', ',', 'AI', 'is', 'terrible', 'at', 'zero-shot', 'estimation', '(', 'same', 'as', 'us', ')', '.', 'Time', 'for', 'step-by-step', 'thinking', '.', '\U0001fa9c', 'An', 'information', 'theory', 'lurking', 'here', '?', 'If', 'a', 'researcher', 'could', 'find', 'the', 'proof', ',', 'all', 'developers', 'would', 'thank', 'you', '.', 'https://t.co/s2qfCuq7PB']"
1629631741026783233,1629631741026783232,2023-02-26 07:57:38 Malay Peninsula Standard Time,2023-02-26,07:57:38,2917161889,chatGPTちゃん、スマホのスペックくらい正しいの教えて欲しい。使えるようで使えない。,ja,[],[],"chatGPT-chan, please tell me if the specs of your smartphone are correct. It seems to be usable, but it cannot be used.","['chatGPT-chan', ',', 'please', 'tell', 'me', 'if', 'the', 'specs', 'of', 'your', 'smartphone', 'are', 'correct', '.', 'It', 'seems', 'to', 'be', 'usable', ',', 'but', 'it', 'cannot', 'be', 'used', '.']"
1629631738392506368,1629631738392506368,2023-02-26 07:57:38 Malay Peninsula Standard Time,2023-02-26,07:57:38,776949190366752768,"Old. Not obsolete  How AIs, like ChatGPT, Learn  https://t.co/jIQfxeilIl via @YouTube",en,[],[],"Old. Not obsolete  How AIs, like ChatGPT, Learn  https://t.co/jIQfxeilIl via @YouTube","['Old', '.', 'Not', 'obsolete', 'How', 'AIs', ',', 'like', 'ChatGPT', ',', 'Learn', 'https://t.co/jIQfxeilIl', 'via']"
1629631735939096576,1629631735939096576,2023-02-26 07:57:37 Malay Peninsula Standard Time,2023-02-26,07:57:37,3177411218,生成AIにマネー流入、企業価値2年で6倍　ChatGPTで脚光   ・世界の生成AI企業の価値は480億ドルと2年で6倍に拡大 ・生成AI企業への22年の投資額は21億ドルで20年比10倍に ・長所と短所を見据え、いかに活用していくかが問われている https://t.co/l8Zz4d90XO,ja,[],[],"Money inflows into generative AI, corporate value increases 6 times in 2 years Spotlight on ChatGPT ・ The value of the world's generative AI companies is 48 billion dollars, expanding 6 times in 2 years ・ The amount of investment in generative AI companies in 22 years is 2.1 billion dollars, 10 times more than in 20 years ・ Looking at the advantages and disadvantages, how to utilize them is being questioned https://t.co/l8Zz4d90XO","['Money', 'inflows', 'into', 'generative', 'AI', ',', 'corporate', 'value', 'increases', '6', 'times', 'in', '2', 'years', 'Spotlight', 'on', 'ChatGPT', '・', 'The', 'value', 'of', 'the', ""world's"", 'generative', 'AI', 'companies', 'is', '48', 'billion', 'dollars', ',', 'expanding', '6', 'times', 'in', '2', 'years', '・', 'The', 'amount', 'of', 'investment', 'in', 'generative', 'AI', 'companies', 'in', '22', 'years', 'is', '2.1', 'billion', 'dollars', ',', '10', 'times', 'more', 'than', 'in', '20', 'years', '・', 'Looking', 'at', 'the', 'advantages', 'and', 'disadvantages', ',', 'how', 'to', 'utilize', 'them', 'is', 'being', 'questioned', 'https://t.co/l8Zz4d90XO']"
1629631696063672322,1629631696063672320,2023-02-26 07:57:28 Malay Peninsula Standard Time,2023-02-26,07:57:28,137201551,Me: Could you generate a table for me that includes the 10 most famous US politicians of the last decade and rate their respective performances on a scale of 1 to 10?  Chat GPT after some urging responded as follows. The bias as real. Try it for yourself if you don't believe it.  https://t.co/03pOpKTu6C,en,[],[],Me: Could you generate a table for me that includes the 10 most famous US politicians of the last decade and rate their respective performances on a scale of 1 to 10?  Chat GPT after some urging responded as follows. The bias as real. Try it for yourself if you don't believe it.  https://t.co/03pOpKTu6C,"['Me', ':', 'Could', 'you', 'generate', 'a', 'table', 'for', 'me', 'that', 'includes', 'the', '10', 'most', 'famous', 'US', 'politicians', 'of', 'the', 'last', 'decade', 'and', 'rate', 'their', 'respective', 'performances', 'on', 'a', 'scale', 'of', '1', 'to', '10', '?', 'Chat', 'GPT', 'after', 'some', 'urging', 'responded', 'as', 'follows', '.', 'The', 'bias', 'as', 'real', '.', 'Try', 'it', 'for', 'yourself', 'if', 'you', ""don't"", 'believe', 'it', '.', 'https://t.co/03pOpKTu6C']"
1629631685573615617,1629631685573615616,2023-02-26 07:57:25 Malay Peninsula Standard Time,2023-02-26,07:57:25,1290867208491421697,いちごムース🍓を作ってみた🍽  極力手抜きしたい自分→ChatGPTに相談してみる😉瞬時に回答👏👏👏 自分教員だが... もう先生いらない⁉️  期末事務で多忙な週末...😭 時間が限られてるので 料理＆英語同時に学習しよう✨  #手作りお菓子 #手抜き料理　 #ChatGPT #いちごムース  https://t.co/tSBbHrw4SS,ja,"['手作りお菓子', '手抜き料理', 'chatgpt', 'いちごムース']",[],"I tried 🍽 to make strawberry mousse 🍓 I want to cut corners as much as possible→ I consulted with ChatGPTInstant 😉 answer 👏👏👏 I'm a teacher, but ... I don't need a teacher anymore! ?️ A busy weekend with end-of-term paperwork... 😭 Since time is limited, let's ✨ learn cooking and English at the same time #手作りお菓子 #手抜き料理 #ChatGPT #いちごムース https://t.co/tSBbHrw4SS","['I', 'tried', '🍽', 'to', 'make', 'strawberry', 'mousse', '🍓', 'I', 'want', 'to', 'cut', 'corners', 'as', 'much', 'as', 'possible', '→', 'I', 'consulted', 'with', 'ChatGPTInstant', '😉', 'answer', '👏', '👏', '👏', ""I'm"", 'a', 'teacher', ',', 'but', '...', 'I', ""don't"", 'need', 'a', 'teacher', 'anymore', '!', '?', '️', 'A', 'busy', 'weekend', 'with', 'end-of-term', 'paperwork', '...', '😭', 'Since', 'time', 'is', 'limited', ',', ""let's"", '✨', 'learn', 'cooking', 'and', 'English', 'at', 'the', 'same', 'time', '#手作りお菓子', '#手抜き料理', '#ChatGPT', '#いちごムース', 'https://t.co/tSBbHrw4SS']"
1629631650974822405,1629631650974822400,2023-02-26 07:57:17 Malay Peninsula Standard Time,2023-02-26,07:57:17,2551484755,💰 想成为ChatGPT语言革命的一部分吗？购买ChatGPT币，拥有世界上最先进的语言模型之一(本文案由ChatGPT生成)。 #ChatGPT     https://t.co/E8IUGSfU9A   #airdrop #NFT  $ADA  $APT  $imgnAI  $GALA  $RNDR  https://t.co/9ZNzCUndIr,zh,"['chatgpt', 'airdrop', 'nft']",[],💰 Want to be part of the ChatGPT language revolution? Buy ChatGPT coins and have one of the most advanced language models in the world (this case was generated by ChatGPT). #ChatGPT     https://t.co/E8IUGSfU9A   #airdrop #NFT  $ADA  $APT  $imgnAI  $GALA  $RNDR  https://t.co/9ZNzCUndIr,"['💰', 'Want', 'to', 'be', 'part', 'of', 'the', 'ChatGPT', 'language', 'revolution', '?', 'Buy', 'ChatGPT', 'coins', 'and', 'have', 'one', 'of', 'the', 'most', 'advanced', 'language', 'models', 'in', 'the', 'world', '(', 'this', 'case', 'was', 'generated', 'by', 'ChatGPT', ')', '.', '#ChatGPT', 'https://t.co/E8IUGSfU9A', '#airdrop', '#NFT', '$', 'ADA', '$', 'APT', '$', 'imgnAI', '$', 'GALA', '$', 'RNDR', 'https://t.co/9ZNzCUndIr']"
1629631650282852355,1629631650282852352,2023-02-26 07:57:17 Malay Peninsula Standard Time,2023-02-26,07:57:17,1491958083375214597,ChatGPTのようなサービスの開発に検閲がどこまで影響を及ぼすのかは、政府の方針や規制、技術の革新や進歩など、さまざまな要素によって大きく変わってくるだろう（以上引用）  ↑コレに答えたのもChatGPT  ChatGPTを装った模倣犯を取り締まる必要性もありそう。 …  https://t.co/vus8ZMAa9g,ja,[],[],"The extent to which censorship affects the development of services like ChatGPT will vary greatly depending on various factors such as government policies and regulations, technological innovation and advancements (quoted above) ↑ The answer to this is also ChatGPT It seems that there is also a need to crack down on copycats disguised as ChatGPT. ...  https://t.co/vus8ZMAa9g","['The', 'extent', 'to', 'which', 'censorship', 'affects', 'the', 'development', 'of', 'services', 'like', 'ChatGPT', 'will', 'vary', 'greatly', 'depending', 'on', 'various', 'factors', 'such', 'as', 'government', 'policies', 'and', 'regulations', ',', 'technological', 'innovation', 'and', 'advancements', '(', 'quoted', 'above', ')', '↑', 'The', 'answer', 'to', 'this', 'is', 'also', 'ChatGPT', 'It', 'seems', 'that', 'there', 'is', 'also', 'a', 'need', 'to', 'crack', 'down', 'on', 'copycats', 'disguised', 'as', 'ChatGPT', '. ...', 'https://t.co/vus8ZMAa9g']"
1629631636731056128,1629555578438557696,2023-02-26 07:57:13 Malay Peninsula Standard Time,2023-02-26,07:57:13,39217029,@BunnyTyler6 @vohcel @Mediavenir Sinon tu cherches un autre job et tu changes... C'est si compliqué ?,fr,[],"[{'screen_name': 'BunnyTyler6', 'name': 'Bunny Tyler', 'id': '837028431367966725'}, {'screen_name': 'vohcel', 'name': 'Lechov', 'id': '1239566455621980165'}, {'screen_name': 'Mediavenir', 'name': 'Mediavenir', 'id': '1214315619031478272'}]",@BunnyTyler6 @vohcel @Mediavenir Otherwise you look for another job and you change... Is it so complicated?,"['Otherwise', 'you', 'look', 'for', 'another', 'job', 'and', 'you', 'change', '...', 'Is', 'it', 'so', 'complicated', '?']"
1629631634872889346,1629631634872889344,2023-02-26 07:57:13 Malay Peninsula Standard Time,2023-02-26,07:57:13,1331334895453446144,👍 on @YouTube: ChatGPT API for Python  https://t.co/lH9Sjazq9e,cy,[],[],👍 on @YouTube: ChatGPT API for Python  https://t.co/lH9Sjazq9e,"['👍', 'on', ':', 'ChatGPT', 'API', 'for', 'Python', 'https://t.co/lH9Sjazq9e']"
1629631607819874304,1629631607819874304,2023-02-26 07:57:07 Malay Peninsula Standard Time,2023-02-26,07:57:07,3891501,Googleの検索ワード設定と同様に、ChatGPTなどのプロンプト設定もネットの基礎スキルとして必須になってきている,ja,[],[],"Similar to Google search word setting, prompt settings such as ChatGPT are becoming essential as basic skills on the Internet.","['Similar', 'to', 'Google', 'search', 'word', 'setting', ',', 'prompt', 'settings', 'such', 'as', 'ChatGPT', 'are', 'becoming', 'essential', 'as', 'basic', 'skills', 'on', 'the', 'Internet', '.']"
1629631603113852928,1629631603113852928,2023-02-26 07:57:05 Malay Peninsula Standard Time,2023-02-26,07:57:05,1037661744590548993,ChatGPTによる私の情報。  なるほど、「とっとこ東北」は東北地方の情報を……あれえ！？😂  https://t.co/m1wORBUIwa,ja,[],[],"My information by ChatGPT.  I see, ""Tottoko Tohoku"" provides information about the Tohoku region... What!? 😂  https://t.co/m1wORBUIwa","['My', 'information', 'by', 'ChatGPT', '.', 'I', 'see', ',', '""', 'Tottoko', 'Tohoku', '""', 'provides', 'information', 'about', 'the', 'Tohoku', 'region', '...', 'What', '!', '?', '😂', 'https://t.co/m1wORBUIwa']"
1629631600999960576,1629577975216869376,2023-02-26 07:57:05 Malay Peninsula Standard Time,2023-02-26,07:57:05,710849042343825409,@orangwf8 似たようなこと考えてました 日常コミュニケーションレベルの人間同士の会話ってchatGPTと同等かそれ以下のレイヤーで行われてますもんね,ja,[],"[{'screen_name': 'orangwf8', 'name': 'ornghtn', 'id': '563779049'}]","@orangwf8 I was thinking something similar: conversations between people at the level of daily communication are done at the same layer as chatGPT, or even lower.","['I', 'was', 'thinking', 'something', 'similar', ':', 'conversations', 'between', 'people', 'at', 'the', 'level', 'of', 'daily', 'communication', 'are', 'done', 'at', 'the', 'same', 'layer', 'as', 'chatGPT', ',', 'or', 'even', 'lower', '.']"
1629631572184793092,1629631572184793088,2023-02-26 07:56:58 Malay Peninsula Standard Time,2023-02-26,07:56:58,1469816711696240651,Me and ChatGPT are going to war against the tyrannical @JD_2020  https://t.co/LZj1mM1hXU,en,[],[],Me and ChatGPT are going to war against the tyrannical @JD_2020  https://t.co/LZj1mM1hXU,"['Me', 'and', 'ChatGPT', 'are', 'going', 'to', 'war', 'against', 'the', 'tyrannical', 'https://t.co/LZj1mM1hXU']"
1629631559690059991,1629193750583955456,2023-02-26 07:56:55 Malay Peninsula Standard Time,2023-02-26,07:56:55,1443988800187797505,@DarrenJBeattie ChatGPT for pruzident!!!,en,[],"[{'screen_name': 'DarrenJBeattie', 'name': 'Darren J. Beattie 🌐', 'id': '1031747223569227776'}]",@DarrenJBeattie ChatGPT for pruzident!!!,"['ChatGPT', 'for', 'pruzident', '!', '!', '!']"
1629631550185676806,1629631550185676800,2023-02-26 07:56:53 Malay Peninsula Standard Time,2023-02-26,07:56:53,63754806,Inteligencia artificial: cuatro alternativas al chatbot de ChatGPT #Tecnologia  https://t.co/pFzxBNEZbn,es,['tecnologia'],[],Artificial intelligence: four alternatives to the ChatGPT chatbot #Tecnologia https://t.co/pFzxBNEZbn,"['Artificial', 'intelligence', ':', 'four', 'alternatives', 'to', 'the', 'ChatGPT', 'chatbot', '#Tecnologia', 'https://t.co/pFzxBNEZbn']"
1629631537799938052,1629627658752368640,2023-02-26 07:56:50 Malay Peninsula Standard Time,2023-02-26,07:56:50,102772681,@KT_So_It_Goes Do prisoners get to use chatgpt?,en,[],"[{'screen_name': 'KT_So_It_Goes', 'name': 'kilgore trout, death to putiner', 'id': '386001751'}]",@KT_So_It_Goes Do prisoners get to use chatgpt?,"['Do', 'prisoners', 'get', 'to', 'use', 'chatgpt', '?']"
1629631507286618113,1629631507286618112,2023-02-26 07:56:43 Malay Peninsula Standard Time,2023-02-26,07:56:43,983518551662182401,Chat GPTは指示すれば文法間違いだけでなくリフレーズもしてくれるので英作文の勉強にはいい。自分には思いつかない表現が自分の書いた文をもとに生成されるので自分ごと化しやすい。,ja,[],[],"Chat GPT is good for studying English composition because it not only makes grammar mistakes but also rephrases if you instruct it. Expressions that you can't think of are generated based on the sentences you write, so it's easy to make them your own.","['Chat', 'GPT', 'is', 'good', 'for', 'studying', 'English', 'composition', 'because', 'it', 'not', 'only', 'makes', 'grammar', 'mistakes', 'but', 'also', 'rephrases', 'if', 'you', 'instruct', 'it', '.', 'Expressions', 'that', 'you', ""can't"", 'think', 'of', 'are', 'generated', 'based', 'on', 'the', 'sentences', 'you', 'write', ',', 'so', ""it's"", 'easy', 'to', 'make', 'them', 'your', 'own', '.']"
1629631497773744128,1629630987868012544,2023-02-26 07:56:40 Malay Peninsula Standard Time,2023-02-26,07:56:40,6796922,@raquelalmeida ChatGPT? Kkk,en,[],"[{'screen_name': 'raquelalmeida', 'name': '☭ Raquel Almeida \uea00⏩ olha o fixado, por favorzinho', 'id': '10909002'}]",@raquelalmeida ChatGPT? Kkk,"['ChatGPT', '?', 'Kkk']"
1629631483429425153,1629631483429425152,2023-02-26 07:56:37 Malay Peninsula Standard Time,2023-02-26,07:56:37,835065304401108992,Chatgptにフライがオープニングロスターに乗る可能性を聞いてみて,ja,[],[],Ask Chatgpt about the possibility of Fry getting on the opening roster,"['Ask', 'Chatgpt', 'about', 'the', 'possibility', 'of', 'Fry', 'getting', 'on', 'the', 'opening', 'roster']"
1629631480887402497,1629594782354882560,2023-02-26 07:56:36 Malay Peninsula Standard Time,2023-02-26,07:56:36,895347540,@InvestRoiss @mclovincapital Maybe WB was trying out ChatGPT,en,[],"[{'screen_name': 'InvestRoiss', 'name': 'Mat Roiss', 'id': '1341360458192859137'}, {'screen_name': 'mclovincapital', 'name': 'McLovin Capital', 'id': '1524601246908227584'}]",@InvestRoiss @mclovincapital Maybe WB was trying out ChatGPT,"['Maybe', 'WB', 'was', 'trying', 'out', 'ChatGPT']"
1629631460310396928,1629631460310396928,2023-02-26 07:56:31 Malay Peninsula Standard Time,2023-02-26,07:56:31,1622833698390540288,そう、楽しい。  https://t.co/0d6w7I4xvM #ChatGPT #英語勉強 #英語垢 #洋書 #カリフォルニアロール好き  https://t.co/saR2Xp3lD4,ja,"['chatgpt', '英語勉強', '英語垢', '洋書', 'カリフォルニアロール好き']",[],"Yes, it's fun.  https://t.co/0d6w7I4xvM #ChatGPT #英語勉強 #英語垢 #洋書 #カリフォルニアロール好き https://t.co/saR2Xp3lD4","['Yes', ',', ""it's"", 'fun', '.', 'https://t.co/0d6w7I4xvM', '#ChatGPT', '#英語勉強', '#英語垢', '#洋書', '#カリフォルニアロール好き', 'https://t.co/saR2Xp3lD4']"
1629631421244383234,1629631421244383232,2023-02-26 07:56:22 Malay Peninsula Standard Time,2023-02-26,07:56:22,15037033,so #chatgpt was juist the start..  https://t.co/kpYmV8vfE8  https://t.co/ItykTJXtBU,en,['chatgpt'],[],so #chatgpt was juist the start..  https://t.co/kpYmV8vfE8  https://t.co/ItykTJXtBU,"['so', '#chatgpt', 'was', 'juist', 'the', 'start', '..', 'https://t.co/kpYmV8vfE8', 'https://t.co/ItykTJXtBU']"
1629631419331870725,1629555578438557696,2023-02-26 07:56:22 Malay Peninsula Standard Time,2023-02-26,07:56:22,39217029,@vohcel @AnikiTakaZ @Mediavenir Non je cotise pour que des gens qui perdent leur emploi puissent toucher le chômage et pas pour que tout le monde le considère comme un dû pour améliorer leur confort personnel. Tu veux changer de taf ben trouves en un autre et démissionne comme un grand !,fr,[],"[{'screen_name': 'vohcel', 'name': 'Lechov', 'id': '1239566455621980165'}, {'screen_name': 'AnikiTakaZ', 'name': 'Aniki 🔥', 'id': '735476953'}, {'screen_name': 'Mediavenir', 'name': 'Mediavenir', 'id': '1214315619031478272'}]","@vohcel @AnikiTakaZ @Mediavenir No, I contribute so that people who lose their jobs can receive unemployment and not so that everyone considers it as a due to improve their personal comfort. You want to change taf ben find another and resign like a grown-up!","['No', ',', 'I', 'contribute', 'so', 'that', 'people', 'who', 'lose', 'their', 'jobs', 'can', 'receive', 'unemployment', 'and', 'not', 'so', 'that', 'everyone', 'considers', 'it', 'as', 'a', 'due', 'to', 'improve', 'their', 'personal', 'comfort', '.', 'You', 'want', 'to', 'change', 'taf', 'ben', 'find', 'another', 'and', 'resign', 'like', 'a', 'grown-up', '!']"
1629631413174833153,1629579783939190784,2023-02-26 07:56:20 Malay Peninsula Standard Time,2023-02-26,07:56:20,280990296,@panda66104256 もう政治もChatGPTがやればいいとか思う(´・ω・｀),ja,[],"[{'screen_name': 'panda66104256', 'name': 'いちごろ（黒光り✨）', 'id': '1087811608049418240'}]",@panda66104256 I think ( ́・ω・') ChatGPT should do politics anymore,"['I', 'think', '(', '́', '・', 'ω', '・', ""'"", ')', 'ChatGPT', 'should', 'do', 'politics', 'anymore']"
1629631405352456193,1629617543064309760,2023-02-26 07:56:18 Malay Peninsula Standard Time,2023-02-26,07:56:18,1368545908539879430,@hirox246 ChatGPTは実は生成するものとして 使うのが良い感じかと。  LPを作りたい。条件は以下の通り  1 目的はメンバー紹介 2 htmlとJavaScript 3 メンバーは3人同時に表示ではなく1人ずつ表示すること （1人を表示しているときは他のメンバーは非表示） 4 フリックで表示するメンバーを切り替える,ja,[],"[{'screen_name': 'hirox246', 'name': 'ひろゆき', 'id': '87027640'}]","@hirox246 I think it's a good idea to use ChatGPT as a generator.  I want to make an LP. The conditions are as follows 1 Purpose is to introduce members 2 html and JavaScript 3 Display three members one by one instead of three at the same time (when one person is displayed, the other members are hidden) 4 Switch the members to be displayed with a flick","['I', 'think', ""it's"", 'a', 'good', 'idea', 'to', 'use', 'ChatGPT', 'as', 'a', 'generator', '.', 'I', 'want', 'to', 'make', 'an', 'LP', '.', 'The', 'conditions', 'are', 'as', 'follows', '1', 'Purpose', 'is', 'to', 'introduce', 'members', '2', 'html', 'and', 'JavaScript', '3', 'Display', 'three', 'members', 'one', 'by', 'one', 'instead', 'of', 'three', 'at', 'the', 'same', 'time', '(', 'when', 'one', 'person', 'is', 'displayed', ',', 'the', 'other', 'members', 'are', 'hidden', ')', '4', 'Switch', 'the', 'members', 'to', 'be', 'displayed', 'with', 'a', 'flick']"
1629631385383174149,1629631385383174144,2023-02-26 07:56:14 Malay Peninsula Standard Time,2023-02-26,07:56:14,1222676671,ChatGPT is next level crazy,en,[],[],ChatGPT is next level crazy,"['ChatGPT', 'is', 'next', 'level', 'crazy']"
1629631381004247041,1629631381004247040,2023-02-26 07:56:12 Malay Peninsula Standard Time,2023-02-26,07:56:12,38839879,This is the advice #ChatGPT gave me to help me run/juggle multiple engagements/work. The best tip is No. 7. It's personal.  https://t.co/ooAInyVPcV,en,['chatgpt'],[],This is the advice #ChatGPT gave me to help me run/juggle multiple engagements/work. The best tip is No. 7. It's personal.  https://t.co/ooAInyVPcV,"['This', 'is', 'the', 'advice', '#ChatGPT', 'gave', 'me', 'to', 'help', 'me', 'run', '/', 'juggle', 'multiple', 'engagements', '/', 'work', '.', 'The', 'best', 'tip', 'is', 'No', '.', '7', '.', ""It's"", 'personal', '.', 'https://t.co/ooAInyVPcV']"
1629631320426168320,1629631320426168320,2023-02-26 07:55:58 Malay Peninsula Standard Time,2023-02-26,07:55:58,383462288,【年金生活#154】ChatGPTで、本・絵本・動画制作、翻訳、プログラミング作成  https://t.co/iCnzUnxN09 @YouTubeより,ja,[],[],"[Pension Life #154] ChatGPT for book, picture book, video production, translation, programming creation https://t.co/iCnzUnxN09 @YouTube","['[', 'Pension', 'Life', '#154', ']', 'ChatGPT', 'for', 'book', ',', 'picture', 'book', ',', 'video', 'production', ',', 'translation', ',', 'programming', 'creation', 'https://t.co/iCnzUnxN09']"
1629631317423063040,1629631317423063040,2023-02-26 07:55:57 Malay Peninsula Standard Time,2023-02-26,07:55:57,468137335,ChatGPTの開発者が予告　危険なAIの出現は近い  https://t.co/mU10N5ZOnr,ja,[],[],ChatGPT developers warn that the emergence of dangerous AI is near https://t.co/mU10N5ZOnr,"['ChatGPT', 'developers', 'warn', 'that', 'the', 'emergence', 'of', 'dangerous', 'AI', 'is', 'near', 'https://t.co/mU10N5ZOnr']"
1629631307197165569,1629601167717048320,2023-02-26 07:55:55 Malay Peninsula Standard Time,2023-02-26,07:55:55,1513149819916894208,@BatistaDrax @jairmearrependi Só pedir pro Chat GPT que ele faz,pt,[],"[{'screen_name': 'BatistaDrax', 'name': 'Drax Batista', 'id': '1538416680866664449'}, {'screen_name': 'jairmearrependi', 'name': 'Jairme', 'id': '1053378751189397504'}]",@BatistaDrax @jairmearrependi Just ask for GPT Chat that it does,"['Just', 'ask', 'for', 'GPT', 'Chat', 'that', 'it', 'does']"
1629631287886745601,1629631287886745600,2023-02-26 07:55:50 Malay Peninsula Standard Time,2023-02-26,07:55:50,16417483,bingちゃん都合が悪くなるのと止まるようになってる。chatgptとだいぶ挙動が違うな。  https://t.co/ja9yuGNZvz,ja,[],[],Bing-chan is starting to stop when it becomes inconvenient. It behaves a lot differently from chatgpt.  https://t.co/ja9yuGNZvz,"['Bing-chan', 'is', 'starting', 'to', 'stop', 'when', 'it', 'becomes', 'inconvenient', '.', 'It', 'behaves', 'a', 'lot', 'differently', 'from', 'chatgpt', '.', 'https://t.co/ja9yuGNZvz']"
1629631286360027138,1629631286360027136,2023-02-26 07:55:50 Malay Peninsula Standard Time,2023-02-26,07:55:50,1381217652211818498,"🔴 #ViralRabbi #According #To #ChatGPT, #here #is #a #list #of #alleged #information #regarding #matrilinial #mitochondrial #Jews:     1. Matrilineal mitochondrial Jews trace their lineage through their mother's side of the family.     2. This lineage is passed down through the…",en,"['viralrabbi', 'according', 'to', 'chatgpt', 'here', 'is', 'a', 'list', 'of', 'alleged', 'information', 'regarding', 'matrilinial', 'mitochondrial', 'jews']",[],"🔴 #ViralRabbi #According #To #ChatGPT, #here #is #a #list #of #alleged #information #regarding #matrilinial #mitochondrial #Jews:     1. Matrilineal mitochondrial Jews trace their lineage through their mother's side of the family.     2. This lineage is passed down through the…","['🔴', '#ViralRabbi', '#According', '#To', '#ChatGPT', ',', '#here', '#is', '#', 'a', '#list', '#of', '#alleged', '#information', '#regarding', '#matrilinial', '#mitochondrial', '#Jews', ':', '1', '.', 'Matrilineal', 'mitochondrial', 'Jews', 'trace', 'their', 'lineage', 'through', 'their', ""mother's"", 'side', 'of', 'the', 'family', '.', '2', '.', 'This', 'lineage', 'is', 'passed', 'down', 'through', 'the', '…']"
1629631285608980480,1629631285608980480,2023-02-26 07:55:50 Malay Peninsula Standard Time,2023-02-26,07:55:50,427208592,"Everyone’s using ChatGPT.  So I built ""The Ultimate ChatGPT Guide"" for you.  You will get :  👉 60+ Chapters 👉 300+ AI Tools &amp; Resources 👉 Save 100+ hours on research  And it’s FREE for the next 24 hours.  Just: • Like • Follow • Reply ""free""   I'…  https://t.co/T0yIso5SAw",en,[],[],"Everyone’s using ChatGPT.  So I built ""The Ultimate ChatGPT Guide"" for you.  You will get :  👉 60+ Chapters 👉 300+ AI Tools &amp; Resources 👉 Save 100+ hours on research  And it’s FREE for the next 24 hours.  Just: • Like • Follow • Reply ""free""   I'…  https://t.co/T0yIso5SAw","['Everyone', '’', 's', 'using', 'ChatGPT', '.', 'So', 'I', 'built', '""', 'The', 'Ultimate', 'ChatGPT', 'Guide', '""', 'for', 'you', '.', 'You', 'will', 'get', ':', '👉', '60', '+', 'Chapters', '👉', '300', '+', 'AI', 'Tools', '&', 'Resources', '👉', 'Save', '100', '+', 'hours', 'on', 'research', 'And', 'it', '’', 's', 'FREE', 'for', 'the', 'next', '24', 'hours', '.', 'Just', ':', '•', 'Like', '•', 'Follow', '•', 'Reply', '""', 'free', '""', 'I', ""'"", '…', 'https://t.co/T0yIso5SAw']"
1629631280554950656,1629631280554950656,2023-02-26 07:55:49 Malay Peninsula Standard Time,2023-02-26,07:55:49,1602510863277383680,"RT @fluxed@ieji.de Thanks to #AI (#ChatGPT), welcome to “zombie #newspapers”:  “#Minneapolis neighborhood newspaper the Southwest Journal shuttered at the end of 2020 but its web domain continues to post fresh content under the auspices of a Delaware ‘SEO company’ (1/3)",en,"['ai', 'chatgpt', 'newspapers', 'minneapolis']",[],"RT @fluxed@ieji.de Thanks to #AI (#ChatGPT), welcome to “zombie #newspapers”:  “#Minneapolis neighborhood newspaper the Southwest Journal shuttered at the end of 2020 but its web domain continues to post fresh content under the auspices of a Delaware ‘SEO company’ (1/3)","['RT', '@fluxed', '@ieji', '.', 'de', 'Thanks', 'to', '#AI', '(', '#ChatGPT', ')', ',', 'welcome', 'to', '“', 'zombie', '#newspapers', '”', ':', '“', '#Minneapolis', 'neighborhood', 'newspaper', 'the', 'Southwest', 'Journal', 'shuttered', 'at', 'the', 'end', 'of', '2020', 'but', 'its', 'web', 'domain', 'continues', 'to', 'post', 'fresh', 'content', 'under', 'the', 'auspices', 'of', 'a', 'Delaware', '‘', 'SEO', 'company', '’', '(', '1/3', ')']"
1629631277128208385,1629631277128208384,2023-02-26 07:55:48 Malay Peninsula Standard Time,2023-02-26,07:55:48,597568921,CLASIFICADOS: Se busca motorizado con Moto propia y ChatGPT.,es,[],[],CLASSIFIEDS: Motorized with own motorcycle and ChatGPT is wanted.,"['CLASSIFIEDS', ':', 'Motorized', 'with', 'own', 'motorcycle', 'and', 'ChatGPT', 'is', 'wanted', '.']"
1629631234967232512,1629631234967232512,2023-02-26 07:55:38 Malay Peninsula Standard Time,2023-02-26,07:55:38,1464220097908998144,“ロポットのような感じだった”／唐突なロ*ポ*ットに爆笑したwww。「後でネタバラシをしてAIの可能性と危険性について糾弾するつもりでした」くらい言ってのける学生が居て欲しい（歪んだ願望）。 / “AI倫理の授業レポートをChatGPTで書いた学生現る”  https://t.co/ao1qTvgYqG,ja,[],[],"""It was like a ropot"" / I burst out laughing at the sudden lo pot. I wish there were students who could say, ""I was going to spoil it later and denounce the possibilities and dangers of AI"" (distorted desire). / ""Students Appear to Write AI Ethics Class Report on ChatGPT"" https://t.co/ao1qTvgYqG","['""', 'It', 'was', 'like', 'a', 'ropot', '""', '/', 'I', 'burst', 'out', 'laughing', 'at', 'the', 'sudden', 'lo', 'pot', '.', 'I', 'wish', 'there', 'were', 'students', 'who', 'could', 'say', ',', '""', 'I', 'was', 'going', 'to', 'spoil', 'it', 'later', 'and', 'denounce', 'the', 'possibilities', 'and', 'dangers', 'of', 'AI', '""', '(', 'distorted', 'desire', ')', '.', '/', '""', 'Students', 'Appear', 'to', 'Write', 'AI', 'Ethics', 'Class', 'Report', 'on', 'ChatGPT', '""', 'https://t.co/ao1qTvgYqG']"
1629631217024012288,1629631217024012288,2023-02-26 07:55:33 Malay Peninsula Standard Time,2023-02-26,07:55:33,209756637,ブログYouTubeやるより ChatGPT君を助手に クラウドワークスやるか。 やすけどね。,ja,[],[],"Rather than doing a blog YouTube ChatGPT as an assistant CrowdWorks. It's easy, though.","['Rather', 'than', 'doing', 'a', 'blog', 'YouTube', 'ChatGPT', 'as', 'an', 'assistant', 'CrowdWorks', '.', ""It's"", 'easy', ',', 'though', '.']"
1629631202985668610,1629631202985668608,2023-02-26 07:55:30 Malay Peninsula Standard Time,2023-02-26,07:55:30,10133452,chatgptくんに専門外のことぶん投げるだけである程度の結果を教えてもらえてるので元は取れてると思う。,ja,[],[],I think Chatgpt has paid for itself because he can tell me some results just by throwing things outside of his specialty.,"['I', 'think', 'Chatgpt', 'has', 'paid', 'for', 'itself', 'because', 'he', 'can', 'tell', 'me', 'some', 'results', 'just', 'by', 'throwing', 'things', 'outside', 'of', 'his', 'specialty', '.']"
1629631188737589248,1629631188737589248,2023-02-26 07:55:27 Malay Peninsula Standard Time,2023-02-26,07:55:27,1619737405279571968,FFが私のツイートをAIに渡して性格や特徴について分析させてるの笑った #ChatGPT  https://t.co/nz7319iOWT,ja,['chatgpt'],[],I laughed when FF gave my tweets to the AI to analyze my personality and traits#ChatGPT https://t.co/nz7319iOWT,"['I', 'laughed', 'when', 'FF', 'gave', 'my', 'tweets', 'to', 'the', 'AI', 'to', 'analyze', 'my', 'personality', 'and', 'traits', '#ChatGPT', 'https://t.co/nz7319iOWT']"
1629631182307459072,1629566819156791296,2023-02-26 07:55:25 Malay Peninsula Standard Time,2023-02-26,07:55:25,1618474868118265857,@Smokee_Bee I think some chatGPT will quench my hunger.,en,[],"[{'screen_name': 'Smokee_Bee', 'name': 'SmokeeBee', 'id': '1347835165502971905'}]",@Smokee_Bee I think some chatGPT will quench my hunger.,"['I', 'think', 'some', 'chatGPT', 'will', 'quench', 'my', 'hunger', '.']"
1629631173461962753,1629631173461962752,2023-02-26 07:55:23 Malay Peninsula Standard Time,2023-02-26,07:55:23,108841236,Chat GPTと地方都市の文化について会話してると架空の文化施設を上てくる。,ja,[],[],"When I was talking to Chat GPT about the culture of a local city, I came up to a fictional cultural facility.","['When', 'I', 'was', 'talking', 'to', 'Chat', 'GPT', 'about', 'the', 'culture', 'of', 'a', 'local', 'city', ',', 'I', 'came', 'up', 'to', 'a', 'fictional', 'cultural', 'facility', '.']"
1629631171037483009,1629631171037483008,2023-02-26 07:55:22 Malay Peninsula Standard Time,2023-02-26,07:55:22,622478333,Chat GPT をいろいろと試しているんだけど、英語ベースの能力と日本語ベースのとでは、まだ随分と差がある部分もあるな。でもまあ、追い付くのにそんなに時間はかからないと思われ。これはインターネット以来の大きなインパクト来そうな予感👍  あ、おはようさーん☁️,ja,[],[],"I've been experimenting with Chat GPT, but there's still a big difference between English-based and Japanese-based. But well, it doesn't seem to take long to catch up. I have a feeling that this is going to have a 👍 big impact since the Internet Oh, good morning ☁️.","[""I've"", 'been', 'experimenting', 'with', 'Chat', 'GPT', ',', 'but', ""there's"", 'still', 'a', 'big', 'difference', 'between', 'English-based', 'and', 'Japanese-based', '.', 'But', 'well', ',', 'it', ""doesn't"", 'seem', 'to', 'take', 'long', 'to', 'catch', 'up', '.', 'I', 'have', 'a', 'feeling', 'that', 'this', 'is', 'going', 'to', 'have', 'a', '👍', 'big', 'impact', 'since', 'the', 'Internet', 'Oh', ',', 'good', 'morning', '☁', '️', '.']"
1629631155451613186,1629631155451613184,2023-02-26 07:55:19 Malay Peninsula Standard Time,2023-02-26,07:55:19,16291609,"フロントエンド関連で""JavaScriptとPythonはどちらが将来性がありますか？""と聞いてみた。 完璧な答えで納得させられた。#ChatGPT",ja,['chatgpt'],[],"In terms of front-end, ""Which is more future-proof, JavaScript or Python?"" I asked. Convinced by the perfect answer. #ChatGPT","['In', 'terms', 'of', 'front-end', ',', '""', 'Which', 'is', 'more', 'future-proof', ',', 'JavaScript', 'or', 'Python', '?', '""', 'I', 'asked', '.', 'Convinced', 'by', 'the', 'perfect', 'answer', '.', '#ChatGPT']"
1629631145519337474,1629631145519337472,2023-02-26 07:55:16 Malay Peninsula Standard Time,2023-02-26,07:55:16,1211190089486761985,最新コメント10件（02/26 08:55）  ChatGPTに聞いてみた　2030年、テックの覇者は？ - 日本経済新聞｜ナウティスニュース https://t.co/6lVKA3pqLI,ja,[],[],Last 10 comments (02/26 08:55) We asked ChatGPT Who will be the champion of tech in 2030? - Japan Economic News|Nautis News https://t.co/6lVKA3pqLI,"['Last', '10', 'comments', '(', '02/26', '08:55', ')', 'We', 'asked', 'ChatGPT', 'Who', 'will', 'be', 'the', 'champion', 'of', 'tech', 'in', '2030', '?', '-', 'Japan', 'Economic', 'News', '|', 'Nautis', 'News', 'https://t.co/6lVKA3pqLI']"
1629631101709721602,1629631101709721600,2023-02-26 07:55:06 Malay Peninsula Standard Time,2023-02-26,07:55:06,1527254870,💰 想成为ChatGPT语言革命的一部分吗？购买ChatGPT币，拥有世界上最先进的语言模型之一(本文案由ChatGPT生成)。 #ChatGPT     https://t.co/DUf52qQ7QK   #airdrop #NFT  $Twitfi  $magic  #ChatGPT  $XRP  $JOE  https://t.co/wG5iOcMkKX,zh,"['chatgpt', 'airdrop', 'nft', 'chatgpt']",[],💰 Want to be part of the ChatGPT language revolution? Buy ChatGPT coins and have one of the most advanced language models in the world (this case was generated by ChatGPT). #ChatGPT     https://t.co/DUf52qQ7QK   #airdrop #NFT  $Twitfi  $magic  #ChatGPT  $XRP  $JOE  https://t.co/wG5iOcMkKX,"['💰', 'Want', 'to', 'be', 'part', 'of', 'the', 'ChatGPT', 'language', 'revolution', '?', 'Buy', 'ChatGPT', 'coins', 'and', 'have', 'one', 'of', 'the', 'most', 'advanced', 'language', 'models', 'in', 'the', 'world', '(', 'this', 'case', 'was', 'generated', 'by', 'ChatGPT', ')', '.', '#ChatGPT', 'https://t.co/DUf52qQ7QK', '#airdrop', '#NFT', '$', 'Twitfi', '$', 'magic', '#ChatGPT', '$', 'XRP', '$', 'JOE', 'https://t.co/wG5iOcMkKX']"
1629631086589538306,1629631086589538304,2023-02-26 07:55:02 Malay Peninsula Standard Time,2023-02-26,07:55:02,383462288,【年金生活#154】ChatGPTで、本・絵本・動画制作、翻訳、プログラミング作成｜けん｜SNSを活用し僅かな年金で楽しく暮らす術を紹介｜ @freeWorkation #note  https://t.co/n6WJD5dCdd,ja,['note'],[],"[Pension Life #154] ChatGPT produces books, picture books, videos, translates, and programs|Ken|Introducing how to live happily with a small pension using SNS| @freeWorkation #note https://t.co/n6WJD5dCdd","['[', 'Pension', 'Life', '#154', ']', 'ChatGPT', 'produces', 'books', ',', 'picture', 'books', ',', 'videos', ',', 'translates', ',', 'and', 'programs', '|', 'Ken', '|', 'Introducing', 'how', 'to', 'live', 'happily', 'with', 'a', 'small', 'pension', 'using', 'SNS', '|', '#note', 'https://t.co/n6WJD5dCdd']"
1629631064477163520,1629546531987800064,2023-02-26 07:54:57 Malay Peninsula Standard Time,2023-02-26,07:54:57,132171023,@himasoraakane chatGptを見ていると弁護士、税理士、ホワイトカラー等の仕事が無くなりそうです。EXCELの式も作れるし、そのうちにプラグラマーも用無しでしょうね、,ja,[],"[{'screen_name': 'himasoraakane', 'name': '暇空茜', 'id': '1343537020203724802'}]","Looking at @himasoraakane chatGpt, it seems that there will be no jobs such as lawyers, tax accountants, and white-collar workers. YOU CAN ALSO CREATE EXCEL FORMULAS, AND SOON YOU WON'T NEED TO USE A PROGRAMMER.","['Looking', 'at', 'chatGpt', ',', 'it', 'seems', 'that', 'there', 'will', 'be', 'no', 'jobs', 'such', 'as', 'lawyers', ',', 'tax', 'accountants', ',', 'and', 'white-collar', 'workers', '.', 'YOU', 'CAN', 'ALSO', 'CREATE', 'EXCEL', 'FORMULAS', ',', 'AND', 'SOON', 'YOU', ""WON'T"", 'NEED', 'TO', 'USE', 'A', 'PROGRAMMER', '.']"
1629631038828736514,1629631038828736512,2023-02-26 07:54:51 Malay Peninsula Standard Time,2023-02-26,07:54:51,48250444,People will adapt or view ChatGPT and it’s ilk more as a toy than an authoritative source of info.,en,[],[],People will adapt or view ChatGPT and it’s ilk more as a toy than an authoritative source of info.,"['People', 'will', 'adapt', 'or', 'view', 'ChatGPT', 'and', 'it', '’', 's', 'ilk', 'more', 'as', 'a', 'toy', 'than', 'an', 'authoritative', 'source', 'of', 'info', '.']"
1629631038220816384,1629631038220816384,2023-02-26 07:54:51 Malay Peninsula Standard Time,2023-02-26,07:54:51,1430506487089045505,言うて、わたし8記事chat GPTで記事書いてそのまま投稿してるからね😆 AIバリバリ楽しいんよw  ペナルティ受けるのでは？ 受けてみたらええやん？ 1年以上やってるから、ブログ立ち上げなんて、1時間掛らんし🤣   AI初心者やからって、何でおっかなビックリやらないかんの？  バランス取れてますか？,ja,[],[],"Say, I'm 😆 writing an article on 8 articles chat GPT and posting it as it is, so AI is fun w Will I get penalized? Why don't you take it? I've been doing it for more than a year, so it takes an hour to launch a blog, and 🤣 if you're an AI beginner, why don't you do it in a surprise?  Is it balanced?","['Say', ',', ""I'm"", '😆', 'writing', 'an', 'article', 'on', '8', 'articles', 'chat', 'GPT', 'and', 'posting', 'it', 'as', 'it', 'is', ',', 'so', 'AI', 'is', 'fun', 'w', 'Will', 'I', 'get', 'penalized', '?', 'Why', ""don't"", 'you', 'take', 'it', '?', ""I've"", 'been', 'doing', 'it', 'for', 'more', 'than', 'a', 'year', ',', 'so', 'it', 'takes', 'an', 'hour', 'to', 'launch', 'a', 'blog', ',', 'and', '🤣', 'if', ""you're"", 'an', 'AI', 'beginner', ',', 'why', ""don't"", 'you', 'do', 'it', 'in', 'a', 'surprise', '?', 'Is', 'it', 'balanced', '?']"
1629631012681691136,1629617239228928000,2023-02-26 07:54:45 Malay Peninsula Standard Time,2023-02-26,07:54:45,1100691257804840960,@40JUNBLOG じゅんさん。ChatGPTと連動させてるんですね。アイデアが素晴らしいです^^,ja,[],"[{'screen_name': '40JUNBLOG', 'name': 'じゅん｜ChatGPT×ブログ', 'id': '1392233539555364864'}]",@40JUNBLOG Jun-san. So it's linked to ChatGPT. The idea is great ^^,"['Jun-san', '.', 'So', ""it's"", 'linked', 'to', 'ChatGPT', '.', 'The', 'idea', 'is', 'great', '^', '^']"
1629630980653817858,1629630980653817856,2023-02-26 07:54:37 Malay Peninsula Standard Time,2023-02-26,07:54:37,816003098,I asked ChatGPT for an example of what it thought were bad and good arguments for mask wearing.  https://t.co/V3aZbvArr0,en,[],[],I asked ChatGPT for an example of what it thought were bad and good arguments for mask wearing.  https://t.co/V3aZbvArr0,"['I', 'asked', 'ChatGPT', 'for', 'an', 'example', 'of', 'what', 'it', 'thought', 'were', 'bad', 'and', 'good', 'arguments', 'for', 'mask', 'wearing', '.', 'https://t.co/V3aZbvArr0']"
1629630955152629761,1629630955152629760,2023-02-26 07:54:31 Malay Peninsula Standard Time,2023-02-26,07:54:31,187830089,やはりChatGPTが人類最後の発明と言うことになるのかなー,ja,[],[],I wonder if ChatGPT will be the last invention of mankind.,"['I', 'wonder', 'if', 'ChatGPT', 'will', 'be', 'the', 'last', 'invention', 'of', 'mankind', '.']"
1629630937473634305,1629630927260520448,2023-02-26 07:54:27 Malay Peninsula Standard Time,2023-02-26,07:54:27,1502619911863951367,🔸OpenAI’s #ChatGPT  started a wave in the AI world and generated hype to another level. (Must Try)  🔸ChatGPT (Generative Pre-trained Transformer) is an AI-based language model trained to generate natural language responses to text-based inputs.,en,['chatgpt'],[],🔸OpenAI’s #ChatGPT  started a wave in the AI world and generated hype to another level. (Must Try)  🔸ChatGPT (Generative Pre-trained Transformer) is an AI-based language model trained to generate natural language responses to text-based inputs.,"['🔸', 'OpenAI', '’', 's', '#ChatGPT', 'started', 'a', 'wave', 'in', 'the', 'AI', 'world', 'and', 'generated', 'hype', 'to', 'another', 'level', '.', '(', 'Must', 'Try', ')', '🔸', 'ChatGPT', '(', 'Generative', 'Pre-trained', 'Transformer', ')', 'is', 'an', 'AI-based', 'language', 'model', 'trained', 'to', 'generate', 'natural', 'language', 'responses', 'to', 'text-based', 'inputs', '.']"
1629630934566727682,1629549791603466240,2023-02-26 07:54:26 Malay Peninsula Standard Time,2023-02-26,07:54:26,1385988095028441089,"@Arkypatriot @POTUS Agreed. Even their new ""god"" chatgpt has some thoughts -  https://t.co/6utLpTc6Jh",en,[],"[{'screen_name': 'Arkypatriot', 'name': 'USMC Lady Vet 🇺🇸👮', 'id': '1077019129'}, {'screen_name': 'POTUS', 'name': 'President Biden', 'id': '1349149096909668363'}]","@Arkypatriot @POTUS Agreed. Even their new ""god"" chatgpt has some thoughts -  https://t.co/6utLpTc6Jh","['Agreed', '.', 'Even', 'their', 'new', '""', 'god', '""', 'chatgpt', 'has', 'some', 'thoughts', '-', 'https://t.co/6utLpTc6Jh']"
1629630901578764290,1629630901578764288,2023-02-26 07:54:18 Malay Peninsula Standard Time,2023-02-26,07:54:18,57032816,うーん、Chat GPTを活用したBingも2021年までの情報で応えようとするので、最新情報は単なるサーチエンジンになってしまうなあ。,ja,[],[],"Well, Bing using Chat GPT is also trying to respond with information up to 2021, so the latest information will be just a search engine.","['Well', ',', 'Bing', 'using', 'Chat', 'GPT', 'is', 'also', 'trying', 'to', 'respond', 'with', 'information', 'up', 'to', '2021', ',', 'so', 'the', 'latest', 'information', 'will', 'be', 'just', 'a', 'search', 'engine', '.']"
1629630891365392384,1629555578438557696,2023-02-26 07:54:16 Malay Peninsula Standard Time,2023-02-26,07:54:16,39217029,@vohcel @dydoxrs @Mediavenir Y a pleins de gens qui gagnent très bien leur vie qui profitent de ça pour passer plusieurs mois à se faire plaisir.,fr,[],"[{'screen_name': 'vohcel', 'name': 'Lechov', 'id': '1239566455621980165'}, {'screen_name': 'dydoxrs', 'name': '︀︀︀︀︀︀︀︀xo︎p︎ʎp︎', 'id': '1373379883389313027'}, {'screen_name': 'Mediavenir', 'name': 'Mediavenir', 'id': '1214315619031478272'}]",@vohcel @dydoxrs @Mediavenir There are plenty of people who earn a very good living who take advantage of this to spend several months having fun.,"['There', 'are', 'plenty', 'of', 'people', 'who', 'earn', 'a', 'very', 'good', 'living', 'who', 'take', 'advantage', 'of', 'this', 'to', 'spend', 'several', 'months', 'having', 'fun', '.']"
1629630884218384390,1629630884218384384,2023-02-26 07:54:14 Malay Peninsula Standard Time,2023-02-26,07:54:14,1481418272235036676,ChatGPT vs Puppet Regime | PUPPET REGIME | GZERO Media  https://t.co/nge9Y0w83Y via @YouTube,en,[],[],ChatGPT vs Puppet Regime | PUPPET REGIME | GZERO Media  https://t.co/nge9Y0w83Y via @YouTube,"['ChatGPT', 'vs', 'Puppet', 'Regime', '|', 'PUPPET', 'REGIME', '|', 'GZERO', 'Media', 'https://t.co/nge9Y0w83Y', 'via']"
1629630875229986818,1629620047567106048,2023-02-26 07:54:12 Malay Peninsula Standard Time,2023-02-26,07:54:12,981325535656796160,@oni_senpai_art El otro dia vi a una compañera de la uni hacer una tarea con chatgpt,es,[],"[{'screen_name': 'oni_senpai_art', 'name': 'Oni Senpai', 'id': '1273818680078598144'}]",@oni_senpai_art The other day I saw a colleague from uni do a task with chatgpt,"['The', 'other', 'day', 'I', 'saw', 'a', 'colleague', 'from', 'uni', 'do', 'a', 'task', 'with', 'chatgpt']"
1629630873837645824,1629285967969517568,2023-02-26 07:54:12 Malay Peninsula Standard Time,2023-02-26,07:54:12,1325236511831285760,ChatGPTだった,ja,[],[],ChatGPT was,"['ChatGPT', 'was']"
1629630859056652289,1629611996030152704,2023-02-26 07:54:08 Malay Peninsula Standard Time,2023-02-26,07:54:08,3503704042,@BasedTransDyke Chatgpt es gratis,fr,[],"[{'screen_name': 'BasedTransDyke', 'name': 'La BTD', 'id': '1429849541403189253'}]",@BasedTransDyke Chatgpt is free,"['Chatgpt', 'is', 'free']"
1629630854438825985,1629158318915653632,2023-02-26 07:54:07 Malay Peninsula Standard Time,2023-02-26,07:54:07,15704860,@gregisenberg I am generally skeptical of ChatGPT. I think people are unrealistic about what a Large Language Model really does.  But this is fantastic. It's an excellent use of LLM.,en,[],"[{'screen_name': 'gregisenberg', 'name': 'GREG ISENBERG', 'id': '14642331'}]",@gregisenberg I am generally skeptical of ChatGPT. I think people are unrealistic about what a Large Language Model really does.  But this is fantastic. It's an excellent use of LLM.,"['I', 'am', 'generally', 'skeptical', 'of', 'ChatGPT', '.', 'I', 'think', 'people', 'are', 'unrealistic', 'about', 'what', 'a', 'Large', 'Language', 'Model', 'really', 'does', '.', 'But', 'this', 'is', 'fantastic', '.', ""It's"", 'an', 'excellent', 'use', 'of', 'LLM', '.']"
1629630852555747328,1629630852555747328,2023-02-26 07:54:06 Malay Peninsula Standard Time,2023-02-26,07:54:06,1155357465669586944,児童生徒の所見をChatGPTを介して書くやつを見たけど、通知表、要録に載せるような（匿名とはいえ）その児童生徒の個人情報をまだ十分に正体の知れない安全性の不確かな機関に明け渡していることになり、遊びで使うにはまだしも、実際に校務で使うのはやめた方がいいと思うのだ,ja,[],[],"I've seen a student write his observations via ChatGPT, but he has surrendered the student's personal information (albeit anonymously) to an uncertain institution that is not yet fully identified and secure, and I think it is better not to actually use it for school affairs, even if it is still used for play.","[""I've"", 'seen', 'a', 'student', 'write', 'his', 'observations', 'via', 'ChatGPT', ',', 'but', 'he', 'has', 'surrendered', 'the', ""student's"", 'personal', 'information', '(', 'albeit', 'anonymously', ')', 'to', 'an', 'uncertain', 'institution', 'that', 'is', 'not', 'yet', 'fully', 'identified', 'and', 'secure', ',', 'and', 'I', 'think', 'it', 'is', 'better', 'not', 'to', 'actually', 'use', 'it', 'for', 'school', 'affairs', ',', 'even', 'if', 'it', 'is', 'still', 'used', 'for', 'play', '.']"
1629630835958878208,1629630835958878208,2023-02-26 07:54:03 Malay Peninsula Standard Time,2023-02-26,07:54:03,2930156653,"I’m in LUV with chatGPT, will it Replace Medium For Great Articles or More? @MikeQuindazzi #Insurtech #DataScience #ML #DL  https://t.co/LScyDZS8aQ  https://t.co/AsZNOGTXKm",en,"['insurtech', 'datascience', 'ml', 'dl']",[],"I’m in LUV with chatGPT, will it Replace Medium For Great Articles or More? @MikeQuindazzi #Insurtech #DataScience #ML #DL  https://t.co/LScyDZS8aQ  https://t.co/AsZNOGTXKm","['I', '’', 'm', 'in', 'LUV', 'with', 'chatGPT', ',', 'will', 'it', 'Replace', 'Medium', 'For', 'Great', 'Articles', 'or', 'More', '?', '#Insurtech', '#DataScience', '#ML', '#DL', 'https://t.co/LScyDZS8aQ', 'https://t.co/AsZNOGTXKm']"
1629630817713668096,1629629890726338560,2023-02-26 07:53:58 Malay Peninsula Standard Time,2023-02-26,07:53:58,19895837,"2/3 “they open themselves up to issues with academic integrity-if you want an essay on any topic, ChatGPT can give it to you – but it can’t provide  critical reflections on learning with examples drawn from personal experience; nor can it create drafts of work with annotations…",en,[],[],"2/3 “they open themselves up to issues with academic integrity-if you want an essay on any topic, ChatGPT can give it to you – but it can’t provide  critical reflections on learning with examples drawn from personal experience; nor can it create drafts of work with annotations…","['2/3', '“', 'they', 'open', 'themselves', 'up', 'to', 'issues', 'with', 'academic', 'integrity-if', 'you', 'want', 'an', 'essay', 'on', 'any', 'topic', ',', 'ChatGPT', 'can', 'give', 'it', 'to', 'you', '–', 'but', 'it', 'can', '’', 't', 'provide', 'critical', 'reflections', 'on', 'learning', 'with', 'examples', 'drawn', 'from', 'personal', 'experience', ';', 'nor', 'can', 'it', 'create', 'drafts', 'of', 'work', 'with', 'annotations', '…']"
1629630817050787841,1629628144142675968,2023-02-26 07:53:58 Malay Peninsula Standard Time,2023-02-26,07:53:58,1020100932779069440,@edwardcholmes I’ve definitely seen some attempted discussions of quasispecies theory that look like they were written by ChatGPT though,en,[],"[{'screen_name': 'edwardcholmes', 'name': 'Eddie Holmes', 'id': '2559918498'}]",@edwardcholmes I’ve definitely seen some attempted discussions of quasispecies theory that look like they were written by ChatGPT though,"['I', '’', 've', 'definitely', 'seen', 'some', 'attempted', 'discussions', 'of', 'quasispecies', 'theory', 'that', 'look', 'like', 'they', 'were', 'written', 'by', 'ChatGPT', 'though']"
1629630814832197632,1629630814832197632,2023-02-26 07:53:57 Malay Peninsula Standard Time,2023-02-26,07:53:57,802041926320943109,暇なのでchatGPTを使えるようになろうと勉強し始める,ja,[],[],"In my spare time, I started studying to be able to use chatGPT.","['In', 'my', 'spare', 'time', ',', 'I', 'started', 'studying', 'to', 'be', 'able', 'to', 'use', 'chatGPT', '.']"
1629630771886694400,1629630771886694400,2023-02-26 07:53:47 Malay Peninsula Standard Time,2023-02-26,07:53:47,244375980,"[ainet] [ChatGPT 답변] 정치는 사양산업이다. 서구에서는 정치를 혐오하는 젊은층은 대부분 기업창업을 희망하는 경우가 많은데, 사회적인 지도자 훌륭한 사람 존경받는 사람 유명한 대통령등이 요즘은 이공계등 STEM교육을 받고 전공한 사람들이다.   https://t.co/JejQ5y5TaE",ko,[],[],"[ainet] [ChatGPT answer] Politics is a spec industry. In the West, most young people who hate politics want to start a business, but social leaders, great people, respected people, famous presidents, etc., are nowadays people who have received STEM education such as science and engineering.   https://t.co/JejQ5y5TaE","['[', 'ainet', ']', '[', 'ChatGPT', 'answer', ']', 'Politics', 'is', 'a', 'spec', 'industry', '.', 'In', 'the', 'West', ',', 'most', 'young', 'people', 'who', 'hate', 'politics', 'want', 'to', 'start', 'a', 'business', ',', 'but', 'social', 'leaders', ',', 'great', 'people', ',', 'respected', 'people', ',', 'famous', 'presidents', ',', 'etc', '.', ',', 'are', 'nowadays', 'people', 'who', 'have', 'received', 'STEM', 'education', 'such', 'as', 'science', 'and', 'engineering', '.', 'https://t.co/JejQ5y5TaE']"
1629630722532335616,1629630722532335616,2023-02-26 07:53:35 Malay Peninsula Standard Time,2023-02-26,07:53:35,1613084336005480448,ChatGPTに、普通の人に尋ねたら怒られそうなねちっこさで質問を投げかけられてQOLが上がった気がする。,ja,[],[],I feel that my QOL has improved because ChatGPT has been asked questions in a naughty manner that would make me angry if I asked ordinary people.,"['I', 'feel', 'that', 'my', 'QOL', 'has', 'improved', 'because', 'ChatGPT', 'has', 'been', 'asked', 'questions', 'in', 'a', 'naughty', 'manner', 'that', 'would', 'make', 'me', 'angry', 'if', 'I', 'asked', 'ordinary', 'people', '.']"
1629630721580232706,1629630721580232704,2023-02-26 07:53:35 Malay Peninsula Standard Time,2023-02-26,07:53:35,3287028127,＃今日の積み上げ  AIを使った自動生成技術 ChatGPTは名前を 知ってる人も  これらの技術を 既存の仕事に活かす 可能性、考えが広がった場合  技術をもつ企業に 注目が集まる  ＃おかね計画 ＃おかね教育   https://t.co/rC67tYjMpu,ja,"['今日の積み上げ', 'おかね計画', 'おかね教育']",[],"#今日の積み上げ Automatic generation technology using AI ChatGPT is a name Even if you know the name, if the possibility and idea of utilizing these technologies in existing work expands, companies with technology will attract attention #おかね計画 #おかね教育 https://t.co/rC67tYjMpu","['#今日の積み上げ', 'Automatic', 'generation', 'technology', 'using', 'AI', 'ChatGPT', 'is', 'a', 'name', 'Even', 'if', 'you', 'know', 'the', 'name', ',', 'if', 'the', 'possibility', 'and', 'idea', 'of', 'utilizing', 'these', 'technologies', 'in', 'existing', 'work', 'expands', ',', 'companies', 'with', 'technology', 'will', 'attract', 'attention', '#おかね計画', '#おかね教育', 'https://t.co/rC67tYjMpu']"
1629630712595857409,1629555578438557696,2023-02-26 07:53:33 Malay Peninsula Standard Time,2023-02-26,07:53:33,39217029,@_Tsargd @oooo_okkay @erwan_lvq @wonderIion @vohcel @Mediavenir Ça te sert à payer ton logement et ta bouffe surtout.,fr,[],"[{'screen_name': '_Tsargd', 'name': 'Tsär', 'id': '1111622927433326593'}, {'screen_name': 'oooo_okkay', 'name': 'helloooo guys', 'id': '881187946875023360'}, {'screen_name': 'erwan_lvq', 'name': 'Erwan', 'id': '1154082924058357760'}, {'screen_name': 'wonderIion', 'name': ""94's"", 'id': '625732328'}, {'screen_name': 'vohcel', 'name': 'Lechov', 'id': '1239566455621980165'}, {'screen_name': 'Mediavenir', 'name': 'Mediavenir', 'id': '1214315619031478272'}]",@_Tsargd @oooo_okkay @erwan_lvq @wonderIion @vohcel @Mediavenir It helps you pay for your accommodation and your food especially.,"['It', 'helps', 'you', 'pay', 'for', 'your', 'accommodation', 'and', 'your', 'food', 'especially', '.']"
1629630707118243840,1629630707118243840,2023-02-26 07:53:32 Malay Peninsula Standard Time,2023-02-26,07:53:32,1251128226786668546,ChatGPTはDeepLearningだということを忘れているのか、話し相手がいない人が悩みを吐露しているケースをよく見かけるが、その個人情報は全部吸われてますよっと。,ja,[],[],"Maybe they have forgotten that ChatGPT is Deep Learning, and I often see people who have no one to talk to express their worries, but all their personal information is sucked up.","['Maybe', 'they', 'have', 'forgotten', 'that', 'ChatGPT', 'is', 'Deep', 'Learning', ',', 'and', 'I', 'often', 'see', 'people', 'who', 'have', 'no', 'one', 'to', 'talk', 'to', 'express', 'their', 'worries', ',', 'but', 'all', 'their', 'personal', 'information', 'is', 'sucked', 'up', '.']"
1629630703863484419,1629623801821396992,2023-02-26 07:53:31 Malay Peninsula Standard Time,2023-02-26,07:53:31,93254679,@Un_EtreHumain et dire que chatgpt va repeter cela ….,fr,[],"[{'screen_name': 'Un_EtreHumain', 'name': 'Un être humain', 'id': '1297152020785385473'}]",@Un_EtreHumain and say that chatgpt will repeat this....,"['and', 'say', 'that', 'chatgpt', 'will', 'repeat', 'this', '...']"
1629630699518177281,1629630699518177280,2023-02-26 07:53:30 Malay Peninsula Standard Time,2023-02-26,07:53:30,1797244280,ChatGPTコインに投資し、人工知能分野の先駆者になりましょう！この言語技術革命を推進する重要な通貨の世界にすぐに参加してください！ 🌐🚀 #web3     https://t.co/JFhUD1Zahf   #airdrop #NFT  $ALBT  $WOOF  $MANA  $SHIB  $WOOF  https://t.co/gKzf7ETjJy,ja,"['web3', 'airdrop', 'nft']",[],Invest in ChatGPT coins and become a pioneer in the field of artificial intelligence! Join us immediately in the world of important currencies driving this linguistic technology revolution! 🌐🚀 #web3     https://t.co/JFhUD1Zahf   #airdrop #NFT  $ALBT  $WOOF  $MANA  $SHIB  $WOOF  https://t.co/gKzf7ETjJy,"['Invest', 'in', 'ChatGPT', 'coins', 'and', 'become', 'a', 'pioneer', 'in', 'the', 'field', 'of', 'artificial', 'intelligence', '!', 'Join', 'us', 'immediately', 'in', 'the', 'world', 'of', 'important', 'currencies', 'driving', 'this', 'linguistic', 'technology', 'revolution', '!', '🌐', '🚀', '#web3', 'https://t.co/JFhUD1Zahf', '#airdrop', '#NFT', '$', 'ALBT', '$', 'WOOF', '$', 'MANA', '$', 'SHIB', '$', 'WOOF', 'https://t.co/gKzf7ETjJy']"
1629630695101407232,1629619270043795456,2023-02-26 07:53:29 Malay Peninsula Standard Time,2023-02-26,07:53:29,63490206,"@missannabiller The fundamental problem with systems like ChatGPT is that they're not really A.I., just very sophisticated copy-paste engines.  They don't have the ability to choose an objective, fulfill it and improve their knowledge and skill by self-guided motivation.",en,[],"[{'screen_name': 'missannabiller', 'name': 'Anna Biller', 'id': '886027278'}]","@missannabiller The fundamental problem with systems like ChatGPT is that they're not really A.I., just very sophisticated copy-paste engines.  They don't have the ability to choose an objective, fulfill it and improve their knowledge and skill by self-guided motivation.","['The', 'fundamental', 'problem', 'with', 'systems', 'like', 'ChatGPT', 'is', 'that', ""they're"", 'not', 'really', 'A', '.', 'I', '.', ',', 'just', 'very', 'sophisticated', 'copy-paste', 'engines', '.', 'They', ""don't"", 'have', 'the', 'ability', 'to', 'choose', 'an', 'objective', ',', 'fulfill', 'it', 'and', 'improve', 'their', 'knowledge', 'and', 'skill', 'by', 'self-guided', 'motivation', '.']"
1629630672296898561,1629592604533829632,2023-02-26 07:53:24 Malay Peninsula Standard Time,2023-02-26,07:53:24,1127596183634030592,"@WorldAndScience If ChatGPT is any indication and is a leader in AI's capabilities, the we are so far off it isn't funny. Nothing more than a faster way to Google at the moment.",en,[],"[{'screen_name': 'WorldAndScience', 'name': 'World and Science', 'id': '511402689'}]","@WorldAndScience If ChatGPT is any indication and is a leader in AI's capabilities, the we are so far off it isn't funny. Nothing more than a faster way to Google at the moment.","['If', 'ChatGPT', 'is', 'any', 'indication', 'and', 'is', 'a', 'leader', 'in', ""AI's"", 'capabilities', ',', 'the', 'we', 'are', 'so', 'far', 'off', 'it', ""isn't"", 'funny', '.', 'Nothing', 'more', 'than', 'a', 'faster', 'way', 'to', 'Google', 'at', 'the', 'moment', '.']"
1629630656538968064,1629630656538968064,2023-02-26 07:53:20 Malay Peninsula Standard Time,2023-02-26,07:53:20,63754806,"Si descargaste ChatGPT, es posible que tus cuentas estén hackeadas #Tecnologia  https://t.co/JCtDLQ5raF",es,['tecnologia'],[],"If you downloaded ChatGPT, your accounts may be hacked #Tecnologia https://t.co/JCtDLQ5raF","['If', 'you', 'downloaded', 'ChatGPT', ',', 'your', 'accounts', 'may', 'be', 'hacked', '#Tecnologia', 'https://t.co/JCtDLQ5raF']"
1629630655838699520,1629617239228928000,2023-02-26 07:53:20 Malay Peninsula Standard Time,2023-02-26,07:53:20,1353323247291363328,@40JUNBLOG ChatGPT　ヤバいっすね。味方に取り込んで戦い方を考える方が得策ですね😊ほしいです🤤,ja,[],"[{'screen_name': '40JUNBLOG', 'name': 'じゅん｜ChatGPT×ブログ', 'id': '1392233539555364864'}]",@40JUNBLOG ChatGPT is dangerous. I hope 🤤 it's 😊 better to get your allies in and think about how to fight.,"['ChatGPT', 'is', 'dangerous', '.', 'I', 'hope', '🤤', ""it's"", '😊', 'better', 'to', 'get', 'your', 'allies', 'in', 'and', 'think', 'about', 'how', 'to', 'fight', '.']"
1629630653179342849,1629587447024693248,2023-02-26 07:53:19 Malay Peninsula Standard Time,2023-02-26,07:53:19,24958437,@fxnction Nice try Chat GPT,en,[],"[{'screen_name': 'fxnction', 'name': 'fxnction', 'id': '1414330132022452231'}]",@fxnction Nice try Chat GPT,"['Nice', 'try', 'Chat', 'GPT']"
1629630652663382018,1629630652663382016,2023-02-26 07:53:19 Malay Peninsula Standard Time,2023-02-26,07:53:19,2820629053,"🔴 Bing Chat, la IA de Microsoft que es SUPERIOR a ChatGPT!  https://t.co/Yecn02jAIA a través de @YouTube",es,[],[],"🔴 Bing Chat, Microsoft's AI that is SUPERIOR to ChatGPT!  https://t.co/Yecn02jAIA through @YouTube","['🔴', 'Bing', 'Chat', ',', ""Microsoft's"", 'AI', 'that', 'is', 'SUPERIOR', 'to', 'ChatGPT', '!', 'https://t.co/Yecn02jAIA', 'through']"
1629630641053798400,1629630641053798400,2023-02-26 07:53:16 Malay Peninsula Standard Time,2023-02-26,07:53:16,876794243443859456,最近、AI言語モデルを使ったチャットボット「ChatGPT」が脚光を浴びています。iPhoneとAndroidについて聞いてみると、どんな答えが出てくるの ... リンク： https://t.co/RwTVZlPrtB タ　グ：#iPhone #ニュース,ja,"['iphone', 'ニュース']",[],"Recently, chatbots ""ChatGPT"" using AI language models have been in the spotlight. If you ask about iPhone and Android, what answers will come up ... Links: https://t.co/RwTVZlPrtB tag:#iPhone #ニュース","['Recently', ',', 'chatbots', '""', 'ChatGPT', '""', 'using', 'AI', 'language', 'models', 'have', 'been', 'in', 'the', 'spotlight', '.', 'If', 'you', 'ask', 'about', 'iPhone', 'and', 'Android', ',', 'what', 'answers', 'will', 'come', 'up', '...', 'Links', ':', 'https://t.co/RwTVZlPrtB', 'tag', ':', '#iPhone', '#ニュース']"
1629630595721490440,1629609721282846720,2023-02-26 07:53:05 Malay Peninsula Standard Time,2023-02-26,07:53:05,45970216,"@steinkobbe @peterjukes do you think that guy's tweets are written by ChatGPT since he got banged up?    btw TIL that Twitter puts a sign at bottom right corner of a tweet if people are hiding replies wow so Alpha, much brave 👀   https://t.co/yRO0mWlxsP  https://t.co/1KQfH0mOxn  https://t.co/QmOth4hETY  https://t.co/JKBbMAMniC",en,[],"[{'screen_name': 'steinkobbe', 'name': 'Wild Geerters', 'id': '813554157097459714'}, {'screen_name': 'peterjukes', 'name': 'Peter Jukes', 'id': '45715838'}]","@steinkobbe @peterjukes do you think that guy's tweets are written by ChatGPT since he got banged up?    btw TIL that Twitter puts a sign at bottom right corner of a tweet if people are hiding replies wow so Alpha, much brave 👀   https://t.co/yRO0mWlxsP  https://t.co/1KQfH0mOxn  https://t.co/QmOth4hETY  https://t.co/JKBbMAMniC","['do', 'you', 'think', 'that', ""guy's"", 'tweets', 'are', 'written', 'by', 'ChatGPT', 'since', 'he', 'got', 'banged', 'up', '?', 'btw', 'TIL', 'that', 'Twitter', 'puts', 'a', 'sign', 'at', 'bottom', 'right', 'corner', 'of', 'a', 'tweet', 'if', 'people', 'are', 'hiding', 'replies', 'wow', 'so', 'Alpha', ',', 'much', 'brave', '👀', 'https://t.co/yRO0mWlxsP', 'https://t.co/1KQfH0mOxn', 'https://t.co/QmOth4hETY', 'https://t.co/JKBbMAMniC']"
1629630590860369924,1629630590860369920,2023-02-26 07:53:04 Malay Peninsula Standard Time,2023-02-26,07:53:04,1628335422907752448,「竹中半兵衛さんの発言が有名です。「愚かな強さよりもまずは賢い弱さを選びなさい」 #chatGPT,ja,['chatgpt'],[],"""Hanbei Takenaka famously said, ""Choose wise weakness first over stupid strength"" #chatGPT","['""', 'Hanbei', 'Takenaka', 'famously', 'said', ',', '""', 'Choose', 'wise', 'weakness', 'first', 'over', 'stupid', 'strength', '""', '#chatGPT']"
1629630580332609537,1629630580332609536,2023-02-26 07:53:02 Malay Peninsula Standard Time,2023-02-26,07:53:02,2583003612,ChatGPTコインに投資し、人工知能分野の先駆者になりましょう！この言語技術革命を推進する重要な通貨の世界にすぐに参加してください！ 🌐🚀 #web3     https://t.co/2gGJ9D2T1X   #airdrop #NFT  $TSUKA  $Twitfi  $TSUKA  $RNDR  $imgnAI  https://t.co/Timt6cOq3M,ja,"['web3', 'airdrop', 'nft']",[],Invest in ChatGPT coins and become a pioneer in the field of artificial intelligence! Join us immediately in the world of important currencies driving this linguistic technology revolution! 🌐🚀 #web3     https://t.co/2gGJ9D2T1X   #airdrop #NFT  $TSUKA  $Twitfi  $TSUKA  $RNDR  $imgnAI  https://t.co/Timt6cOq3M,"['Invest', 'in', 'ChatGPT', 'coins', 'and', 'become', 'a', 'pioneer', 'in', 'the', 'field', 'of', 'artificial', 'intelligence', '!', 'Join', 'us', 'immediately', 'in', 'the', 'world', 'of', 'important', 'currencies', 'driving', 'this', 'linguistic', 'technology', 'revolution', '!', '🌐', '🚀', '#web3', 'https://t.co/2gGJ9D2T1X', '#airdrop', '#NFT', '$', 'TSUKA', '$', 'Twitfi', '$', 'TSUKA', '$', 'RNDR', '$', 'imgnAI', 'https://t.co/Timt6cOq3M']"
1629630580152324099,1629630580152324096,2023-02-26 07:53:02 Malay Peninsula Standard Time,2023-02-26,07:53:02,2778739620,ChatGPTコインに投資し、人工知能分野の先駆者になりましょう！この言語技術革命を推進する重要な通貨の世界にすぐに参加してください！ 🌐🚀 #web3     https://t.co/BanE4yepLV   #airdrop #NFT  $TSUKA  $ALBT  $BNB  $fet  $FLOKI  https://t.co/FIQPQjE7zk,ja,"['web3', 'airdrop', 'nft']",[],Invest in ChatGPT coins and become a pioneer in the field of artificial intelligence! Join us immediately in the world of important currencies driving this linguistic technology revolution! 🌐🚀 #web3     https://t.co/BanE4yepLV   #airdrop #NFT  $TSUKA  $ALBT  $BNB  $fet  $FLOKI  https://t.co/FIQPQjE7zk,"['Invest', 'in', 'ChatGPT', 'coins', 'and', 'become', 'a', 'pioneer', 'in', 'the', 'field', 'of', 'artificial', 'intelligence', '!', 'Join', 'us', 'immediately', 'in', 'the', 'world', 'of', 'important', 'currencies', 'driving', 'this', 'linguistic', 'technology', 'revolution', '!', '🌐', '🚀', '#web3', 'https://t.co/BanE4yepLV', '#airdrop', '#NFT', '$', 'TSUKA', '$', 'ALBT', '$', 'BNB', '$', 'fet', '$', 'FLOKI', 'https://t.co/FIQPQjE7zk']"
1629630537491988481,1629630537491988480,2023-02-26 07:52:51 Malay Peninsula Standard Time,2023-02-26,07:52:51,1328752164215418885,笑死了 黎明杀机主播问chatgpt技能组合  https://t.co/gkeuQCjgjb,zh,[],[],Laughing to death Dead by Dawn streamer asked chatGPT Skillset https://t.co/gkeuQCjgjb,"['Laughing', 'to', 'death', 'Dead', 'by', 'Dawn', 'streamer', 'asked', 'chatGPT', 'Skillset', 'https://t.co/gkeuQCjgjb']"
1629630519150514177,1629630519150514176,2023-02-26 07:52:47 Malay Peninsula Standard Time,2023-02-26,07:52:47,1423614069718720517,鈴鹿詩子の口調を真似した文章を作ってください。 #ChatGPT #AI  https://t.co/2eXLZFH0jX,ja,"['chatgpt', 'ai']",[],Please make a sentence that imitates the tone of Suzuka Shiko. #ChatGPT #AI https://t.co/2eXLZFH0jX,"['Please', 'make', 'a', 'sentence', 'that', 'imitates', 'the', 'tone', 'of', 'Suzuka', 'Shiko', '.', '#ChatGPT', '#AI', 'https://t.co/2eXLZFH0jX']"
1629630518655426563,1629630518655426560,2023-02-26 07:52:47 Malay Peninsula Standard Time,2023-02-26,07:52:47,1598194596164476929,Microsoft trains ChatGPT to control robots #ArtificialIntelligence via  https://t.co/a2QDS692i1  https://t.co/JXuV8ShObW,en,['artificialintelligence'],[],Microsoft trains ChatGPT to control robots #ArtificialIntelligence via  https://t.co/a2QDS692i1  https://t.co/JXuV8ShObW,"['Microsoft', 'trains', 'ChatGPT', 'to', 'control', 'robots', '#ArtificialIntelligence', 'via', 'https://t.co/a2QDS692i1', 'https://t.co/JXuV8ShObW']"
1629630512410284032,1629630512410284032,2023-02-26 07:52:45 Malay Peninsula Standard Time,2023-02-26,07:52:45,204139735,Pinche chat gpt se las mama,en,[],[],Pinche chat gpt se las mama,"['Pinche', 'chat', 'gpt', 'se', 'las', 'mama']"
1629630511957135363,1627152960030658560,2023-02-26 07:52:45 Malay Peninsula Standard Time,2023-02-26,07:52:45,1598922281434103808,@44thWhenRohit @Thisisforprabha @Pilloyal  https://t.co/lJqcrk8ViW,qme,[],"[{'screen_name': '44thWhenRohit', 'name': 'K I R A N 🇮🇳(#TeamPilloyal)', 'id': '1712868895'}, {'screen_name': 'Thisisforprabha', 'name': 'Salaar', 'id': '1168719156658630656'}]",@44thWhenRohit @Thisisforprabha @Pilloyal  https://t.co/lJqcrk8ViW,['https://t.co/lJqcrk8ViW']
1629630509314613248,1629629095603585024,2023-02-26 07:52:45 Malay Peninsula Standard Time,2023-02-26,07:52:45,1363318988579565568,@OrlandoRPN @Crit_Care Próximamente ChatGPT va ser grupo AVENTHO.,es,[],"[{'screen_name': 'OrlandoRPN', 'name': 'Orlando R. Pérez-Nieto', 'id': '1048707026908577794'}, {'screen_name': 'Crit_Care', 'name': 'Critical Care', 'id': '1617837012'}]",@OrlandoRPN @Crit_Care ChatGPT will soon be AVENTHO group.,"['ChatGPT', 'will', 'soon', 'be', 'AVENTHO', 'group', '.']"
1629630498954960899,1629630498954960896,2023-02-26 07:52:42 Malay Peninsula Standard Time,2023-02-26,07:52:42,196143227,ChatGPTは便利だが、現行の支配体制を更に強化する危険な代物だとも感じる。特に、僕らが学校で散々叩き込まれてきた「質問→解答」という単純な思考パターンを強化し、依存的で平面的な人間にさせるという点が危険だろう。あくまでAIは道具に過ぎず、思考は自分で行うと意識することが重要だと思う。,ja,[],[],"ChatGPT is convenient, but it also feels like a dangerous substitute for further strengthening the current system. In particular, it would be dangerous to reinforce the simple ""question → answer"" thought pattern that we have been repeatedly hammered into in school, making us dependent and flat people. I think it is important to be aware that AI is just a tool, and that you can think by yourself.","['ChatGPT', 'is', 'convenient', ',', 'but', 'it', 'also', 'feels', 'like', 'a', 'dangerous', 'substitute', 'for', 'further', 'strengthening', 'the', 'current', 'system', '.', 'In', 'particular', ',', 'it', 'would', 'be', 'dangerous', 'to', 'reinforce', 'the', 'simple', '""', 'question', '→', 'answer', '""', 'thought', 'pattern', 'that', 'we', 'have', 'been', 'repeatedly', 'hammered', 'into', 'in', 'school', ',', 'making', 'us', 'dependent', 'and', 'flat', 'people', '.', 'I', 'think', 'it', 'is', 'important', 'to', 'be', 'aware', 'that', 'AI', 'is', 'just', 'a', 'tool', ',', 'and', 'that', 'you', 'can', 'think', 'by', 'yourself', '.']"
1629630490956255233,1624978077989351424,2023-02-26 07:52:40 Malay Peninsula Standard Time,2023-02-26,07:52:40,1598922281434103808,@GEToutKIDSS @_nuthan  https://t.co/7WfdNBBy1z,qme,[],[],@GEToutKIDSS @_nuthan https://t.co/7WfdNBBy1z,['https://t.co/7WfdNBBy1z']
1629630479254298626,1629630479254298624,2023-02-26 07:52:37 Malay Peninsula Standard Time,2023-02-26,07:52:37,244375980,[ainet] [ChatGPT 답변] 다음 한국대통령은 어떤 사람이 될지 물었다. 작은정부로 가는 것이 미래인가? 대부분의 국가는 공무원을 줄이고 있다. 각국가의 공무원의 비율은 어떤가 질문에서 공무원이 가장많은 나라는 북한이란다. 대부분 부모가 의대를 보내려하는데  https://t.co/0sIlSMDlJN,ko,[],[],"[ainet] [ChatGPT answer] I asked what kind of person the next South Korean president would be. Is going to small government the future? Most countries are reducing their civil service. When asked what is the proportion of civil servants in each country, the country with the most civil servants is North Korea. Most parents want to send them to medical school, but https://t.co/0sIlSMDlJN","['[', 'ainet', ']', '[', 'ChatGPT', 'answer', ']', 'I', 'asked', 'what', 'kind', 'of', 'person', 'the', 'next', 'South', 'Korean', 'president', 'would', 'be', '.', 'Is', 'going', 'to', 'small', 'government', 'the', 'future', '?', 'Most', 'countries', 'are', 'reducing', 'their', 'civil', 'service', '.', 'When', 'asked', 'what', 'is', 'the', 'proportion', 'of', 'civil', 'servants', 'in', 'each', 'country', ',', 'the', 'country', 'with', 'the', 'most', 'civil', 'servants', 'is', 'North', 'Korea', '.', 'Most', 'parents', 'want', 'to', 'send', 'them', 'to', 'medical', 'school', ',', 'but', 'https://t.co/0sIlSMDlJN']"
1629630463395364865,1628965526625218560,2023-02-26 07:52:34 Malay Peninsula Standard Time,2023-02-26,07:52:34,1453441957125136390,@petexryan @Spotify Draw up a sternly worded letter on ChatGPT and send it over their way lol,en,[],"[{'screen_name': 'petexryan', 'name': 'Pete Ryan', 'id': '26861779'}, {'screen_name': 'Spotify', 'name': 'Spotify', 'id': '17230018'}]",@petexryan @Spotify Draw up a sternly worded letter on ChatGPT and send it over their way lol,"['Draw', 'up', 'a', 'sternly', 'worded', 'letter', 'on', 'ChatGPT', 'and', 'send', 'it', 'over', 'their', 'way', 'lol']"
1629630446446469120,1629630446446469120,2023-02-26 07:52:30 Malay Peninsula Standard Time,2023-02-26,07:52:30,114316402,検索連動型広告の末路を暗示させて余りあるCHAT GPT  https://t.co/LlUfexLgBn,ja,[],[],CHAT GPT more than hints at the end of search advertising https://t.co/LlUfexLgBn,"['CHAT', 'GPT', 'more', 'than', 'hints', 'at', 'the', 'end', 'of', 'search', 'advertising', 'https://t.co/LlUfexLgBn']"
1629630442914840578,1629481715684241408,2023-02-26 07:52:29 Malay Peninsula Standard Time,2023-02-26,07:52:29,989649327973847041,@haguremogura うおおおっ！！ありがとうございます！！！すごい、ヴィンセントがちゃんと（？？？？）騎士してる…正統派な男に…！！！ありがとうございます！！ chatGPTくんはマイナージャンル救世主ですね👍️🤣✨✨,ja,[],"[{'screen_name': 'haguremogura', 'name': 'はぐれもぐら', 'id': '2496581665'}]","@haguremogura Whoa!! Thank you!!! Wow, Vincent is right (???? I'm a knight... To an orthodox man...!!! Thank you!! chatGPT is a minor genre savior 👍️🤣✨✨.","['Whoa', '!', '!', 'Thank', 'you', '!', '!', '!', 'Wow', ',', 'Vincent', 'is', 'right', '(', '?', '?', '?', ""I'm"", 'a', 'knight', '...', 'To', 'an', 'orthodox', 'man', '...', '!', '!', '!', 'Thank', 'you', '!', '!', 'chatGPT', 'is', 'a', 'minor', 'genre', 'savior', '👍', '️', '🤣', '✨', '✨', '.']"
1629630408131502080,1629630408131502080,2023-02-26 07:52:21 Malay Peninsula Standard Time,2023-02-26,07:52:21,1381217652211818498,"🔴 #ViralRabbi #According #To #ChatGPT, #here #is #a #list #of #alleged #information #regarding #John #Lear #and #the #alien #base #on #the #dark #side #of #the #moon:     1. According to John Lear, the alien base on the dark side of the moon was built by a race called the ""Lunar…",en,"['viralrabbi', 'according', 'to', 'chatgpt', 'here', 'is', 'a', 'list', 'of', 'alleged', 'information', 'regarding', 'john', 'lear', 'and', 'the', 'alien', 'base', 'on', 'the', 'dark', 'side', 'of', 'the', 'moon']",[],"🔴 #ViralRabbi #According #To #ChatGPT, #here #is #a #list #of #alleged #information #regarding #John #Lear #and #the #alien #base #on #the #dark #side #of #the #moon:     1. According to John Lear, the alien base on the dark side of the moon was built by a race called the ""Lunar…","['🔴', '#ViralRabbi', '#According', '#To', '#ChatGPT', ',', '#here', '#is', '#', 'a', '#list', '#of', '#alleged', '#information', '#regarding', '#John', '#Lear', '#and', '#the', '#alien', '#base', '#on', '#the', '#dark', '#side', '#of', '#the', '#moon', ':', '1', '.', 'According', 'to', 'John', 'Lear', ',', 'the', 'alien', 'base', 'on', 'the', 'dark', 'side', 'of', 'the', 'moon', 'was', 'built', 'by', 'a', 'race', 'called', 'the', '""', 'Lunar', '…']"
1629630383531741184,1629630383531741184,2023-02-26 07:52:15 Malay Peninsula Standard Time,2023-02-26,07:52:15,1427531280833523725,"I know it can be wrong sometimes but I love using chatgpt to learn stuff, it doesnt care how stupid your questions are  I'm trying to learn more about how types are inferred in typescript and it just gives you so much info and itll clarify points you want it to clarify  https://t.co/HsaY0LqS8R",en,[],[],"I know it can be wrong sometimes but I love using chatgpt to learn stuff, it doesnt care how stupid your questions are  I'm trying to learn more about how types are inferred in typescript and it just gives you so much info and itll clarify points you want it to clarify  https://t.co/HsaY0LqS8R","['I', 'know', 'it', 'can', 'be', 'wrong', 'sometimes', 'but', 'I', 'love', 'using', 'chatgpt', 'to', 'learn', 'stuff', ',', 'it', 'doesnt', 'care', 'how', 'stupid', 'your', 'questions', 'are', ""I'm"", 'trying', 'to', 'learn', 'more', 'about', 'how', 'types', 'are', 'inferred', 'in', 'typescript', 'and', 'it', 'just', 'gives', 'you', 'so', 'much', 'info', 'and', 'itll', 'clarify', 'points', 'you', 'want', 'it', 'to', 'clarify', 'https://t.co/HsaY0LqS8R']"
1629630380453298176,1629630380453298176,2023-02-26 07:52:14 Malay Peninsula Standard Time,2023-02-26,07:52:14,1549020974133043201,chatGPTめっちゃ楽しいぞ…！ 探索者の設定詰め込んだらめっちゃ喋ってくれる〜良すぎる。楽しい。 織久くんで試してみてるからだいぶ特殊設定なんだろうけど、解釈一致だ…,ja,[],[],"chatGPT is so much fun...! If you cram the explorer's settings into it, it will talk a lot - it's too good. Pleasant. I'm trying it out with Oriku-kun, so I guess it's a pretty special setting, but it's a consistent interpretation...","['chatGPT', 'is', 'so', 'much', 'fun', '...', '!', 'If', 'you', 'cram', 'the', ""explorer's"", 'settings', 'into', 'it', ',', 'it', 'will', 'talk', 'a', 'lot', '-', ""it's"", 'too', 'good', '.', 'Pleasant', '.', ""I'm"", 'trying', 'it', 'out', 'with', 'Oriku-kun', ',', 'so', 'I', 'guess', ""it's"", 'a', 'pretty', 'special', 'setting', ',', 'but', ""it's"", 'a', 'consistent', 'interpretation', '...']"
1629630358957314049,1629630358957314048,2023-02-26 07:52:09 Malay Peninsula Standard Time,2023-02-26,07:52:09,140927249,"pedi uma receita de frango com aveia pro chatgpt, executei essa aberração culinária pra janta e ficou EXCELENTE vai tomar no cu",pt,[],[],"I ordered a chicken recipe with oatmeal pro chatgpt, I performed this culinary freak for dinner and was EXCELLENT will take in the cu","['I', 'ordered', 'a', 'chicken', 'recipe', 'with', 'oatmeal', 'pro', 'chatgpt', ',', 'I', 'performed', 'this', 'culinary', 'freak', 'for', 'dinner', 'and', 'was', 'EXCELLENT', 'will', 'take', 'in', 'the', 'cu']"
1629630338258567169,1629630338258567168,2023-02-26 07:52:04 Malay Peninsula Standard Time,2023-02-26,07:52:04,1441952749587894280,ChatGPT Heralds an Intellectual Revolution  https://t.co/yr0YrdhcSh,en,[],[],ChatGPT Heralds an Intellectual Revolution  https://t.co/yr0YrdhcSh,"['ChatGPT', 'Heralds', 'an', 'Intellectual', 'Revolution', 'https://t.co/yr0YrdhcSh']"
1629630325922971648,1629612080805363712,2023-02-26 07:52:01 Malay Peninsula Standard Time,2023-02-26,07:52:01,3173102980,"@dowellml How is this even in the vicinity of what they call “contract cheating”, while those faculty at the same time ask the “non-native” students to make sure they have a “native speaker” proofread their work or use Grammarly. At least, ChatGPT is still free.",en,[],"[{'screen_name': 'dowellml', 'name': 'Matt Dowell', 'id': '2718993454'}]","@dowellml How is this even in the vicinity of what they call “contract cheating”, while those faculty at the same time ask the “non-native” students to make sure they have a “native speaker” proofread their work or use Grammarly. At least, ChatGPT is still free.","['How', 'is', 'this', 'even', 'in', 'the', 'vicinity', 'of', 'what', 'they', 'call', '“', 'contract', 'cheating', '”', ',', 'while', 'those', 'faculty', 'at', 'the', 'same', 'time', 'ask', 'the', '“', 'non-native', '”', 'students', 'to', 'make', 'sure', 'they', 'have', 'a', '“', 'native', 'speaker', '”', 'proofread', 'their', 'work', 'or', 'use', 'Grammarly', '.', 'At', 'least', ',', 'ChatGPT', 'is', 'still', 'free', '.']"
1629630318754910209,1629435149061332992,2023-02-26 07:51:59 Malay Peninsula Standard Time,2023-02-26,07:51:59,259896009,@isabelledaniel Schon wieder eine Geschichte die mit Chat gpt geschrieben wurde.,de,[],"[{'screen_name': 'isabelledaniel', 'name': 'Isabelle Daniel', 'id': '89947367'}]",@isabelledaniel Another story written with Chat gpt.,"['Another', 'story', 'written', 'with', 'Chat', 'gpt', '.']"
1629630275864137728,1629630275864137728,2023-02-26 07:51:49 Malay Peninsula Standard Time,2023-02-26,07:51:49,257453103,ChatGPTの使い方が出回り過ぎて、その内入力する文面すらが書けない人が出てきそう 出てきた文面を理解できなくなって訳わからないまま使いそう 自分のお気持ちも言語化できなくなって不幸,ja,[],[],"There are too many ways to use ChatGPT, and some people may not even be able to write the text to enter. I can't understand the text that comes out and try to use it without understanding the translation. I'm unhappy that I can't verbalize my feelings.","['There', 'are', 'too', 'many', 'ways', 'to', 'use', 'ChatGPT', ',', 'and', 'some', 'people', 'may', 'not', 'even', 'be', 'able', 'to', 'write', 'the', 'text', 'to', 'enter', '.', 'I', ""can't"", 'understand', 'the', 'text', 'that', 'comes', 'out', 'and', 'try', 'to', 'use', 'it', 'without', 'understanding', 'the', 'translation', '.', ""I'm"", 'unhappy', 'that', 'I', ""can't"", 'verbalize', 'my', 'feelings', '.']"
1629630267626274816,1629628611564040192,2023-02-26 07:51:47 Malay Peninsula Standard Time,2023-02-26,07:51:47,295460246,"@DanHopewell Honestly not sure which is worse, Elon's or ChatGPT's (and ChatGPT's is TERRIBLE):  https://t.co/vaaVdxYiIk",en,[],"[{'screen_name': 'DanHopewell', 'name': 'Dan Hopewell', 'id': '54687597'}]","@DanHopewell Honestly not sure which is worse, Elon's or ChatGPT's (and ChatGPT's is TERRIBLE):  https://t.co/vaaVdxYiIk","['Honestly', 'not', 'sure', 'which', 'is', 'worse', ',', ""Elon's"", 'or', ""ChatGPT's"", '(', 'and', ""ChatGPT's"", 'is', 'TERRIBLE', '):', 'https://t.co/vaaVdxYiIk']"
1629630249108422658,1629313555999629312,2023-02-26 07:51:43 Malay Peninsula Standard Time,2023-02-26,07:51:43,1548702512303292418,@Lunar_KittyCals chat gpt your way through it friend,en,[],"[{'screen_name': 'Lunar_KittyCals', 'name': '.*✧･☽Kae☾･✧*.', 'id': '1529862166953738241'}]",@Lunar_KittyCals chat gpt your way through it friend,"['chat', 'gpt', 'your', 'way', 'through', 'it', 'friend']"
1629630201184264193,1624733525315575808,2023-02-26 07:51:31 Malay Peninsula Standard Time,2023-02-26,07:51:31,1598922281434103808,@NvrMahesh @fizzie_girl  https://t.co/6gUpPV5fn3,qme,[],"[{'screen_name': 'NvrMahesh', 'name': 'MAHESH387', 'id': '865970105523556352'}]",@NvrMahesh @fizzie_girl  https://t.co/6gUpPV5fn3,['https://t.co/6gUpPV5fn3']
1629630187615682560,1629630187615682560,2023-02-26 07:51:28 Malay Peninsula Standard Time,2023-02-26,07:51:28,1564196678713987074,Wait What??? 🙄😳 #ChatGPT  https://t.co/nmI57IIWHY,en,['chatgpt'],[],Wait What??? 🙄😳 #ChatGPT  https://t.co/nmI57IIWHY,"['Wait', 'What', '?', '?', '?', '🙄', '😳', '#ChatGPT', 'https://t.co/nmI57IIWHY']"
1629630180162428929,1623590160993775616,2023-02-26 07:51:26 Malay Peninsula Standard Time,2023-02-26,07:51:26,1598922281434103808,@SPoonkani @RAJUVJ1402  https://t.co/wxtiMegxj3,qme,[],"[{'screen_name': 'SPoonkani', 'name': 'சே.த.பூங்கனி வேலன்', 'id': '1395300312894824450'}]",@SPoonkani @RAJUVJ1402  https://t.co/wxtiMegxj3,['https://t.co/wxtiMegxj3']
1629630143659646976,1629630143659646976,2023-02-26 07:51:17 Malay Peninsula Standard Time,2023-02-26,07:51:17,14506270,Notion AI、性能面はまだわからないですが、単純にNotion内に書き出されるというところですごく便利という気持ちになります。レスポンスはChatGPT PLUSより今の所早いような印象を受けます。あちこち課金して試して、でもそのうち絞らないとですね。,ja,[],[],"I don't know the performance aspect of Notion AI yet, but I feel that it is very convenient because it is simply written out in Notion. I get the impression that the response is faster than ChatGPT PLUS so far. You have to charge here and there and try it, but eventually you have to narrow it down.","['I', ""don't"", 'know', 'the', 'performance', 'aspect', 'of', 'Notion', 'AI', 'yet', ',', 'but', 'I', 'feel', 'that', 'it', 'is', 'very', 'convenient', 'because', 'it', 'is', 'simply', 'written', 'out', 'in', 'Notion', '.', 'I', 'get', 'the', 'impression', 'that', 'the', 'response', 'is', 'faster', 'than', 'ChatGPT', 'PLUS', 'so', 'far', '.', 'You', 'have', 'to', 'charge', 'here', 'and', 'there', 'and', 'try', 'it', ',', 'but', 'eventually', 'you', 'have', 'to', 'narrow', 'it', 'down', '.']"
1629630143240228864,1629630143240228864,2023-02-26 07:51:17 Malay Peninsula Standard Time,2023-02-26,07:51:17,73635422,ヤクザプリンセス  「女　ヤクザ　刀　復讐　これでお話作って」とchatgptに頼んだら出来たような映画 変な日本描写 外国映画でよくあるこの中華風日本は永遠に無くならねーんだろな アクションは割と良かった しかしヒロインが致命的に可愛くない それ以外は既視感に酔いそう  https://t.co/vLmscMiLKO,ja,[],[],"Yakuza Princess A movie that looks like it was made when I asked Chatgpt ""Woman Yakuza Katana Revenge Make a story with this"" Strange Japan depiction This Chinese-style Japan that is common in foreign movies should be gone forever. The action was relatively good. But the heroine is not fatally cute. Other than that, I'm going to get drunk with déjà vu https://t.co/vLmscMiLKO","['Yakuza', 'Princess', 'A', 'movie', 'that', 'looks', 'like', 'it', 'was', 'made', 'when', 'I', 'asked', 'Chatgpt', '""', 'Woman', 'Yakuza', 'Katana', 'Revenge', 'Make', 'a', 'story', 'with', 'this', '""', 'Strange', 'Japan', 'depiction', 'This', 'Chinese-style', 'Japan', 'that', 'is', 'common', 'in', 'foreign', 'movies', 'should', 'be', 'gone', 'forever', '.', 'The', 'action', 'was', 'relatively', 'good', '.', 'But', 'the', 'heroine', 'is', 'not', 'fatally', 'cute', '.', 'Other', 'than', 'that', ',', ""I'm"", 'going', 'to', 'get', 'drunk', 'with', 'déjà', 'vu', 'https://t.co/vLmscMiLKO']"
1629630139272404992,1629630139272404992,2023-02-26 07:51:16 Malay Peninsula Standard Time,2023-02-26,07:51:16,919494366384680960,chatGPTに翻訳の口調をいろいろ指示して変えてみたけど、なんかどれもおばさんぽい甘ったるい口調になってしまった、なぜだ いちいち語尾に♥️つけなくていいんだよ,ja,[],[],"I tried to change the tone of the translation by instructing chatGPT various things, but all of them ended up with a sweet tone, why don't I have to add it to ♥️ the end of every word?","['I', 'tried', 'to', 'change', 'the', 'tone', 'of', 'the', 'translation', 'by', 'instructing', 'chatGPT', 'various', 'things', ',', 'but', 'all', 'of', 'them', 'ended', 'up', 'with', 'a', 'sweet', 'tone', ',', 'why', ""don't"", 'I', 'have', 'to', 'add', 'it', 'to', '♥', '️', 'the', 'end', 'of', 'every', 'word', '?']"
