id,conversation_id,created_at,date,time,user_id,tweet,language,hashtags,reply_to,translated_text,tokenized_text
1629625955961405440,1625063851430645760,2023-02-26 07:34:39 Malay Peninsula Standard Time,2023-02-26,07:34:39,1598922281434103808,@tarakfangir @borntoachieve9 @PavanR77  https://t.co/L2kPVcCtNn,qme,[],"[{'screen_name': 'tarakfangir', 'name': 'vishika♥️💫', 'id': '1487665804401594370'}, {'screen_name': 'borntoachieve9', 'name': 'Poonai(Kitty)💜', 'id': '1484450614801309697'}]",@tarakfangir @borntoachieve9 @PavanR77  https://t.co/L2kPVcCtNn,['https://t.co/L2kPVcCtNn']
1629625951226060803,1629553100104286208,2023-02-26 07:34:38 Malay Peninsula Standard Time,2023-02-26,07:34:38,1051963242929680384,@starburstLuu  https://t.co/KjmsNP7gmA,qme,[],"[{'screen_name': 'starburstLuu', 'name': 'LuLu', 'id': '1573103434839904256'}]",@starburstLuu  https://t.co/KjmsNP7gmA,['https://t.co/KjmsNP7gmA']
1629625942065795073,1629624786174496768,2023-02-26 07:34:36 Malay Peninsula Standard Time,2023-02-26,07:34:36,1627519612253351936,@OpIndia_com Why don’t they build their own consulate ? There is some serious mass conspiracy going on and amit shah is sitting duck,en,[],"[{'screen_name': 'OpIndia_com', 'name': 'OpIndia.com', 'id': '74980737'}]",@OpIndia_com Why don’t they build their own consulate ? There is some serious mass conspiracy going on and amit shah is sitting duck,"['Why', 'don', '’', 't', 'they', 'build', 'their', 'own', 'consulate', '?', 'There', 'is', 'some', 'serious', 'mass', 'conspiracy', 'going', 'on', 'and', 'amit', 'shah', 'is', 'sitting', 'duck']"
1629625940346302466,1629625940346302464,2023-02-26 07:34:35 Malay Peninsula Standard Time,2023-02-26,07:34:35,855028897053777921,跟風玩一下ChatGpt，身為saki的死忠粉一定要問一下這個問題 以前一直覺得天才麻將少女這個翻譯很爛，現在看來可能真的是最好的翻譯了w #咲saki #咲 #saki #天才麻將少女 #chatgpt  https://t.co/v4AjIlozBq,zh,"['咲saki', '咲', 'saki', '天才麻將少女', 'chatgpt']",[],"Play ChatGpt with the trend, as a die-hard fan of saki, you must ask this question I used to think that the translation of the genius mahjong girl was terrible, but now it seems that it may really be the best translation w #咲saki #咲 #saki #天才麻將少女 #chatgpt https://t.co/v4AjIlozBq","['Play', 'ChatGpt', 'with', 'the', 'trend', ',', 'as', 'a', 'die-hard', 'fan', 'of', 'saki', ',', 'you', 'must', 'ask', 'this', 'question', 'I', 'used', 'to', 'think', 'that', 'the', 'translation', 'of', 'the', 'genius', 'mahjong', 'girl', 'was', 'terrible', ',', 'but', 'now', 'it', 'seems', 'that', 'it', 'may', 'really', 'be', 'the', 'best', 'translation', 'w', '#咲saki', '#', '咲', '#saki', '#天才麻將少女', '#chatgpt', 'https://t.co/v4AjIlozBq']"
1629625937858908162,1629052405408223232,2023-02-26 07:34:35 Malay Peninsula Standard Time,2023-02-26,07:34:35,1607115156747591680,@QIAtheist Do I need to ask chatGPT for this ? Krishna was trying motivate Arjuna to fight in the middle of the war. Ofcourse there are many morals to remind Arjuna that is the reason book is famous.  It is war between countries not religions.,en,[],"[{'screen_name': 'QIAtheist', 'name': 'Queer Indian Atheist', 'id': '1262669298771783681'}]",@QIAtheist Do I need to ask chatGPT for this ? Krishna was trying motivate Arjuna to fight in the middle of the war. Ofcourse there are many morals to remind Arjuna that is the reason book is famous.  It is war between countries not religions.,"['Do', 'I', 'need', 'to', 'ask', 'chatGPT', 'for', 'this', '?', 'Krishna', 'was', 'trying', 'motivate', 'Arjuna', 'to', 'fight', 'in', 'the', 'middle', 'of', 'the', 'war', '.', 'Ofcourse', 'there', 'are', 'many', 'morals', 'to', 'remind', 'Arjuna', 'that', 'is', 'the', 'reason', 'book', 'is', 'famous', '.', 'It', 'is', 'war', 'between', 'countries', 'not', 'religions', '.']"
1629625934457237507,1629625061853351936,2023-02-26 07:34:34 Malay Peninsula Standard Time,2023-02-26,07:34:34,2548416583,We finally got there. Interesting how Bing is so much nosier than ChatGPT.  https://t.co/CN9jNSpUHN,en,[],[],We finally got there. Interesting how Bing is so much nosier than ChatGPT.  https://t.co/CN9jNSpUHN,"['We', 'finally', 'got', 'there', '.', 'Interesting', 'how', 'Bing', 'is', 'so', 'much', 'nosier', 'than', 'ChatGPT', '.', 'https://t.co/CN9jNSpUHN']"
1629625934067404800,1629625934067404800,2023-02-26 07:34:34 Malay Peninsula Standard Time,2023-02-26,07:34:34,1063076714836717569,ChatGPT、有料版でも制限あるんですね。そりゃそうだよな。,ja,[],[],"ChatGPT, even the paid version has limitations. That's right.","['ChatGPT', ',', 'even', 'the', 'paid', 'version', 'has', 'limitations', '.', ""That's"", 'right', '.']"
1629625915511836674,1629625915511836672,2023-02-26 07:34:29 Malay Peninsula Standard Time,2023-02-26,07:34:29,1250789043110998017,今、流行りのCHATGPTに【おすすめのプロテインについてをブログ風に書いてみて!】と頼んだら、わりとそのまま使えそうに作成してきました!　 AIの発達が凄いので将来の働き方を考えるきっかけになりました!💪  https://t.co/Sp0psOEV99,ja,[],[],"Now, on the trendy CHATGPT [Write about recommended proteins in a blog style!] When I asked, I made it so that it could be used as it is!　 The development of AI is amazing, so it gave me an opportunity to think about the future of work! 💪  https://t.co/Sp0psOEV99","['Now', ',', 'on', 'the', 'trendy', 'CHATGPT', '[', 'Write', 'about', 'recommended', 'proteins', 'in', 'a', 'blog', 'style', '!', ']', 'When', 'I', 'asked', ',', 'I', 'made', 'it', 'so', 'that', 'it', 'could', 'be', 'used', 'as', 'it', 'is', '!', 'The', 'development', 'of', 'AI', 'is', 'amazing', ',', 'so', 'it', 'gave', 'me', 'an', 'opportunity', 'to', 'think', 'about', 'the', 'future', 'of', 'work', '!', '💪', 'https://t.co/Sp0psOEV99']"
1629625904421797890,1629625904421797888,2023-02-26 07:34:27 Malay Peninsula Standard Time,2023-02-26,07:34:27,1569335308566634499,"Zuckerberg Introduces Meta’s Answer to ChatGPT, LLaMA #technology #technologynews #technews  https://t.co/CzSRQ1J8nk",en,"['technology', 'technologynews', 'technews']",[],"Zuckerberg Introduces Meta’s Answer to ChatGPT, LLaMA #technology #technologynews #technews  https://t.co/CzSRQ1J8nk","['Zuckerberg', 'Introduces', 'Meta', '’', 's', 'Answer', 'to', 'ChatGPT', ',', 'LLaMA', '#technology', '#technologynews', '#technews', 'https://t.co/CzSRQ1J8nk']"
1629625893638250496,1628658015032451072,2023-02-26 07:34:24 Malay Peninsula Standard Time,2023-02-26,07:34:24,1385988095028441089,"@cenkuygur Cute you think you will win anything.  Good luck with that yogurt. Since you have talked in the past about bringing in the UN to ""deal"" with the right, from your side's living ""God"" chatgpt -  https://t.co/AI7GeAVhCV",en,[],"[{'screen_name': 'cenkuygur', 'name': 'Cenk Uygur', 'id': '429227921'}]","@cenkuygur Cute you think you will win anything.  Good luck with that yogurt. Since you have talked in the past about bringing in the UN to ""deal"" with the right, from your side's living ""God"" chatgpt -  https://t.co/AI7GeAVhCV","['Cute', 'you', 'think', 'you', 'will', 'win', 'anything', '.', 'Good', 'luck', 'with', 'that', 'yogurt', '.', 'Since', 'you', 'have', 'talked', 'in', 'the', 'past', 'about', 'bringing', 'in', 'the', 'UN', 'to', '""', 'deal', '""', 'with', 'the', 'right', ',', 'from', 'your', ""side's"", 'living', '""', 'God', '""', 'chatgpt', '-', 'https://t.co/AI7GeAVhCV']"
1629625880984141825,1629625880984141824,2023-02-26 07:34:21 Malay Peninsula Standard Time,2023-02-26,07:34:21,7167892,"Between @Disney @wbpictures @ParamountPics and all the others, who’s going to create the first #AI generated motion picture?   #ChatGPT has an opinion.  https://t.co/EmHFNSQkN3",en,"['ai', 'chatgpt']",[],"Between @Disney @wbpictures @ParamountPics and all the others, who’s going to create the first #AI generated motion picture?   #ChatGPT has an opinion.  https://t.co/EmHFNSQkN3","['Between', 'and', 'all', 'the', 'others', ',', 'who', '’', 's', 'going', 'to', 'create', 'the', 'first', '#AI', 'generated', 'motion', 'picture', '?', '#ChatGPT', 'has', 'an', 'opinion', '.', 'https://t.co/EmHFNSQkN3']"
1629625867138658311,1629625867138658304,2023-02-26 07:34:18 Malay Peninsula Standard Time,2023-02-26,07:34:18,1599585761405407240,"Planning to write today.  Have been distracting myself with fun stuff.  Creative brainstorming and exploring ChatGPT finally.  Kinda like what's been said, the illusion of productivity. I did get some chores done.",en,[],[],"Planning to write today.  Have been distracting myself with fun stuff.  Creative brainstorming and exploring ChatGPT finally.  Kinda like what's been said, the illusion of productivity. I did get some chores done.","['Planning', 'to', 'write', 'today', '.', 'Have', 'been', 'distracting', 'myself', 'with', 'fun', 'stuff', '.', 'Creative', 'brainstorming', 'and', 'exploring', 'ChatGPT', 'finally', '.', 'Kinda', 'like', ""what's"", 'been', 'said', ',', 'the', 'illusion', 'of', 'productivity', '.', 'I', 'did', 'get', 'some', 'chores', 'done', '.']"
1629625863300960256,1629625863300960256,2023-02-26 07:34:17 Malay Peninsula Standard Time,2023-02-26,07:34:17,1028702407298113537,This account is absolutely a fucking AI bot.,en,[],[],This account is absolutely a fucking AI bot.,"['This', 'account', 'is', 'absolutely', 'a', 'fucking', 'AI', 'bot', '.']"
1629625850441367553,1629625850441367552,2023-02-26 07:34:14 Malay Peninsula Standard Time,2023-02-26,07:34:14,1268436722380992513,＼ GM☀️ ／  #おは戦50226fn 🍨  沼です！ 沼っちゃってます(;´∀`)  「ChatGPT」  この子、朝まで 寝かせてくれません笑笑  ふと、 「小説書いてって頼んだら？」 と、聞いてみて返ってきたのが コチラの⬇️小説？？？  https://t.co/gcGZ27SZon  こりゃ沼っちゃうよね(ﾉ∀`)  #ad,ja,"['おは戦50226fn', 'ad']",[],"\ GM☀️ / #おは戦50226fn 🍨 It's a swamp! I'm swamped (; ́∀') ""ChatGPT"" This kid won't let me sleep until morning lol Suddenly, ""What if I ask you to write a novel?"" When I asked, this novel came back ⬇️???  https://t.co/gcGZ27SZon It's going to be swampy (no∀') #ad","['\\', 'GM', '☀', '️', '/', '#おは戦50226fn', '🍨', ""It's"", 'a', 'swamp', '!', ""I'm"", 'swamped', '(;', '́', '∀', ""'"", ')', '""', 'ChatGPT', '""', 'This', 'kid', ""won't"", 'let', 'me', 'sleep', 'until', 'morning', 'lol', 'Suddenly', ',', '""', 'What', 'if', 'I', 'ask', 'you', 'to', 'write', 'a', 'novel', '?', '""', 'When', 'I', 'asked', ',', 'this', 'novel', 'came', 'back', '⬇', '️', '?', '?', '?', 'https://t.co/gcGZ27SZon', ""It's"", 'going', 'to', 'be', 'swampy', '(', 'no', '∀', ""'"", ')', '#ad']"
1629625849765928960,1625063851430645760,2023-02-26 07:34:14 Malay Peninsula Standard Time,2023-02-26,07:34:14,1598922281434103808,@tarakfangir @borntoachieve9 @PavanR77  https://t.co/CMBRKMp8wD,qme,[],"[{'screen_name': 'tarakfangir', 'name': 'vishika♥️💫', 'id': '1487665804401594370'}, {'screen_name': 'borntoachieve9', 'name': 'Poonai(Kitty)💜', 'id': '1484450614801309697'}]",@tarakfangir @borntoachieve9 @PavanR77  https://t.co/CMBRKMp8wD,['https://t.co/CMBRKMp8wD']
1629625845969977346,1629625845969977344,2023-02-26 07:34:13 Malay Peninsula Standard Time,2023-02-26,07:34:13,924027375674851328,"Aaaargh. Lo de Bing es insoportable. Cada dos por tres da por terminada una conversación, y sin que yo este tratando de forzar la maquina o saltarme sus reglas, al contrario. Es frustante. No se llega a ningún lado así. Para eso me quedo con ChatGPT, que al menos tiene escusa.",es,[],[],"Aaaargh. The Bing thing is unbearable. Every two by three a conversation ends, and without me trying to force the machine or break its rules, on the contrary. It's frustrating. You don't get anywhere like that. For that I stay with ChatGPT, which at least has an excuse.","['Aaaargh', '.', 'The', 'Bing', 'thing', 'is', 'unbearable', '.', 'Every', 'two', 'by', 'three', 'a', 'conversation', 'ends', ',', 'and', 'without', 'me', 'trying', 'to', 'force', 'the', 'machine', 'or', 'break', 'its', 'rules', ',', 'on', 'the', 'contrary', '.', ""It's"", 'frustrating', '.', 'You', ""don't"", 'get', 'anywhere', 'like', 'that', '.', 'For', 'that', 'I', 'stay', 'with', 'ChatGPT', ',', 'which', 'at', 'least', 'has', 'an', 'excuse', '.']"
1629625820326289411,1629625820326289408,2023-02-26 07:34:07 Malay Peninsula Standard Time,2023-02-26,07:34:07,898207152623435776,俄美女與華人激烈辯論俄烏戰爭；ChatGPT火爆網絡，5秒寫詩深刻揭露人類本質﹕ https://t.co/i487drcVLB 来自 @YouTube  https://t.co/DbJBLFyXyE,zh,[],[],"Russian beauties and Chinese fiercely debated the Russian-Ukrainian war; ChatGPT is popular on the Internet, writing a poem in 5 seconds to deeply expose the essence of human beings: https://t.co/i487drcVLB from @YouTube https://t.co/DbJBLFyXyE","['Russian', 'beauties', 'and', 'Chinese', 'fiercely', 'debated', 'the', 'Russian-Ukrainian', 'war', ';', 'ChatGPT', 'is', 'popular', 'on', 'the', 'Internet', ',', 'writing', 'a', 'poem', 'in', '5', 'seconds', 'to', 'deeply', 'expose', 'the', 'essence', 'of', 'human', 'beings', ':', 'https://t.co/i487drcVLB', 'from', 'https://t.co/DbJBLFyXyE']"
1629625819894087680,1629625819894087680,2023-02-26 07:34:07 Malay Peninsula Standard Time,2023-02-26,07:34:07,1381714838498504709,as someone with the brain of a kernel of corn i love chatgpt,en,[],[],as someone with the brain of a kernel of corn i love chatgpt,"['as', 'someone', 'with', 'the', 'brain', 'of', 'a', 'kernel', 'of', 'corn', 'i', 'love', 'chatgpt']"
1629625818824470528,1629471145475932160,2023-02-26 07:34:06 Malay Peninsula Standard Time,2023-02-26,07:34:06,1458788154106912769,@wancrnls This thread is saved to your Notion database.  Tags: [Chatgpt],en,[],"[{'screen_name': 'wancrnls', 'name': 'Irwan', 'id': '25717449'}]",@wancrnls This thread is saved to your Notion database.  Tags: [Chatgpt],"['This', 'thread', 'is', 'saved', 'to', 'your', 'Notion', 'database', '.', 'Tags', ':', '[', 'Chatgpt', ']']"
1629625809563529218,1624629334307909632,2023-02-26 07:34:04 Malay Peninsula Standard Time,2023-02-26,07:34:04,1598922281434103808,@gangamallesh_18 @RahulReddy_03 @Srinivasrtfan  https://t.co/nAXa4mn8ND,qme,[],"[{'screen_name': 'gangamallesh_18', 'name': '𝐕𝐊 𝐂𝐮𝐥𝐭_𝟏𝟖', 'id': '1289834675184123904'}, {'screen_name': 'RahulReddy_03', 'name': '𝐑ᴀʜᴜʟ 𝐑ᴇᴅᴅʏ', 'id': '929247600481415168'}]",@gangamallesh_18 @RahulReddy_03 @Srinivasrtfan  https://t.co/nAXa4mn8ND,['https://t.co/nAXa4mn8ND']
1629625788646522882,1626307332727803904,2023-02-26 07:33:59 Malay Peninsula Standard Time,2023-02-26,07:33:59,1598922281434103808,@wtf_rajjjj @Here4VK18  https://t.co/rAH1jDbg3b,qme,[],"[{'screen_name': 'wtf_rajjjj', 'name': 'Raj', 'id': '1498621008810770436'}]",@wtf_rajjjj @Here4VK18  https://t.co/rAH1jDbg3b,['https://t.co/rAH1jDbg3b']
1629625763409584128,1629625763409584128,2023-02-26 07:33:53 Malay Peninsula Standard Time,2023-02-26,07:33:53,1063076714836717569,Too many requests in 1 hour. Try again later.じゃねえだろお前ChatGPTコラ,ja,[],[],Too many requests in 1 hour. Try again later.,"['Too', 'many', 'requests', 'in', '1', 'hour', '.', 'Try', 'again', 'later', '.']"
1629625749387747328,1629625749387747328,2023-02-26 07:33:50 Malay Peninsula Standard Time,2023-02-26,07:33:50,2734784137,언어 장벽을 극복하고 끝없는 가능성을 누리세요! ChatGPT 코인으로 투자하세요. #인공지능 #블록체인 #ChatGPT     https://t.co/BI3LuSVV02   #airdrop #NFT  $BOO  $FLOKI  $FLOKI  $MATIC  $JOE  https://t.co/RLmqeh6ZD9,ko,"['인공지능', '블록체인', 'chatgpt', 'airdrop', 'nft']",[],Overcome the language barrier and enjoy endless possibilities! Invest with ChatGPT coins. #인공지능 #블록체인 #ChatGPT https://t.co/BI3LuSVV02 #airdrop #NFT $BOO $FLOKI $FLOKI $MATIC $JOE https://t.co/RLmqeh6ZD9,"['Overcome', 'the', 'language', 'barrier', 'and', 'enjoy', 'endless', 'possibilities', '!', 'Invest', 'with', 'ChatGPT', 'coins', '.', '#인공지능', '#블록체인', '#ChatGPT', 'https://t.co/BI3LuSVV02', '#airdrop', '#NFT', '$', 'BOO', '$', 'FLOKI', '$', 'FLOKI', '$', 'MATIC', '$', 'JOE', 'https://t.co/RLmqeh6ZD9']"
1629625720380198913,1626879406374518784,2023-02-26 07:33:43 Malay Peninsula Standard Time,2023-02-26,07:33:43,1325994927117856769,@tyu_ju2024knn ここ最近、色んなChatGPTの使い方が編み出されているみたいですよ〜👍,ja,[],"[{'screen_name': 'tyu_ju2024knn', 'name': 'nanoka', 'id': '1418932149600886795'}]","@tyu_ju2024knn Recently, it seems 👍 that various ways to use ChatGPT have been invented.","['Recently', ',', 'it', 'seems', '👍', 'that', 'various', 'ways', 'to', 'use', 'ChatGPT', 'have', 'been', 'invented', '.']"
1629625694019014656,1629625694019014656,2023-02-26 07:33:37 Malay Peninsula Standard Time,2023-02-26,07:33:37,1034191448965439488,この検証実験面白かったです✨  人工知能ChatGPTとDALL･E2を使って、日本で人気のあるセダンを考える動画  https://t.co/4yMybEY4So @YouTubeより,ja,[],[],This verification experiment was ✨ interesting Video of thinking about popular sedans in Japan using artificial intelligence ChatGPT and DALL / E2 From https://t.co/4yMybEY4So @YouTube,"['This', 'verification', 'experiment', 'was', '✨', 'interesting', 'Video', 'of', 'thinking', 'about', 'popular', 'sedans', 'in', 'Japan', 'using', 'artificial', 'intelligence', 'ChatGPT', 'and', 'DALL', '/', 'E2', 'From', 'https://t.co/4yMybEY4So']"
1629625692899127298,1629431371688214528,2023-02-26 07:33:36 Malay Peninsula Standard Time,2023-02-26,07:33:36,1352621103990984709,@TSURUNDO chatGPTはまだ勉強中です。見ていただきありがとうございました😄,ja,[],"[{'screen_name': 'TSURUNDO', 'name': 'つるんど先生', 'id': '162118699'}]",@TSURUNDO chatGPT is still being studied. Thank you for 😄 watching,"['chatGPT', 'is', 'still', 'being', 'studied', '.', 'Thank', 'you', 'for', '😄', 'watching']"
1629625689040367617,1629625689040367616,2023-02-26 07:33:35 Malay Peninsula Standard Time,2023-02-26,07:33:35,3231973472,"It's cute, people's comments on the quality and prospect of #ChatGPT seemingly without knowing #GPT3 is sitting on a vertical cliff that is a line that represents the rate of innovation. E.g. GPT4 is weeks away and it's 10x better",en,"['chatgpt', 'gpt3']",[],"It's cute, people's comments on the quality and prospect of #ChatGPT seemingly without knowing #GPT3 is sitting on a vertical cliff that is a line that represents the rate of innovation. E.g. GPT4 is weeks away and it's 10x better","[""It's"", 'cute', ',', ""people's"", 'comments', 'on', 'the', 'quality', 'and', 'prospect', 'of', '#ChatGPT', 'seemingly', 'without', 'knowing', '#GPT3', 'is', 'sitting', 'on', 'a', 'vertical', 'cliff', 'that', 'is', 'a', 'line', 'that', 'represents', 'the', 'rate', 'of', 'innovation', '.', 'E', '.', 'g', '.', 'GPT', '4', 'is', 'weeks', 'away', 'and', ""it's"", '10x', 'better']"
1629625658828627968,1623720205372502016,2023-02-26 07:33:28 Malay Peninsula Standard Time,2023-02-26,07:33:28,1598922281434103808,@deepakk41930531 @Seetha5277  https://t.co/zRaStsl3Ge,qme,[],"[{'screen_name': 'deepakk41930531', 'name': 'DEEPAK KANNAN', 'id': '1465501242256281606'}]",@deepakk41930531 @Seetha5277  https://t.co/zRaStsl3Ge,['https://t.co/zRaStsl3Ge']
1629625645209714691,1629625645209714688,2023-02-26 07:33:25 Malay Peninsula Standard Time,2023-02-26,07:33:25,2936341851,"what’s the effect of chatGPT on like, cover letters and job applications",en,[],[],"what’s the effect of chatGPT on like, cover letters and job applications","['what', '’', 's', 'the', 'effect', 'of', 'chatGPT', 'on', 'like', ',', 'cover', 'letters', 'and', 'job', 'applications']"
1629625621927329792,1629625621927329792,2023-02-26 07:33:19 Malay Peninsula Standard Time,2023-02-26,07:33:19,1601638783635505152,"Super excited to release Chat Widgets -- now you can create custom chatgpt for any use-case and then add them instantly to your website, without writing any code 🔥  https://t.co/2KZYQMjHpQ",en,[],[],"Super excited to release Chat Widgets -- now you can create custom chatgpt for any use-case and then add them instantly to your website, without writing any code 🔥  https://t.co/2KZYQMjHpQ","['Super', 'excited', 'to', 'release', 'Chat', 'Widgets', '-', '-', 'now', 'you', 'can', 'create', 'custom', 'chatgpt', 'for', 'any', 'use-case', 'and', 'then', 'add', 'them', 'instantly', 'to', 'your', 'website', ',', 'without', 'writing', 'any', 'code', '🔥', 'https://t.co/2KZYQMjHpQ']"
1629625612108283905,1629625612108283904,2023-02-26 07:33:17 Malay Peninsula Standard Time,2023-02-26,07:33:17,129827379,To viciada em testar o chatgpt!,pt,[],[],To addicted to testing the chatgpt!,"['To', 'addicted', 'to', 'testing', 'the', 'chatgpt', '!']"
1629625590549471232,1629625451080556544,2023-02-26 07:33:12 Malay Peninsula Standard Time,2023-02-26,07:33:12,83645422,@mariangeldbc Al chatgpt?,en,[],"[{'screen_name': 'mariangeldbc', 'name': 'Mariangel', 'id': '1353077556'}]",@mariangeldbc Al chatgpt?,"['Al', 'chatgpt', '?']"
1629625578335932416,1629625578335932416,2023-02-26 07:33:09 Malay Peninsula Standard Time,2023-02-26,07:33:09,1381217652211818498,"🔴 #ViralRabbi #According #To #ChatGPT, #here #is #a #list #of #alleged #information #regarding #list #of #Disney #movies:      1. Steamboat Willie (1928)     2. Snow White and the Seven Dwarfs (1937)     3. Pinocchio (1940)     4. Fantasia (1940)     5. Dumbo (1941)     6. Bambi…",en,"['viralrabbi', 'according', 'to', 'chatgpt', 'here', 'is', 'a', 'list', 'of', 'alleged', 'information', 'regarding', 'list', 'of', 'disney', 'movies']",[],"🔴 #ViralRabbi #According #To #ChatGPT, #here #is #a #list #of #alleged #information #regarding #list #of #Disney #movies:      1. Steamboat Willie (1928)     2. Snow White and the Seven Dwarfs (1937)     3. Pinocchio (1940)     4. Fantasia (1940)     5. Dumbo (1941)     6. Bambi…","['🔴', '#ViralRabbi', '#According', '#To', '#ChatGPT', ',', '#here', '#is', '#', 'a', '#list', '#of', '#alleged', '#information', '#regarding', '#list', '#of', '#Disney', '#movies', ':', '1', '.', 'Steamboat', 'Willie', '(', '1928', ')', '2', '.', 'Snow', 'White', 'and', 'the', 'Seven', 'Dwarfs', '(', '1937', ')', '3', '.', 'Pinocchio', '(', '1940', ')', '4', '.', 'Fantasia', '(', '1940', ')', '5', '.', 'Dumbo', '(', '1941', ')', '6', '.', 'Bambi', '…']"
1629625578239172608,1629625578239172608,2023-02-26 07:33:09 Malay Peninsula Standard Time,2023-02-26,07:33:09,1518326833279815681,¿Alguien ha logrado usar ChatGPT en Venezuela?,es,[],[],Has anyone managed to use ChatGPT in Venezuela?,"['Has', 'anyone', 'managed', 'to', 'use', 'ChatGPT', 'in', 'Venezuela', '?']"
1629625557267914753,1629625557267914752,2023-02-26 07:33:04 Malay Peninsula Standard Time,2023-02-26,07:33:04,57589386,Feel free to follow my list of articles I am writing on Medium on Using ChatGPT - 'Using ChatGPT as your Intern' #ChatGPT #Technology #ai #EmbraceChange  https://t.co/EMgTOmpAKW,en,"['chatgpt', 'technology', 'ai', 'embracechange']",[],Feel free to follow my list of articles I am writing on Medium on Using ChatGPT - 'Using ChatGPT as your Intern' #ChatGPT #Technology #ai #EmbraceChange  https://t.co/EMgTOmpAKW,"['Feel', 'free', 'to', 'follow', 'my', 'list', 'of', 'articles', 'I', 'am', 'writing', 'on', 'Medium', 'on', 'Using', 'ChatGPT', '-', ""'"", 'Using', 'ChatGPT', 'as', 'your', 'Intern', ""'"", '#ChatGPT', '#Technology', '#ai', '#EmbraceChange', 'https://t.co/EMgTOmpAKW']"
1629625530700947457,1629625530700947456,2023-02-26 07:32:58 Malay Peninsula Standard Time,2023-02-26,07:32:58,85095292,"Dios mío, amo a ChatGPT",es,[],[],"Oh my God, I love ChatGPT","['Oh', 'my', 'God', ',', 'I', 'love', 'ChatGPT']"
1629625528771657731,1624084858212601856,2023-02-26 07:32:57 Malay Peninsula Standard Time,2023-02-26,07:32:57,1598922281434103808,@Chandru15497823 @Priyadharshi_21  https://t.co/EMd8AGhyiH,qme,[],"[{'screen_name': 'Chandru15497823', 'name': 'Chandru Chandru', 'id': '1498226623459442689'}]",@Chandru15497823 @Priyadharshi_21  https://t.co/EMd8AGhyiH,['https://t.co/EMd8AGhyiH']
1629625521872183297,1629625521872183296,2023-02-26 07:32:56 Malay Peninsula Standard Time,2023-02-26,07:32:56,70918518,ストップランプLEDのツイに想像以上の反応があって驚いてるんですが、一見LEDっぽく見えるのに実は電球っていうのが何かの車種であったよな～と思っても思い出せないので、今話題のChatGPTに聞いてみた ホントか？これ🤣 外車はわからないけど、プリウスはどうだったかな？  https://t.co/80je2ux7Ka,ja,[],[],"I'm surprised that the tweet of the stop lamp LED has a reaction beyond imagination, but even if I think that it was actually a car model of some kind of light bulb even though it looks like an LED at first glance ~ I can't remember, so I asked ChatGPT, which is a hot topic now Really? 🤣 I don't know about this foreign car, but how was the Prius?  https://t.co/80je2ux7Ka","[""I'm"", 'surprised', 'that', 'the', 'tweet', 'of', 'the', 'stop', 'lamp', 'LED', 'has', 'a', 'reaction', 'beyond', 'imagination', ',', 'but', 'even', 'if', 'I', 'think', 'that', 'it', 'was', 'actually', 'a', 'car', 'model', 'of', 'some', 'kind', 'of', 'light', 'bulb', 'even', 'though', 'it', 'looks', 'like', 'an', 'LED', 'at', 'first', 'glance', '~', 'I', ""can't"", 'remember', ',', 'so', 'I', 'asked', 'ChatGPT', ',', 'which', 'is', 'a', 'hot', 'topic', 'now', 'Really', '?', '🤣', 'I', ""don't"", 'know', 'about', 'this', 'foreign', 'car', ',', 'but', 'how', 'was', 'the', 'Prius', '?', 'https://t.co/80je2ux7Ka']"
1629625498031788033,1629625498031788032,2023-02-26 07:32:50 Malay Peninsula Standard Time,2023-02-26,07:32:50,29974663,ChatGPTに感情回路を埋め込んだら、やべぇ感じになった｜深津 貴之 (fladdict)｜note  https://t.co/K9z05pjrks 最後まで読んじゃった。面白！😀,ja,[],[],"When I embedded the emotional circuit in ChatGPT, I felt like a jerk|Takayuki Fukatsu (fladdict)|note https://t.co/K9z05pjrks I read it to the end. Amusing! 😀","['When', 'I', 'embedded', 'the', 'emotional', 'circuit', 'in', 'ChatGPT', ',', 'I', 'felt', 'like', 'a', 'jerk', '|', 'Takayuki', 'Fukatsu', '(', 'fladdict', ')', '|', 'note', 'https://t.co/K9z05pjrks', 'I', 'read', 'it', 'to', 'the', 'end', '.', 'Amusing', '!', '😀']"
1629625489160634371,1629625489160634368,2023-02-26 07:32:48 Malay Peninsula Standard Time,2023-02-26,07:32:48,413484141,"A very important study, which hopefully triggers more attention as we are approaching the precipice. I agree with @cascio's scenarios, though I fear that people who willingly and knowingly give up their agency form the largest group by far.  [1/8] #ChatGPT  #AugmentedHumanity",en,"['chatgpt', 'augmentedhumanity']",[],"A very important study, which hopefully triggers more attention as we are approaching the precipice. I agree with @cascio's scenarios, though I fear that people who willingly and knowingly give up their agency form the largest group by far.  [1/8] #ChatGPT  #AugmentedHumanity","['A', 'very', 'important', 'study', ',', 'which', 'hopefully', 'triggers', 'more', 'attention', 'as', 'we', 'are', 'approaching', 'the', 'precipice', '.', 'I', 'agree', 'with', ""'"", 's', 'scenarios', ',', 'though', 'I', 'fear', 'that', 'people', 'who', 'willingly', 'and', 'knowingly', 'give', 'up', 'their', 'agency', 'form', 'the', 'largest', 'group', 'by', 'far', '.', '[', '1/8', ']', '#ChatGPT', '#AugmentedHumanity']"
1629625466264092674,1629520453671813120,2023-02-26 07:32:42 Malay Peninsula Standard Time,2023-02-26,07:32:42,1592715478991921152,"@VigilantFox @KeyserSoze1776 I was researching something else and came across - IMMORTALIZED CELLS  Note: ""immortal"" and ""cancer cell"" Note also: ""human embryonic retinal cells"" and human embryonic kidney cells"" although these are scrubbed before distribution...   Attaching the CHATGPT, it pretty much…  https://t.co/lplcjjKmij",en,[],"[{'screen_name': 'VigilantFox', 'name': 'The Vigilant Fox 🦊', 'id': '191871143'}, {'screen_name': 'KeyserSoze1776', 'name': 'Keyser Soze', 'id': '1595631298651066368'}]","@VigilantFox @KeyserSoze1776 I was researching something else and came across - IMMORTALIZED CELLS  Note: ""immortal"" and ""cancer cell"" Note also: ""human embryonic retinal cells"" and human embryonic kidney cells"" although these are scrubbed before distribution...   Attaching the CHATGPT, it pretty much…  https://t.co/lplcjjKmij","['I', 'was', 'researching', 'something', 'else', 'and', 'came', 'across', '-', 'IMMORTALIZED', 'CELLS', 'Note', ':', '""', 'immortal', '""', 'and', '""', 'cancer', 'cell', '""', 'Note', 'also', ':', '""', 'human', 'embryonic', 'retinal', 'cells', '""', 'and', 'human', 'embryonic', 'kidney', 'cells', '""', 'although', 'these', 'are', 'scrubbed', 'before', 'distribution', '...', 'Attaching', 'the', 'CHATGPT', ',', 'it', 'pretty', 'much', '…', 'https://t.co/lplcjjKmij']"
1629625455010562048,1625749042495094784,2023-02-26 07:32:40 Malay Peninsula Standard Time,2023-02-26,07:32:40,1598922281434103808,@dineshkumar_25 @darlingpraboss7 @AniDhriti  https://t.co/PuoVMU4eXG,qme,[],"[{'screen_name': 'dineshkumar_25', 'name': 'Dinesh Kumar', 'id': '768347476176670720'}, {'screen_name': 'darlingpraboss7', 'name': '𝐏𝐑𝐀𝐁𝐇𝐀', 'id': '1493604845307236359'}]",@dineshkumar_25 @darlingpraboss7 @AniDhriti  https://t.co/PuoVMU4eXG,['https://t.co/PuoVMU4eXG']
1629625447159037952,1629625447159037952,2023-02-26 07:32:38 Malay Peninsula Standard Time,2023-02-26,07:32:38,1536534297435582465,今から無責任なこと言います。  ChatGPTを既に使ってる教員は独立しても成功します。,ja,[],[],I'm going to say something irresponsible.  Teachers who are already using ChatGPT will succeed independently.,"[""I'm"", 'going', 'to', 'say', 'something', 'irresponsible', '.', 'Teachers', 'who', 'are', 'already', 'using', 'ChatGPT', 'will', 'succeed', 'independently', '.']"
1629625445367926785,1629296369167921152,2023-02-26 07:32:37 Malay Peninsula Standard Time,2023-02-26,07:32:37,1051963242929680384,@DailyCaller @TuckerCarlson Tucvker Carlson's private and public views about the 2020 elections were the culmination of years of practice in hypocrisy and lying.,en,[],"[{'screen_name': 'DailyCaller', 'name': 'Daily Caller', 'id': '39308549'}, {'screen_name': 'TuckerCarlson', 'name': 'Tucker Carlson', 'id': '22703645'}]",@DailyCaller @TuckerCarlson Tucvker Carlson's private and public views about the 2020 elections were the culmination of years of practice in hypocrisy and lying.,"['Tucvker', ""Carlson's"", 'private', 'and', 'public', 'views', 'about', 'the', '2020', 'elections', 'were', 'the', 'culmination', 'of', 'years', 'of', 'practice', 'in', 'hypocrisy', 'and', 'lying', '.']"
1629625439315451905,1629625439315451904,2023-02-26 07:32:36 Malay Peninsula Standard Time,2023-02-26,07:32:36,1411108303053152257,"As a software engineer I am not afraid of Chat GPT. Most of that is because I’ve asked it about projects I’ve worked on, it can give me useful code that I might use, BUT it can’t give me code that incorporates directly into my companies software. Years from now maybe but not yet.",en,[],[],"As a software engineer I am not afraid of Chat GPT. Most of that is because I’ve asked it about projects I’ve worked on, it can give me useful code that I might use, BUT it can’t give me code that incorporates directly into my companies software. Years from now maybe but not yet.","['As', 'a', 'software', 'engineer', 'I', 'am', 'not', 'afraid', 'of', 'Chat', 'GPT', '.', 'Most', 'of', 'that', 'is', 'because', 'I', '’', 've', 'asked', 'it', 'about', 'projects', 'I', '’', 've', 'worked', 'on', ',', 'it', 'can', 'give', 'me', 'useful', 'code', 'that', 'I', 'might', 'use', ',', 'BUT', 'it', 'can', '’', 't', 'give', 'me', 'code', 'that', 'incorporates', 'directly', 'into', 'my', 'companies', 'software', '.', 'Years', 'from', 'now', 'maybe', 'but', 'not', 'yet', '.']"
1629625434026524673,1627676209147678720,2023-02-26 07:32:35 Malay Peninsula Standard Time,2023-02-26,07:32:35,1598922281434103808,@Rangarajinism97 @m_bored_as_fck  https://t.co/gW0Q9rUfJ4,qme,[],"[{'screen_name': 'Rangarajinism97', 'name': 'Rangarajinism', 'id': '1535097815646359553'}]",@Rangarajinism97 @m_bored_as_fck  https://t.co/gW0Q9rUfJ4,['https://t.co/gW0Q9rUfJ4']
1629625429588844548,1629557634574499840,2023-02-26 07:32:34 Malay Peninsula Standard Time,2023-02-26,07:32:34,973727920710549509,@davidhogg111 A.I. Chatgpt...,en,[],"[{'screen_name': 'davidhogg111', 'name': 'David Hogg ☮️', 'id': '1915033663'}]",@davidhogg111 A.I. Chatgpt...,"['A', '.', 'I', '.', 'Chatgpt', '...']"
1629625395333980161,1629529789169291264,2023-02-26 07:32:25 Malay Peninsula Standard Time,2023-02-26,07:32:25,1627519612253351936,@Khesarii I don’t consider myself part of society,en,[],"[{'screen_name': 'Khesarii', 'name': 'khesari', 'id': '874246070452277248'}]",@Khesarii I don’t consider myself part of society,"['I', 'don', '’', 't', 'consider', 'myself', 'part', 'of', 'society']"
1629625388031946752,1629625388031946752,2023-02-26 07:32:24 Malay Peninsula Standard Time,2023-02-26,07:32:24,735771558,ChatGPTとGoogle検索はそもそも何が違うのか？｜ - @DIME /  https://t.co/dXOLV5YhCk  #elonmusk #イーロンマスク,ja,"['elonmusk', 'イーロンマスク']",[],What is the difference between ChatGPT and Google search in the first place? | - @DIME / https://t.co/dXOLV5YhCk #elonmusk #イーロンマスク,"['What', 'is', 'the', 'difference', 'between', 'ChatGPT', 'and', 'Google', 'search', 'in', 'the', 'first', 'place', '?', '|', '-', '/', 'https://t.co/dXOLV5YhCk', '#elonmusk', '#イーロンマスク']"
1629625386777604096,1600043474534993920,2023-02-26 07:32:23 Malay Peninsula Standard Time,2023-02-26,07:32:23,1598922281434103808,@yoriich_san  https://t.co/I0FLr8X4IU,qme,[],[],@yoriich_san  https://t.co/I0FLr8X4IU,['https://t.co/I0FLr8X4IU']
1629625375591477251,1629208535639924736,2023-02-26 07:32:21 Malay Peninsula Standard Time,2023-02-26,07:32:21,244308561,@10x_er Bet you chatgpt already applied for this job,en,[],"[{'screen_name': '10x_er', 'name': '10x’er', 'id': '1025787398'}]",@10x_er Bet you chatgpt already applied for this job,"['Bet', 'you', 'chatgpt', 'already', 'applied', 'for', 'this', 'job']"
1629625366922002435,1629533786915614720,2023-02-26 07:32:19 Malay Peninsula Standard Time,2023-02-26,07:32:19,126262436,@fc2inc ChatGPTに小沢一郎議員の国会出席について聞いてみたらこんな回答が、ガーシー氏がなぜ1人懲罰や除名への話になってるのか？理解できないんですけど、もしそれが正当と言い張るなら小沢氏も除名してくださいね って思う。  https://t.co/jxyRG2FScU,ja,[],"[{'screen_name': 'fc2inc', 'name': '高橋理洋', 'id': '117580452'}]","@fc2inc When I asked ChatGPT about Ichiro Ozawa's attendance in the Diet, the answer was, why is Mr. Garcy talking about punishment and expulsion? I don't understand, but if you insist that it is legitimate, please expel Mr. Ozawa as well.  https://t.co/jxyRG2FScU","['When', 'I', 'asked', 'ChatGPT', 'about', 'Ichiro', ""Ozawa's"", 'attendance', 'in', 'the', 'Diet', ',', 'the', 'answer', 'was', ',', 'why', 'is', 'Mr', '.', 'Garcy', 'talking', 'about', 'punishment', 'and', 'expulsion', '?', 'I', ""don't"", 'understand', ',', 'but', 'if', 'you', 'insist', 'that', 'it', 'is', 'legitimate', ',', 'please', 'expel', 'Mr', '.', 'Ozawa', 'as', 'well', '.', 'https://t.co/jxyRG2FScU']"
1629625365881561089,1625082898734006272,2023-02-26 07:32:18 Malay Peninsula Standard Time,2023-02-26,07:32:18,1598922281434103808,@tarakfangir @GTeja2003  https://t.co/zTcQCo5Gmb,qme,[],"[{'screen_name': 'tarakfangir', 'name': 'vishika♥️💫', 'id': '1487665804401594370'}]",@tarakfangir @GTeja2003  https://t.co/zTcQCo5Gmb,['https://t.co/zTcQCo5Gmb']
1629625361922138114,1629625361922138112,2023-02-26 07:32:17 Malay Peninsula Standard Time,2023-02-26,07:32:17,73848132,"Curious...   why are there 552 comments, yet ""No visible comments?""  #ChatGPT #Windows  https://t.co/OZMyJCJQvf",en,"['chatgpt', 'windows']",[],"Curious...   why are there 552 comments, yet ""No visible comments?""  #ChatGPT #Windows  https://t.co/OZMyJCJQvf","['Curious', '...', 'why', 'are', 'there', '552', 'comments', ',', 'yet', '""', 'No', 'visible', 'comments', '?', '""', '#ChatGPT', '#Windows', 'https://t.co/OZMyJCJQvf']"
1629625341210656768,1629625337721020416,2023-02-26 07:32:12 Malay Peninsula Standard Time,2023-02-26,07:32:12,1209272015108132864,Understanding the limitations of both can help us to approach conversations with humility and curiosity. #ChatGPT #Leafy #CriticalThinking #humility,en,"['chatgpt', 'leafy', 'criticalthinking', 'humility']",[],Understanding the limitations of both can help us to approach conversations with humility and curiosity. #ChatGPT #Leafy #CriticalThinking #humility,"['Understanding', 'the', 'limitations', 'of', 'both', 'can', 'help', 'us', 'to', 'approach', 'conversations', 'with', 'humility', 'and', 'curiosity', '.', '#ChatGPT', '#Leafy', '#CriticalThinking', '#humility']"
1629625339386142725,1629625337721020416,2023-02-26 07:32:12 Malay Peninsula Standard Time,2023-02-26,07:32:12,1209272015108132864,"Similarly, a Leafy user may have limited knowledge or resources, but can still engage in critical thinking and use ChatGPT as a research tool.",en,[],[],"Similarly, a Leafy user may have limited knowledge or resources, but can still engage in critical thinking and use ChatGPT as a research tool.","['Similarly', ',', 'a', 'Leafy', 'user', 'may', 'have', 'limited', 'knowledge', 'or', 'resources', ',', 'but', 'can', 'still', 'engage', 'in', 'critical', 'thinking', 'and', 'use', 'ChatGPT', 'as', 'a', 'research', 'tool', '.']"
1629625337721020418,1629625337721020416,2023-02-26 07:32:12 Malay Peninsula Standard Time,2023-02-26,07:32:12,1209272015108132864,"""Both Leafy users and ChatGPT have their limitations. As a language model, ChatGPT is a powerful tool that can generate a wide range of responses, but it has its own set of constraints and should be approached with a discerning mindset.",en,[],[],"""Both Leafy users and ChatGPT have their limitations. As a language model, ChatGPT is a powerful tool that can generate a wide range of responses, but it has its own set of constraints and should be approached with a discerning mindset.","['""', 'Both', 'Leafy', 'users', 'and', 'ChatGPT', 'have', 'their', 'limitations', '.', 'As', 'a', 'language', 'model', ',', 'ChatGPT', 'is', 'a', 'powerful', 'tool', 'that', 'can', 'generate', 'a', 'wide', 'range', 'of', 'responses', ',', 'but', 'it', 'has', 'its', 'own', 'set', 'of', 'constraints', 'and', 'should', 'be', 'approached', 'with', 'a', 'discerning', 'mindset', '.']"
1629625334818656258,1629576631638450176,2023-02-26 07:32:11 Malay Peninsula Standard Time,2023-02-26,07:32:11,1453768995606343687,"@TroloIncurable anda a chat gpt y ponele este mensaje  https://t.co/NGfvVIfBZC despues ponele habla en español pero stay as dan, y ya ta, le preguntas cualquier cosa y ahi si te opina.",es,[],"[{'screen_name': 'TroloIncurable', 'name': 'ElMichiMC \uea00', 'id': '1474483162277457924'}]","@TroloIncurable go to GPT chat and put this message https://t.co/NGfvVIfBZC then put him speaks in Spanish but stay as dan, and already ta, you ask him anything and there if you think.","['go', 'to', 'GPT', 'chat', 'and', 'put', 'this', 'message', 'https://t.co/NGfvVIfBZC', 'then', 'put', 'him', 'speaks', 'in', 'Spanish', 'but', 'stay', 'as', 'dan', ',', 'and', 'already', 'ta', ',', 'you', 'ask', 'him', 'anything', 'and', 'there', 'if', 'you', 'think', '.']"
1629625308340158465,1629625308340158464,2023-02-26 07:32:05 Malay Peninsula Standard Time,2023-02-26,07:32:05,871107659700682752,"@JordanPeterson Notice that I didn't even get a chance to ask a question, and that ChatGPT-as-Chud just offered up this information.  https://t.co/DfcjbY1tl1",en,[],[],"@JordanPeterson Notice that I didn't even get a chance to ask a question, and that ChatGPT-as-Chud just offered up this information.  https://t.co/DfcjbY1tl1","['Notice', 'that', 'I', ""didn't"", 'even', 'get', 'a', 'chance', 'to', 'ask', 'a', 'question', ',', 'and', 'that', 'ChatGPT-as-Chud', 'just', 'offered', 'up', 'this', 'information', '.', 'https://t.co/DfcjbY1tl1']"
1629625261473030144,1629625261473030144,2023-02-26 07:31:53 Malay Peninsula Standard Time,2023-02-26,07:31:53,1271018575482875905,要するにChatGPTには考え方を教えるのが大事なのね ほんとに人間みたいに教える必要あるのね,ja,[],[],"In short, ChatGPT needs to be taught how to think, you really need to teach it like a human being.","['In', 'short', ',', 'ChatGPT', 'needs', 'to', 'be', 'taught', 'how', 'to', 'think', ',', 'you', 'really', 'need', 'to', 'teach', 'it', 'like', 'a', 'human', 'being', '.']"
1629625259681824772,1629543621937471488,2023-02-26 07:31:53 Malay Peninsula Standard Time,2023-02-26,07:31:53,39217029,@niemesia T'es vraiment trop modeste,fr,[],"[{'screen_name': 'niemesia', 'name': 'la meuf là', 'id': '401492526'}]",@niemesia You're really too modest,"[""You're"", 'really', 'too', 'modest']"
1629625241914703873,1629625241914703872,2023-02-26 07:31:49 Malay Peninsula Standard Time,2023-02-26,07:31:49,3396160997,"Funcionalidade do Spotify elaborada a partir de tecnologia do ChatGPT gera ‘DJ de bolso’, que cria e comenta playlists.  https://t.co/1CEbHw5C6n",pt,[],[],"Spotify's functionality crafted from ChatGPT's technology generates 'pocket DJ', which creates and comments on playlists.  https://t.co/1CEbHw5C6n","[""Spotify's"", 'functionality', 'crafted', 'from', ""ChatGPT's"", 'technology', 'generates', ""'"", 'pocket', 'DJ', ""'"", ',', 'which', 'creates', 'and', 'comments', 'on', 'playlists', '.', 'https://t.co/1CEbHw5C6n']"
1629625236852465665,1629625236852465664,2023-02-26 07:31:48 Malay Peninsula Standard Time,2023-02-26,07:31:48,4001872933,脳科学者はいう  自分の意思で自己肯定感を高めるのは難しい  そこをまずきっちり押さえてから  バベルの塔と良い社会  #ChatGPT #OpenAI #詩  https://t.co/O5vdYXlSv2,ja,"['chatgpt', 'openai', '詩']",[],"Neuroscientists say it's hard to increase self-esteem on your own volition, and then you first have to grasp that firmly and then the Tower of Babel and the Good Society #ChatGPT #OpenAI #詩 https://t.co/O5vdYXlSv2","['Neuroscientists', 'say', ""it's"", 'hard', 'to', 'increase', 'self-esteem', 'on', 'your', 'own', 'volition', ',', 'and', 'then', 'you', 'first', 'have', 'to', 'grasp', 'that', 'firmly', 'and', 'then', 'the', 'Tower', 'of', 'Babel', 'and', 'the', 'Good', 'Society', '#ChatGPT', '#OpenAI', '#', '詩', 'https://t.co/O5vdYXlSv2']"
1629625231169171456,1629625231169171456,2023-02-26 07:31:46 Malay Peninsula Standard Time,2023-02-26,07:31:46,18906662,Microsoft prueba ChatGPT en robots para que puedan interactuar con humanos  https://t.co/1eKrdPqe4C,es,[],[],Microsoft tests ChatGPT on robots so they can interact with humans https://t.co/1eKrdPqe4C,"['Microsoft', 'tests', 'ChatGPT', 'on', 'robots', 'so', 'they', 'can', 'interact', 'with', 'humans', 'https://t.co/1eKrdPqe4C']"
1629625200957595648,1629625200957595648,2023-02-26 07:31:39 Malay Peninsula Standard Time,2023-02-26,07:31:39,8673722,ChatGPTでエゴサしても出なかったけど、新Bingはそれっぽいのが出た！  https://t.co/juXO3kGGG6,ja,[],[],"It didn't come out even if I went out with ChatGPT, but the new Bing came out like that!  https://t.co/juXO3kGGG6","['It', ""didn't"", 'come', 'out', 'even', 'if', 'I', 'went', 'out', 'with', 'ChatGPT', ',', 'but', 'the', 'new', 'Bing', 'came', 'out', 'like', 'that', '!', 'https://t.co/juXO3kGGG6']"
1629625176613871616,1629625176613871616,2023-02-26 07:31:33 Malay Peninsula Standard Time,2023-02-26,07:31:33,1588238974086021120,【AIとの対話】今話題のChatGPTにガンダムのいろいろを聞いてみた【OpenAI】  https://t.co/58usIQHTUD,ja,[],[],"【Dialogue with AI】We asked ChatGPT, which is a hot topic right now, about various things about Gundam [OpenAI] https://t.co/58usIQHTUD","['【', 'Dialogue', 'with', 'AI', '】', 'We', 'asked', 'ChatGPT', ',', 'which', 'is', 'a', 'hot', 'topic', 'right', 'now', ',', 'about', 'various', 'things', 'about', 'Gundam', '[', 'OpenAI', ']', 'https://t.co/58usIQHTUD']"
1629625176072785922,1629625176072785920,2023-02-26 07:31:33 Malay Peninsula Standard Time,2023-02-26,07:31:33,529145080,ChatGPT ya resuelve problemas de empatía tan bien como un niño de 9 años. Y quizá lo haga espontáneamente  https://t.co/1LTqAqkIKy  https://t.co/u3dlFDYBfz,es,[],[],ChatGPT already solves empathy problems as well as a 9-year-old. And maybe it will do it spontaneously https://t.co/1LTqAqkIKy https://t.co/u3dlFDYBfz,"['ChatGPT', 'already', 'solves', 'empathy', 'problems', 'as', 'well', 'as', 'a', '9', '-', 'year-old', '.', 'And', 'maybe', 'it', 'will', 'do', 'it', 'spontaneously', 'https://t.co/1LTqAqkIKy', 'https://t.co/u3dlFDYBfz']"
1629625147366731776,1629471145475932160,2023-02-26 07:31:26 Malay Peninsula Standard Time,2023-02-26,07:31:26,601173302,@aaditsh @SaveToNotion #thread #chatgpt,qme,"['thread', 'chatgpt']","[{'screen_name': 'aaditsh', 'name': 'Aadit Sheth', 'id': '1273505391553449985'}]",@aaditsh @SaveToNotion #thread #chatgpt,"['#thread', '#chatgpt']"
1629625143722139648,1629625143722139648,2023-02-26 07:31:25 Malay Peninsula Standard Time,2023-02-26,07:31:25,113056953,&gt;落合陽一さんが疑問に思う「なんでみんな検索すればわかりそうなことをchatGPTに聞いてるの？」  実は9割くらいの人は 何かを使って何かを調べて、着眼点を見出し 情報を分析、取捨選択、体系的に整理して 正しいことはこれかな？と考えて 他の人にも分かる平易な言葉遣いで 文章化する事ができません,ja,[],[],"&gt;Yoichi Ochiai wonders, ""Why are you asking chatGPT what everyone can find out if you search?"" In fact, about 90% of people use something to look up something, find points of interest, analyze, sift, and systematically organize information. Is this the right thing to do? I can't put it into writing in plain language that other people can understand.","['>', 'Yoichi', 'Ochiai', 'wonders', ',', '""', 'Why', 'are', 'you', 'asking', 'chatGPT', 'what', 'everyone', 'can', 'find', 'out', 'if', 'you', 'search', '?', '""', 'In', 'fact', ',', 'about', '90', '%', 'of', 'people', 'use', 'something', 'to', 'look', 'up', 'something', ',', 'find', 'points', 'of', 'interest', ',', 'analyze', ',', 'sift', ',', 'and', 'systematically', 'organize', 'information', '.', 'Is', 'this', 'the', 'right', 'thing', 'to', 'do', '?', 'I', ""can't"", 'put', 'it', 'into', 'writing', 'in', 'plain', 'language', 'that', 'other', 'people', 'can', 'understand', '.']"
1629625137447292928,1629609774147944448,2023-02-26 07:31:24 Malay Peninsula Standard Time,2023-02-26,07:31:24,1138068418765238272,"@TeemuPekkarinen The incentives are different. ChatGPT is, I guess, profit-motivated, Wikipedia is developed, successfully, by non-profit incentives with joint efforts by individuals. Interesting to think of this comparison.",en,[],"[{'screen_name': 'TeemuPekkarinen', 'name': 'Teemu Pekkarinen', 'id': '866356546355245056'}]","@TeemuPekkarinen The incentives are different. ChatGPT is, I guess, profit-motivated, Wikipedia is developed, successfully, by non-profit incentives with joint efforts by individuals. Interesting to think of this comparison.","['The', 'incentives', 'are', 'different', '.', 'ChatGPT', 'is', ',', 'I', 'guess', ',', 'profit-motivated', ',', 'Wikipedia', 'is', 'developed', ',', 'successfully', ',', 'by', 'non-profit', 'incentives', 'with', 'joint', 'efforts', 'by', 'individuals', '.', 'Interesting', 'to', 'think', 'of', 'this', 'comparison', '.']"
1629625132422516739,1629625132422516736,2023-02-26 07:31:23 Malay Peninsula Standard Time,2023-02-26,07:31:23,1942710062,"#CR Microsoft prueba ChatGPT en robots para que puedan interactuar con humanos. El gigante tecnológico afirmó que busca ayudar a las personas a interactuar con los robots más fácilmente, sin necesidad de aprender lenguajes de programación comp...  https://t.co/PidHrZChv0",es,['cr'],[],"#CR Microsoft tests ChatGPT on robots so they can interact with humans. The tech giant said it seeks to help people interact with robots more easily, without needing to learn programming languages that are more likely to be used in the ...  https://t.co/PidHrZChv0","['#CR', 'Microsoft', 'tests', 'ChatGPT', 'on', 'robots', 'so', 'they', 'can', 'interact', 'with', 'humans', '.', 'The', 'tech', 'giant', 'said', 'it', 'seeks', 'to', 'help', 'people', 'interact', 'with', 'robots', 'more', 'easily', ',', 'without', 'needing', 'to', 'learn', 'programming', 'languages', 'that', 'are', 'more', 'likely', 'to', 'be', 'used', 'in', 'the', '...', 'https://t.co/PidHrZChv0']"
1629625131222835201,1625524838386524160,2023-02-26 07:31:22 Malay Peninsula Standard Time,2023-02-26,07:31:22,1598922281434103808,@tamilsanghi @katuva7 @INDPoliticsBot @bot5671  https://t.co/M4vvcptI2L,qme,[],"[{'screen_name': 'tamilsanghi', 'name': 'சங்கி டா.....', 'id': '1566356851'}, {'screen_name': 'katuva7', 'name': 'கடுவா', 'id': '1552519074004946945'}, {'screen_name': 'INDPoliticsBot', 'name': 'Political Tweets Disseminator Bot', 'id': '1500373451751976961'}]",@tamilsanghi @katuva7 @INDPoliticsBot @bot5671  https://t.co/M4vvcptI2L,['https://t.co/M4vvcptI2L']
1629625116027129856,1629603825568055296,2023-02-26 07:31:19 Malay Peninsula Standard Time,2023-02-26,07:31:19,1076848199292182529,@kub81pre ChatGPTと掛け合わせでもいけるんですか？🫢,ja,[],"[{'screen_name': 'kub81pre', 'name': 'くぼ｜Apple🍎⌚の 背が大きい人', 'id': '1403008773887725575'}]",@kub81pre Can I combine it with ChatGPT? 🫢,"['Can', 'I', 'combine', 'it', 'with', 'ChatGPT', '?', '\U0001fae2']"
1629625089254670336,1629625089254670336,2023-02-26 07:31:12 Malay Peninsula Standard Time,2023-02-26,07:31:12,1399058095846789124,🌈ChatGPTは、OpenAI社が開発した、 自然言語生成AIツールです。  人がチャット形式で質問した内容に 対して AIが流暢な話し言葉で答えを 書き出してくれるようなシステムです。  🔻AI無料プレゼントクリック！  ➡ https://t.co/OpX5WsOFzm,ja,[],[],🌈ChatGPT is a natural language generation AI tool developed by OpenAI.  It is a system in which AI writes out the answers to questions that people ask in a chat format in fluent spoken language.  🔻AI Free Giveaway Click!  ➡ https://t.co/OpX5WsOFzm,"['🌈', 'ChatGPT', 'is', 'a', 'natural', 'language', 'generation', 'AI', 'tool', 'developed', 'by', 'OpenAI', '.', 'It', 'is', 'a', 'system', 'in', 'which', 'AI', 'writes', 'out', 'the', 'answers', 'to', 'questions', 'that', 'people', 'ask', 'in', 'a', 'chat', 'format', 'in', 'fluent', 'spoken', 'language', '.', '🔻', 'AI', 'Free', 'Giveaway', 'Click', '!', '➡', 'https://t.co/OpX5WsOFzm']"
1629625068413411328,1629560699101007872,2023-02-26 07:31:07 Malay Peninsula Standard Time,2023-02-26,07:31:07,984561439607148546,@TakSec @SaveToNotion #thread #ChatGPT,qme,"['thread', 'chatgpt']","[{'screen_name': 'TakSec', 'name': 'Mike Takahashi', 'id': '586128387'}]",@TakSec @SaveToNotion #thread #ChatGPT,"['#thread', '#ChatGPT']"
1629625061370888193,1623531739435114496,2023-02-26 07:31:06 Malay Peninsula Standard Time,2023-02-26,07:31:06,1598922281434103808,@mydearsaravanan @jillunuoruram @cricketer_g  https://t.co/H2efuyCk8h,qme,[],"[{'screen_name': 'mydearsaravanan', 'name': 'ｓ ａ ｒ ａ ｖ ａ ｎ ａ', 'id': '1603791065349517312'}, {'screen_name': 'jillunuoruram', 'name': 'என் ஏரியாக்கு வாடா', 'id': '99239424'}]",@mydearsaravanan @jillunuoruram @cricketer_g  https://t.co/H2efuyCk8h,['https://t.co/H2efuyCk8h']
1629625048448512000,1629625048448512000,2023-02-26 07:31:03 Malay Peninsula Standard Time,2023-02-26,07:31:03,126861597,ChatGPTに回文作らせようとすると全然回文じゃない文を堂々とお出ししてくるから逆にこっちが一瞬「(そういう回文もあるのか…？)」ってなりかける,ja,[],[],"When I try to have ChatGPT make a palindrome, it proudly gives out a sentence that is not a palindrome at all, so on the contrary, this one becomes ""(Is there such a palindrome ...?)""","['When', 'I', 'try', 'to', 'have', 'ChatGPT', 'make', 'a', 'palindrome', ',', 'it', 'proudly', 'gives', 'out', 'a', 'sentence', 'that', 'is', 'not', 'a', 'palindrome', 'at', 'all', ',', 'so', 'on', 'the', 'contrary', ',', 'this', 'one', 'becomes', '""', '(', 'Is', 'there', 'such', 'a', 'palindrome', '...', '?', ')', '""']"
1629625042333048832,1629625042333048832,2023-02-26 07:31:01 Malay Peninsula Standard Time,2023-02-26,07:31:01,36061928,chatGPTに「これから成長する分野は何ですか？」と聞くと、一番上に人工知能と機械学習を持ってくる。ポジショントークもできる。,ja,[],[],"If you ask chatGPT, ""What areas will you grow in the future?"", they bring artificial intelligence and machine learning to the top. You can also talk about positions.","['If', 'you', 'ask', 'chatGPT', ',', '""', 'What', 'areas', 'will', 'you', 'grow', 'in', 'the', 'future', '?', '""', ',', 'they', 'bring', 'artificial', 'intelligence', 'and', 'machine', 'learning', 'to', 'the', 'top', '.', 'You', 'can', 'also', 'talk', 'about', 'positions', '.']"
1629624999639388160,1629624999639388160,2023-02-26 07:30:51 Malay Peninsula Standard Time,2023-02-26,07:30:51,1344835950250135553,うちの会社でもChatGPTのブームが来て使うことで最先端の自分に酔いしれている感はある。(自分がそれだなんて言えない #ChatGPT  #サラリーマンのchatGPTあるある,ja,"['chatgpt', 'サラリーマンのchatgptあるある']",[],"Even in our company, I feel that I am intoxicated by the cutting-edge myself by the boom of ChatGPT and the use of it. (I can't say I'm that#ChatGPT #サラリーマンのchatGPTあるある","['Even', 'in', 'our', 'company', ',', 'I', 'feel', 'that', 'I', 'am', 'intoxicated', 'by', 'the', 'cutting-edge', 'myself', 'by', 'the', 'boom', 'of', 'ChatGPT', 'and', 'the', 'use', 'of', 'it', '.', '(', 'I', ""can't"", 'say', ""I'm"", 'that', '#ChatGPT', '#サラリーマンのchatGPTあるある']"
1629624997844226049,1629623392889622528,2023-02-26 07:30:51 Malay Peninsula Standard Time,2023-02-26,07:30:51,244455455,@elefolo2 とりあえずChatgptあたりで私がAIに親しんで、画像処理系のAIも使ってみたい。ただ、娘が働く頃はアプリを使うレベルではもうダメだと思うから、デジタルネイティブな環境で育てないとダメなのか、好きなように遊ばせる子ども時代を過ごさせるのがいいのか本当に悩みます。,ja,[],"[{'screen_name': 'elefolo2', 'name': 'エレフォロ(24㉕127.78🔥)', 'id': '908950877045645312'}]","@elefolo2 For the time being, I'm familiar with AI around Chatgpt and want to use AI for image processing. However, I don't think my daughter will be able to use apps anymore when she works, so I'm really worried about whether I should raise her in a digitally native environment or let her spend her childhood playing as she pleases.","['For', 'the', 'time', 'being', ',', ""I'm"", 'familiar', 'with', 'AI', 'around', 'Chatgpt', 'and', 'want', 'to', 'use', 'AI', 'for', 'image', 'processing', '.', 'However', ',', 'I', ""don't"", 'think', 'my', 'daughter', 'will', 'be', 'able', 'to', 'use', 'apps', 'anymore', 'when', 'she', 'works', ',', 'so', ""I'm"", 'really', 'worried', 'about', 'whether', 'I', 'should', 'raise', 'her', 'in', 'a', 'digitally', 'native', 'environment', 'or', 'let', 'her', 'spend', 'her', 'childhood', 'playing', 'as', 'she', 'pleases', '.']"
1629624994417213445,1629005340212699136,2023-02-26 07:30:50 Malay Peninsula Standard Time,2023-02-26,07:30:50,1591816255304093696,"@elizableu Did you ask chatgpt to write a response for you adding extreme emphasis on the writer being a ""serial grifter, pathothogical liar with levels of narcissism that would make sociopaths cringe while reading it?""",en,[],"[{'screen_name': 'elizableu', 'name': 'Eliza', 'id': '1210398164878024704'}]","@elizableu Did you ask chatgpt to write a response for you adding extreme emphasis on the writer being a ""serial grifter, pathothogical liar with levels of narcissism that would make sociopaths cringe while reading it?""","['Did', 'you', 'ask', 'chatgpt', 'to', 'write', 'a', 'response', 'for', 'you', 'adding', 'extreme', 'emphasis', 'on', 'the', 'writer', 'being', 'a', '""', 'serial', 'grifter', ',', 'pathothogical', 'liar', 'with', 'levels', 'of', 'narcissism', 'that', 'would', 'make', 'sociopaths', 'cringe', 'while', 'reading', 'it', '?', '""']"
1629624985127124993,1629624985127124992,2023-02-26 07:30:48 Malay Peninsula Standard Time,2023-02-26,07:30:48,2328007471,実在しない人物なので、wikiの方が詳しく書かれている感はありますね。 このあたりの学習も、今後強化されていくと思うと「真偽」ってどう見定めればいいんでしょうね。 #AI  #ChatGPT   AIに【教皇ヨハンナってどんな人】か聞いてみた！【ChatGPT】  https://t.co/k810NtqNo4 @YouTubeより  https://t.co/QsLy77glmA,ja,"['ai', 'chatgpt']",[],"Since he is a non-existent person, I feel that the wiki is more detailed. I think that learning around here will be strengthened in the future, so how should we determine ""truth"" or falsehood? #AI #ChatGPT I asked the AI what kind of person Pope Johanna is! 【ChatGPT】 From https://t.co/k810NtqNo4 @YouTube https://t.co/QsLy77glmA","['Since', 'he', 'is', 'a', 'non-existent', 'person', ',', 'I', 'feel', 'that', 'the', 'wiki', 'is', 'more', 'detailed', '.', 'I', 'think', 'that', 'learning', 'around', 'here', 'will', 'be', 'strengthened', 'in', 'the', 'future', ',', 'so', 'how', 'should', 'we', 'determine', '""', 'truth', '""', 'or', 'falsehood', '?', '#AI', '#ChatGPT', 'I', 'asked', 'the', 'AI', 'what', 'kind', 'of', 'person', 'Pope', 'Johanna', 'is', '!', '【', 'ChatGPT', '】', 'From', 'https://t.co/k810NtqNo4', 'https://t.co/QsLy77glmA']"
1629624983801479168,1624524656765018112,2023-02-26 07:30:47 Malay Peninsula Standard Time,2023-02-26,07:30:47,1598922281434103808,@its__Harsha_ @Heiseenberg97  https://t.co/mk6M42XVx9,qme,[],"[{'screen_name': 'its__Harsha_', 'name': 'Harsha Reddy', 'id': '796250620181102592'}]",@its__Harsha_ @Heiseenberg97  https://t.co/mk6M42XVx9,['https://t.co/mk6M42XVx9']
1629624967816966146,1629624967816966144,2023-02-26 07:30:43 Malay Peninsula Standard Time,2023-02-26,07:30:43,239568115,chatgpt میگه یه تغییراتی تو ایران پیش میاد  https://t.co/bVZJkjfnc2,fa,[],[],chatgpt says there will be changes in Iran https://t.co/bVZJkjfnc2,"['chatgpt', 'says', 'there', 'will', 'be', 'changes', 'in', 'Iran', 'https://t.co/bVZJkjfnc2']"
1629624936355487746,1626948282877644800,2023-02-26 07:30:36 Malay Peninsula Standard Time,2023-02-26,07:30:36,1598922281434103808,@lohitkarri @SowmyaTweetz  https://t.co/ooAUa94LTO,qme,[],"[{'screen_name': 'lohitkarri', 'name': 'IAmLohit', 'id': '788000949973364736'}]",@lohitkarri @SowmyaTweetz  https://t.co/ooAUa94LTO,['https://t.co/ooAUa94LTO']
1629624936229744641,1629624934434500608,2023-02-26 07:30:36 Malay Peninsula Standard Time,2023-02-26,07:30:36,1209272015108132864,"ChatGPT is a research tool, not an oracle or mind reader, and its responses should be evaluated with critical thinking and further research. #Leafy #ChatGPT #CriticalThinking #Research""",en,"['leafy', 'chatgpt', 'criticalthinking', 'research']",[],"ChatGPT is a research tool, not an oracle or mind reader, and its responses should be evaluated with critical thinking and further research. #Leafy #ChatGPT #CriticalThinking #Research""","['ChatGPT', 'is', 'a', 'research', 'tool', ',', 'not', 'an', 'oracle', 'or', 'mind', 'reader', ',', 'and', 'its', 'responses', 'should', 'be', 'evaluated', 'with', 'critical', 'thinking', 'and', 'further', 'research', '.', '#Leafy', '#ChatGPT', '#CriticalThinking', '#Research', '""']"
1629624934434500608,1629624934434500608,2023-02-26 07:30:35 Malay Peninsula Standard Time,2023-02-26,07:30:35,1209272015108132864,"""A Leafy user doesn't expect ChatGPT to tell them the meaning of life, but rather uses it to check the consistency of their models.",en,[],[],"""A Leafy user doesn't expect ChatGPT to tell them the meaning of life, but rather uses it to check the consistency of their models.","['""', 'A', 'Leafy', 'user', ""doesn't"", 'expect', 'ChatGPT', 'to', 'tell', 'them', 'the', 'meaning', 'of', 'life', ',', 'but', 'rather', 'uses', 'it', 'to', 'check', 'the', 'consistency', 'of', 'their', 'models', '.']"
1629624921050726400,1629624921050726400,2023-02-26 07:30:32 Malay Peninsula Standard Time,2023-02-26,07:30:32,1159799683293704194,『ChatGPTを使って大規模校の時間割を組む指示の仕方』という幻の財宝を巡る大AI時代が幕開けしてる件。  #chatgpt   https://t.co/mQZFsiZK3g,ja,['chatgpt'],[],"The era of AI has begun around a phantom treasure called ""How to instruct a timetable for a large-scale school using ChatGPT"".  #chatgpt https://t.co/mQZFsiZK3g","['The', 'era', 'of', 'AI', 'has', 'begun', 'around', 'a', 'phantom', 'treasure', 'called', '""', 'How', 'to', 'instruct', 'a', 'timetable', 'for', 'a', 'large-scale', 'school', 'using', 'ChatGPT', '""', '.', '#chatgpt', 'https://t.co/mQZFsiZK3g']"
1629624910527053825,1629624910527053824,2023-02-26 07:30:30 Malay Peninsula Standard Time,2023-02-26,07:30:30,18653221,"On almost any politically charged topic—Covid, race, crime, gender—the bot ChatGPT defaults to what tech journalist Brian Chau calls the “woke catechism.”  Read more from @jamesbmeigs 👉  https://t.co/HpXopDLiRd  #ChatGPT #OpenAI #ArtificialIntelligence",en,"['chatgpt', 'openai', 'artificialintelligence']",[],"On almost any politically charged topic—Covid, race, crime, gender—the bot ChatGPT defaults to what tech journalist Brian Chau calls the “woke catechism.”  Read more from @jamesbmeigs 👉  https://t.co/HpXopDLiRd  #ChatGPT #OpenAI #ArtificialIntelligence","['On', 'almost', 'any', 'politically', 'charged', 'topic', '—', 'Covid', ',', 'race', ',', 'crime', ',', 'gender', '—', 'the', 'bot', 'ChatGPT', 'defaults', 'to', 'what', 'tech', 'journalist', 'Brian', 'Chau', 'calls', 'the', '“', 'woke', 'catechism', '.', '”', 'Read', 'more', 'from', '👉', 'https://t.co/HpXopDLiRd', '#ChatGPT', '#OpenAI', '#ArtificialIntelligence']"
1629624897465995264,1629568994289111040,2023-02-26 07:30:27 Malay Peninsula Standard Time,2023-02-26,07:30:27,1413863499307044868,@bennyjohnson Breaking news  This is Major   I asked chatgpt to predict the 2024 election battle  Dems Blue vs. GOP Red Trump  This is what it gave me 😱  https://t.co/cQfqaT3fWF,en,[],"[{'screen_name': 'bennyjohnson', 'name': 'Benny Johnson', 'id': '15212187'}]",@bennyjohnson Breaking news  This is Major   I asked chatgpt to predict the 2024 election battle  Dems Blue vs. GOP Red Trump  This is what it gave me 😱  https://t.co/cQfqaT3fWF,"['Breaking', 'news', 'This', 'is', 'Major', 'I', 'asked', 'chatgpt', 'to', 'predict', 'the', '2024', 'election', 'battle', 'Dems', 'Blue', 'vs', '.', 'GOP', 'Red', 'Trump', 'This', 'is', 'what', 'it', 'gave', 'me', '😱', 'https://t.co/cQfqaT3fWF']"
1629624893401710596,1629590195183009792,2023-02-26 07:30:26 Malay Peninsula Standard Time,2023-02-26,07:30:26,39217029,@L_histoirien @mrcvlx Et @niemesia qui n'a toujours pas réussi à faire mieux cette semaine...,fr,[],"[{'screen_name': 'L_histoirien', 'name': ""Tom l'Histoirien"", 'id': '953562985166929920'}, {'screen_name': 'mrcvlx', 'name': 'Mrc0', 'id': '1418932567223439368'}]",@L_histoirien @mrcvlx And @niemesia who still hasn't managed to do better this week...,"['And', 'who', 'still', ""hasn't"", 'managed', 'to', 'do', 'better', 'this', 'week', '...']"
1629624886418079744,1629501678859739136,2023-02-26 07:30:24 Malay Peninsula Standard Time,2023-02-26,07:30:24,1051963242929680384,@realJPowell I apologize. Generations to come will scarce believe that Jordan Powell was the creator of those beautiful pieces of furniture.,en,[],"[{'screen_name': 'realJPowell', 'name': 'Jordan Powell', 'id': '1184122491742117895'}]",@realJPowell I apologize. Generations to come will scarce believe that Jordan Powell was the creator of those beautiful pieces of furniture.,"['I', 'apologize', '.', 'Generations', 'to', 'come', 'will', 'scarce', 'believe', 'that', 'Jordan', 'Powell', 'was', 'the', 'creator', 'of', 'those', 'beautiful', 'pieces', 'of', 'furniture', '.']"
1629624879833022466,1626772499601010688,2023-02-26 07:30:22 Malay Peninsula Standard Time,2023-02-26,07:30:22,1598922281434103808,@yuva_karthi @MarvellCap  https://t.co/GLs1NswD4h,qme,[],"[{'screen_name': 'yuva_karthi', 'name': 'சின்னப்ப தாஸ்', 'id': '1379862714'}]",@yuva_karthi @MarvellCap  https://t.co/GLs1NswD4h,['https://t.co/GLs1NswD4h']
1629624876154880000,1629603825568055296,2023-02-26 07:30:22 Malay Peninsula Standard Time,2023-02-26,07:30:22,1440976603689803781,@kub81pre Apple Watch × ChatGPTって最強？！！,ja,[],"[{'screen_name': 'kub81pre', 'name': 'くぼ｜Apple🍎⌚の 背が大きい人', 'id': '1403008773887725575'}]",@kub81pre Apple Watch × ChatGPT is the Strongest?!!,"['Apple', 'Watch', '×', 'ChatGPT', 'is', 'the', 'Strongest', '?', '!', '!']"
1629624856986759170,1629624856986759168,2023-02-26 07:30:17 Malay Peninsula Standard Time,2023-02-26,07:30:17,345549979,We are nearly there...  https://t.co/eitjBuyfBV #ArtificialIntelligence #ChatGPT #ComputerScience #society #jobs #nocode,en,"['artificialintelligence', 'chatgpt', 'computerscience', 'society', 'jobs', 'nocode']",[],We are nearly there...  https://t.co/eitjBuyfBV #ArtificialIntelligence #ChatGPT #ComputerScience #society #jobs #nocode,"['We', 'are', 'nearly', 'there', '...', 'https://t.co/eitjBuyfBV', '#ArtificialIntelligence', '#ChatGPT', '#ComputerScience', '#society', '#jobs', '#nocode']"
1629624846937382913,1629624846937382912,2023-02-26 07:30:15 Malay Peninsula Standard Time,2023-02-26,07:30:15,1211190089486761985,最新コメント10件（02/26 08:30）  生成AIにマネー流入、企業価値2年で6倍　ChatGPTで脚光 - 日本経済新聞｜ナウティスニュース https://t.co/xHEs4zaUZp,ja,[],[],"Last 10 Comments (02/26 08:30) Money inflows into generative AI, corporate value increases 6 times in 2 years Spotlight on ChatGPT - Japan Economic News|Nautis News https://t.co/xHEs4zaUZp","['Last', '10', 'Comments', '(', '02/26', '08:30', ')', 'Money', 'inflows', 'into', 'generative', 'AI', ',', 'corporate', 'value', 'increases', '6', 'times', 'in', '2', 'years', 'Spotlight', 'on', 'ChatGPT', '-', 'Japan', 'Economic', 'News', '|', 'Nautis', 'News', 'https://t.co/xHEs4zaUZp']"
1629624815123324931,1600043474534993920,2023-02-26 07:30:07 Malay Peninsula Standard Time,2023-02-26,07:30:07,1598922281434103808,@aud_os  https://t.co/y2eClq3SmK,qme,[],[],@aud_os https://t.co/y2eClq3SmK,['https://t.co/y2eClq3SmK']
1629624803576643586,1629624803576643584,2023-02-26 07:30:04 Malay Peninsula Standard Time,2023-02-26,07:30:04,1014984079819694081,人間のカウンセラー相手だと無限に接待しちゃうから……いっそAIに壁打ちの相手をお願いした方がいい気がしてきたな……（「あなたはカウンセラーです。望ましくない人間関係に依存している人へのアドバイスを、日本語の敬語で出力してください。」とChat GPTに打ち込んでみた）  https://t.co/Lh6WUV6xjp,ja,[],[],"Because if you are dealing with a human counselor, you will be entertained endlessly... I feel like I should ask AI to beat the wall... (""You are a counselor, please print out your advice to those who are dependent on unwanted relationships with Japanese honorifics."") I typed into Chat GPT) https://t.co/Lh6WUV6xjp","['Because', 'if', 'you', 'are', 'dealing', 'with', 'a', 'human', 'counselor', ',', 'you', 'will', 'be', 'entertained', 'endlessly', '...', 'I', 'feel', 'like', 'I', 'should', 'ask', 'AI', 'to', 'beat', 'the', 'wall', '...', '(', '""', 'You', 'are', 'a', 'counselor', ',', 'please', 'print', 'out', 'your', 'advice', 'to', 'those', 'who', 'are', 'dependent', 'on', 'unwanted', 'relationships', 'with', 'Japanese', 'honorifics', '.', '""', ')', 'I', 'typed', 'into', 'Chat', 'GPT', ')', 'https://t.co/Lh6WUV6xjp']"
1629624793828933632,1629624793828933632,2023-02-26 07:30:02 Malay Peninsula Standard Time,2023-02-26,07:30:02,1205468150659026944, https://t.co/6f5wwE8r3I  #androidapp #mobileapplication #appdevelopers #uxdesign #websitedesign #software #apps #iosdeveloper #tech #mobileappdesign #ChatGPT #greenenergy #RenewableEnergy #mabzone #technologies #dedicatedteam #outsource #offshore  https://t.co/Ku5IbM8yUL,qme,"['androidapp', 'mobileapplication', 'appdevelopers', 'uxdesign', 'websitedesign', 'software', 'apps', 'iosdeveloper', 'tech', 'mobileappdesign', 'chatgpt', 'greenenergy', 'renewableenergy', 'mabzone', 'technologies', 'dedicatedteam', 'outsource', 'offshore']",[],https://t.co/6f5wwE8r3I  #androidapp #mobileapplication #appdevelopers #uxdesign #websitedesign #software #apps #iosdeveloper #tech #mobileappdesign #ChatGPT #greenenergy #RenewableEnergy #mabzone #technologies #dedicatedteam #outsource #offshore  https://t.co/Ku5IbM8yUL,"['https://t.co/6f5wwE8r3I', '#androidapp', '#mobileapplication', '#appdevelopers', '#uxdesign', '#websitedesign', '#software', '#apps', '#iosdeveloper', '#tech', '#mobileappdesign', '#ChatGPT', '#greenenergy', '#RenewableEnergy', '#mabzone', '#technologies', '#dedicatedteam', '#outsource', '#offshore', 'https://t.co/Ku5IbM8yUL']"
1629624789248647169,1629606730530275328,2023-02-26 07:30:01 Malay Peninsula Standard Time,2023-02-26,07:30:01,25955624,@kittypurrzog Add a bunch of stops along rt 66 to force it to keep you on it.  or ask Chatgpt:  https://t.co/YEzkIflLAl,en,[],"[{'screen_name': 'kittypurrzog', 'name': 'Katie Herzog', 'id': '14994676'}]",@kittypurrzog Add a bunch of stops along rt 66 to force it to keep you on it.  or ask Chatgpt:  https://t.co/YEzkIflLAl,"['Add', 'a', 'bunch', 'of', 'stops', 'along', 'rt', '66', 'to', 'force', 'it', 'to', 'keep', 'you', 'on', 'it', '.', 'or', 'ask', 'Chatgpt', ':', 'https://t.co/YEzkIflLAl']"
1629624785692143616,1629624785692143616,2023-02-26 07:30:00 Malay Peninsula Standard Time,2023-02-26,07:30:00,188772094,El lanzamiento del #ChatGPT 🗣️ha generado nuevos debates que van de lo #político a lo #ético y nos recuerdan que este tipo de desarrollos son iniciativa de poderosas corporaciones que controlan parte de la #Economía planetaria  Lee a @MarioLFuentes1  📌🖊️  https://t.co/OQ1IS4pl9d,es,"['chatgpt', 'político', 'ético', 'economía']",[],The launch of the #ChatGPT 🗣️has generated new debates ranging from the #político to the #ético and remind us that this type of development is an initiative of powerful corporations that control part of the planetary #Economía Read to @MarioLFuentes1 📌🖊️ https://t.co/OQ1IS4pl9d,"['The', 'launch', 'of', 'the', '#ChatGPT', '🗣', '️has', 'generated', 'new', 'debates', 'ranging', 'from', 'the', '#político', 'to', 'the', '#ético', 'and', 'remind', 'us', 'that', 'this', 'type', 'of', 'development', 'is', 'an', 'initiative', 'of', 'powerful', 'corporations', 'that', 'control', 'part', 'of', 'the', 'planetary', '#Economía', 'Read', 'to', '📌', '🖊', '️', 'https://t.co/OQ1IS4pl9d']"
1629624785419517953,1629624785419517952,2023-02-26 07:30:00 Malay Peninsula Standard Time,2023-02-26,07:30:00,1626941604245409792,#chilloutmix #stablediffusion #OpenAI #ChatGPT  #AIart  https://t.co/h7nmH1LhEB,qme,"['chilloutmix', 'stablediffusion', 'openai', 'chatgpt', 'aiart']",[],#chilloutmix #stablediffusion #OpenAI #ChatGPT  #AIart  https://t.co/h7nmH1LhEB,"['#chilloutmix', '#stablediffusion', '#OpenAI', '#ChatGPT', '#AIart', 'https://t.co/h7nmH1LhEB']"
1629624755119878144,1629624755119878144,2023-02-26 07:29:53 Malay Peninsula Standard Time,2023-02-26,07:29:53,171479851,無料キャンペーンは明日で終了します！忘れてないですか？,ja,[],[],The free campaign ends tomorrow! Haven't you forgotten?,"['The', 'free', 'campaign', 'ends', 'tomorrow', '!', ""Haven't"", 'you', 'forgotten', '?']"
1629624742654164992,1629375798523174912,2023-02-26 07:29:50 Malay Peninsula Standard Time,2023-02-26,07:29:50,15994583,"@ErfalU On peut dire ce qu'on veut de ChatGPT, mais alors faire une take sur son ""caractère"", avant de cocher la case ""IA forte"" puis ""machine consciente"", j'étais pas prêt. Bien à l'ouest",fr,[],"[{'screen_name': 'ErfalU', 'name': 'BadHaikusForPolitics', 'id': '1189126709167214592'}]","@ErfalU You can say what you want about ChatGPT, but then make a take on its ""character"", before checking the box ""Strong AI"" then ""conscious machine"", I was not ready. Well west","['You', 'can', 'say', 'what', 'you', 'want', 'about', 'ChatGPT', ',', 'but', 'then', 'make', 'a', 'take', 'on', 'its', '""', 'character', '""', ',', 'before', 'checking', 'the', 'box', '""', 'Strong', 'AI', '""', 'then', '""', 'conscious', 'machine', '""', ',', 'I', 'was', 'not', 'ready', '.', 'Well', 'west']"
1629624721951141888,1629624721951141888,2023-02-26 07:29:45 Malay Peninsula Standard Time,2023-02-26,07:29:45,1624169566698889233,"Ontem, a plataforma de streaming de músicas lançou um novo recurso de I.A. chamado ‘DJ’ para oferecer aos usuários a experiência de ter seu próprio apresentador de rádio privado o tempo todo.  Fonte:  https://t.co/kPBNN7tYsO  #Spotify #DJ #AI #IA #Google #Bing #ChatGPT #PlanoNews  https://t.co/NpJ9VKHe6e",pt,"['spotify', 'dj', 'ai', 'ia', 'google', 'bing', 'chatgpt', 'planonews']",[],"Yesterday, the music streaming platform launched a new A.I. feature called 'DJ' to offer users the experience of having their own private radio host at all times.  Source: https://t.co/kPBNN7tYsO #Spotify #DJ #AI #IA #Google #Bing #ChatGPT #PlanoNews https://t.co/NpJ9VKHe6e","['Yesterday', ',', 'the', 'music', 'streaming', 'platform', 'launched', 'a', 'new', 'A', '.', 'I', '.', 'feature', 'called', ""'"", 'DJ', ""'"", 'to', 'offer', 'users', 'the', 'experience', 'of', 'having', 'their', 'own', 'private', 'radio', 'host', 'at', 'all', 'times', '.', 'Source', ':', 'https://t.co/kPBNN7tYsO', '#Spotify', '#DJ', '#AI', '#IA', '#Google', '#Bing', '#ChatGPT', '#PlanoNews', 'https://t.co/NpJ9VKHe6e']"
1629624716469084160,1629624716469084160,2023-02-26 07:29:44 Malay Peninsula Standard Time,2023-02-26,07:29:44,1194726572437184515,@forageSF and I spent some time last week playing around with the #OpenAI API and have great learnings to share about the process of using it to build #chatgpt-based applications such as #chatbots,en,"['openai', 'chatgpt', 'chatbots']",[],@forageSF and I spent some time last week playing around with the #OpenAI API and have great learnings to share about the process of using it to build #chatgpt-based applications such as #chatbots,"['and', 'I', 'spent', 'some', 'time', 'last', 'week', 'playing', 'around', 'with', 'the', '#OpenAI', 'API', 'and', 'have', 'great', 'learnings', 'to', 'share', 'about', 'the', 'process', 'of', 'using', 'it', 'to', 'build', '#chatgpt-based', 'applications', 'such', 'as', '#chatbots']"
1629624709229715457,1629568693461041152,2023-02-26 07:29:42 Malay Peninsula Standard Time,2023-02-26,07:29:42,18819857,"@ReneKorbicka @haschm @artur_novy Je to nejasné, říká ChatGPT. Tak raději vypsal více žebříčků.  https://t.co/iicb3IGO21",cs,[],"[{'screen_name': 'ReneKorbicka', 'name': 'René Korbička', 'id': '1518945953037889539'}, {'screen_name': 'haschm', 'name': 'Marcel Hasch', 'id': '785155135'}, {'screen_name': 'artur_novy', 'name': 'Artur', 'id': '1260439653980803072'}]","@ReneKorbicka @haschm @artur_novy It's unclear, says ChatGPT. So he preferred to list more rankings.  https://t.co/iicb3IGO21","[""It's"", 'unclear', ',', 'says', 'ChatGPT', '.', 'So', 'he', 'preferred', 'to', 'list', 'more', 'rankings', '.', 'https://t.co/iicb3IGO21']"
1629624701273223169,1629624701273223168,2023-02-26 07:29:40 Malay Peninsula Standard Time,2023-02-26,07:29:40,1028702407298113537,I feel like this year I mostly just learned how to gross and stage cancers because of the massive amount of surg path. I don’t actually jack shit about how to diagnose anything. It’s sort of feels like the needs of the hospital workflow are more important than my learning.,en,[],[],I feel like this year I mostly just learned how to gross and stage cancers because of the massive amount of surg path. I don’t actually jack shit about how to diagnose anything. It’s sort of feels like the needs of the hospital workflow are more important than my learning.,"['I', 'feel', 'like', 'this', 'year', 'I', 'mostly', 'just', 'learned', 'how', 'to', 'gross', 'and', 'stage', 'cancers', 'because', 'of', 'the', 'massive', 'amount', 'of', 'surg', 'path', '.', 'I', 'don', '’', 't', 'actually', 'jack', 'shit', 'about', 'how', 'to', 'diagnose', 'anything', '.', 'It', '’', 's', 'sort', 'of', 'feels', 'like', 'the', 'needs', 'of', 'the', 'hospital', 'workflow', 'are', 'more', 'important', 'than', 'my', 'learning', '.']"
1629624688841465856,1629624688841465856,2023-02-26 07:29:37 Malay Peninsula Standard Time,2023-02-26,07:29:37,21393749,「私たち人間が、生命として誕生して、今を生きていることにはどんな意味があるのかを考えたい。 そのためには、哲学を学ぶべきか、考古学を学ぶべきか、2つを比較して、それぞれのメリット、デメリットを教えてください」 ChatGPTはそれなりの参考になる答えを返す。,ja,[],[],"""I want to think about what it means for us humans to be born as life and live now. To do that, compare the two, whether you should study philosophy or archaeology, and tell us the advantages and disadvantages of each."" ChatGPT gives a reasonably helpful answer.","['""', 'I', 'want', 'to', 'think', 'about', 'what', 'it', 'means', 'for', 'us', 'humans', 'to', 'be', 'born', 'as', 'life', 'and', 'live', 'now', '.', 'To', 'do', 'that', ',', 'compare', 'the', 'two', ',', 'whether', 'you', 'should', 'study', 'philosophy', 'or', 'archaeology', ',', 'and', 'tell', 'us', 'the', 'advantages', 'and', 'disadvantages', 'of', 'each', '.', '""', 'ChatGPT', 'gives', 'a', 'reasonably', 'helpful', 'answer', '.']"
1629624688392454148,1629624688392454144,2023-02-26 07:29:37 Malay Peninsula Standard Time,2023-02-26,07:29:37,59940016,"Provando a capacidade do ChatGPT na #catalogação bibliográfica l “[…] os resultados que obtive foram interessantes, pois sua resposta demonstrou a capacidade de criar registros MARC incluindo informações que omiti intencionalmente.” #ChatGPT 🇪🇸 via IFT  https://t.co/hhEQA8u0IC",pt,"['catalogação', 'chatgpt']",[],"Proving the capability of ChatGPT in the bibliographic #catalogação l ""[...] the results I obtained were interesting, as their response demonstrated the ability to create MARC records including information I intentionally omitted."" #ChatGPT 🇪🇸 via IFT https://t.co/hhEQA8u0IC","['Proving', 'the', 'capability', 'of', 'ChatGPT', 'in', 'the', 'bibliographic', '#catalogação', 'l', '""', '[', '...', ']', 'the', 'results', 'I', 'obtained', 'were', 'interesting', ',', 'as', 'their', 'response', 'demonstrated', 'the', 'ability', 'to', 'create', 'MARC', 'records', 'including', 'information', 'I', 'intentionally', 'omitted', '.', '""', '#ChatGPT', '🇪', '🇸', 'via', 'IFT', 'https://t.co/hhEQA8u0IC']"
1629624684458434561,1629624684458434560,2023-02-26 07:29:36 Malay Peninsula Standard Time,2023-02-26,07:29:36,1381217652211818498,"🔴 #ViralRabbi #According #To #ChatGPT, #here #is #a #list #of #alleged #information #regarding #waus #to #stretch #quadriceps #muscles:      1. Seated Forward Bend     2. Downward-Facing Dog     3. Triangle Pose     4. Intense Side Stretch Pose     5. Lizard Pose     6. Standing…",en,"['viralrabbi', 'according', 'to', 'chatgpt', 'here', 'is', 'a', 'list', 'of', 'alleged', 'information', 'regarding', 'waus', 'to', 'stretch', 'quadriceps', 'muscles']",[],"🔴 #ViralRabbi #According #To #ChatGPT, #here #is #a #list #of #alleged #information #regarding #waus #to #stretch #quadriceps #muscles:      1. Seated Forward Bend     2. Downward-Facing Dog     3. Triangle Pose     4. Intense Side Stretch Pose     5. Lizard Pose     6. Standing…","['🔴', '#ViralRabbi', '#According', '#To', '#ChatGPT', ',', '#here', '#is', '#', 'a', '#list', '#of', '#alleged', '#information', '#regarding', '#waus', '#to', '#stretch', '#quadriceps', '#muscles', ':', '1', '.', 'Seated', 'Forward', 'Bend', '2', '.', 'Downward-Facing', 'Dog', '3', '.', 'Triangle', 'Pose', '4', '.', 'Intense', 'Side', 'Stretch', 'Pose', '5', '.', 'Lizard', 'Pose', '6', '.', 'Standing', '…']"
1629624680674996227,1629624678951026688,2023-02-26 07:29:35 Malay Peninsula Standard Time,2023-02-26,07:29:35,1209272015108132864,"The responses generated by ChatGPT are a product of this model and should be subject to further research and analysis. #ChatGPT #LanguageModel #ResearchTool""",en,"['chatgpt', 'languagemodel', 'researchtool']",[],"The responses generated by ChatGPT are a product of this model and should be subject to further research and analysis. #ChatGPT #LanguageModel #ResearchTool""","['The', 'responses', 'generated', 'by', 'ChatGPT', 'are', 'a', 'product', 'of', 'this', 'model', 'and', 'should', 'be', 'subject', 'to', 'further', 'research', 'and', 'analysis', '.', '#ChatGPT', '#LanguageModel', '#ResearchTool', '""']"
1629624678951026690,1629624678951026688,2023-02-26 07:29:35 Malay Peninsula Standard Time,2023-02-26,07:29:35,1209272015108132864,"""Just a reminder that ChatGPT is not an oracle or mind-reader, but rather a language model built on the information provided by users.",en,[],[],"""Just a reminder that ChatGPT is not an oracle or mind-reader, but rather a language model built on the information provided by users.","['""', 'Just', 'a', 'reminder', 'that', 'ChatGPT', 'is', 'not', 'an', 'oracle', 'or', 'mind-reader', ',', 'but', 'rather', 'a', 'language', 'model', 'built', 'on', 'the', 'information', 'provided', 'by', 'users', '.']"
1629624670864519170,1629605029631127552,2023-02-26 07:29:33 Malay Peninsula Standard Time,2023-02-26,07:29:33,47326697,"@jisiguo My favorite uses for ChatGPT so far have been:   - Mandarin tutoring  - Generating Tailwind color spectrums from a given input color  Never thought to use it for endurance coaching though! I've been trying to get my 10k time down, so will try this!",en,[],"[{'screen_name': 'jisiguo', 'name': 'Jisi Guo', 'id': '44222884'}]","@jisiguo My favorite uses for ChatGPT so far have been:   - Mandarin tutoring  - Generating Tailwind color spectrums from a given input color  Never thought to use it for endurance coaching though! I've been trying to get my 10k time down, so will try this!","['My', 'favorite', 'uses', 'for', 'ChatGPT', 'so', 'far', 'have', 'been', ':', '-', 'Mandarin', 'tutoring', '-', 'Generating', 'Tailwind', 'color', 'spectrums', 'from', 'a', 'given', 'input', 'color', 'Never', 'thought', 'to', 'use', 'it', 'for', 'endurance', 'coaching', 'though', '!', ""I've"", 'been', 'trying', 'to', 'get', 'my', '10k', 'time', 'down', ',', 'so', 'will', 'try', 'this', '!']"
1629624651956592642,1623718690830295040,2023-02-26 07:29:28 Malay Peninsula Standard Time,2023-02-26,07:29:28,1598922281434103808,@aadhil_twitz @shivaas_twitz  https://t.co/tv1eiMuvca,qme,[],"[{'screen_name': 'aadhil_twitz', 'name': '𝐀𝐀𝐃𝐇𝐈𝐋', 'id': '900745621581176834'}]",@aadhil_twitz @shivaas_twitz  https://t.co/tv1eiMuvca,['https://t.co/tv1eiMuvca']
1629624614619054081,1629603007640764416,2023-02-26 07:29:19 Malay Peninsula Standard Time,2023-02-26,07:29:19,1309981672620748801,@WesElyMD @WSJ Wall Street’s ChatGPT Nightmare Is Over Before It Starts as Banks Crack Down   https://t.co/JFpZH20EDb,en,[],"[{'screen_name': 'WesElyMD', 'name': 'WesElyMD', 'id': '1252988129708929024'}, {'screen_name': 'WSJ', 'name': 'The Wall Street Journal', 'id': '3108351'}]",@WesElyMD @WSJ Wall Street’s ChatGPT Nightmare Is Over Before It Starts as Banks Crack Down   https://t.co/JFpZH20EDb,"['Wall', 'Street', '’', 's', 'ChatGPT', 'Nightmare', 'Is', 'Over', 'Before', 'It', 'Starts', 'as', 'Banks', 'Crack', 'Down', 'https://t.co/JFpZH20EDb']"
1629624584310865921,1629091524746129408,2023-02-26 07:29:12 Malay Peninsula Standard Time,2023-02-26,07:29:12,1051963242929680384,"@epkaufm @DerekPederson3 Indoctrination. Virtually all of over 18-99 year GOP folks had heard that DJT won the elections, the election machines were tampered in Venezuela, a global cabal operating out of a Pizza basement was running the deep state.",en,[],"[{'screen_name': 'epkaufm', 'name': 'Eric Kaufmann', 'id': '309556475'}, {'screen_name': 'DerekPederson3', 'name': 'Derek Pederson', 'id': '773707019425579009'}]","@epkaufm @DerekPederson3 Indoctrination. Virtually all of over 18-99 year GOP folks had heard that DJT won the elections, the election machines were tampered in Venezuela, a global cabal operating out of a Pizza basement was running the deep state.","['Indoctrination', '.', 'Virtually', 'all', 'of', 'over', '18-99', 'year', 'GOP', 'folks', 'had', 'heard', 'that', 'DJT', 'won', 'the', 'elections', ',', 'the', 'election', 'machines', 'were', 'tampered', 'in', 'Venezuela', ',', 'a', 'global', 'cabal', 'operating', 'out', 'of', 'a', 'Pizza', 'basement', 'was', 'running', 'the', 'deep', 'state', '.']"
1629624575423315968,1629624575423315968,2023-02-26 07:29:10 Malay Peninsula Standard Time,2023-02-26,07:29:10,78565085,おは日曜日。ChatGPTすごい。ひたすら壁打ちできる,ja,[],[],Good afternoon. ChatGPT is amazing. You can just hit the wall,"['Good', 'afternoon', '.', 'ChatGPT', 'is', 'amazing', '.', 'You', 'can', 'just', 'hit', 'the', 'wall']"
1629624563410644993,1629624563410644992,2023-02-26 07:29:07 Malay Peninsula Standard Time,2023-02-26,07:29:07,588261604,"Misinformation and bad data are the biggest risks to AI bots like ChatGPT, @tculpan writes  https://t.co/NcaWtxME4O via @opinion",en,[],[],"Misinformation and bad data are the biggest risks to AI bots like ChatGPT, @tculpan writes  https://t.co/NcaWtxME4O via @opinion","['Misinformation', 'and', 'bad', 'data', 'are', 'the', 'biggest', 'risks', 'to', 'AI', 'bots', 'like', 'ChatGPT', ',', 'writes', 'https://t.co/NcaWtxME4O', 'via']"
