,id,conversation_id,created_at,date,time,user_id,tweet,language,hashtags,reply_to,translated_text,tokenized_text
0,1613322143290527746,1613322143290527744,2023-01-12 07:49:07 Malay Peninsula Standard Time,2023-01-12,07:49:07,1476321429457154053,Me imagino si en el 2050 comenzarán a surgir casos de tesis canceladas y polémicas al estar redactadas por el #ChatGPT.,es,['chatgpt'],[],I imagine if in 2050 cases of canceled and controversial theses will begin to emerge because they are written by the #ChatGPT.,"['I', 'imagine', 'if', 'in', '2050', 'cases', 'of', 'canceled', 'and', 'controversial', 'theses', 'will', 'begin', 'to', 'emerge', 'because', 'they', 'are', 'written', 'by', 'the', '#ChatGPT', '.']"
1,1613322054312382464,1613322054312382464,2023-01-12 07:48:46 Malay Peninsula Standard Time,2023-01-12,07:48:46,998161184590352384,"Künstliche Intelligenz wird rasendschnell unser Leben erobern. Das Zeitfenster ist klein. Wenn man mit #ChatGPT herumspielt, wird dies deutlich. Umso mehr es genutzt wird, desto besser wird es &amp; es kann bereits jetzt so wahnsinnig viel. Es wird viele Arbeitsbereiche ersetzen....",de,['chatgpt'],[],"Artificial intelligence will conquer our lives at breakneck speed. The time window is small. If you play around with #ChatGPT, this becomes clear. The more it is used, the better it gets &amp; it can already do so much. It will replace many work areas....","['Artificial', 'intelligence', 'will', 'conquer', 'our', 'lives', 'at', 'breakneck', 'speed', '.', 'The', 'time', 'window', 'is', 'small', '.', 'If', 'you', 'play', 'around', 'with', '#ChatGPT', ',', 'this', 'becomes', 'clear', '.', 'The', 'more', 'it', 'is', 'used', ',', 'the', 'better', 'it', 'gets', '&', 'it', 'can', 'already', 'do', 'so', 'much', '.', 'It', 'will', 'replace', 'many', 'work', 'areas', '...']"
2,1613322039502295042,1613322039502295040,2023-01-12 07:48:42 Malay Peninsula Standard Time,2023-01-12,07:48:42,1359541881592569857,"À tous les marketers traders qui vendent du rêve avec des plans d' intérêts composés🖕. J'ai fait la demande a #ChatGPT sur 1 an avec 1% par jour en part de 20k$. La somme est débile ( 7,470,868,800 $)... Tema sa réponse, au moins lui il ment pas 😂👌 #monderéel Bienvenue Néo 😎  https://t.co/5pWzlBaVHv",fr,"['chatgpt', 'monderéel']",[],"To all marketer traders who sell dreams with compound🖕 interest plans. I made the request to #ChatGPT over 1 year with 1% per day in share of $ 20k. The sum is stupid ($7,470,868,800)... Tema his answer, at least he is not 😂👌 lying#monderéel Welcome Neo 😎 https://t.co/5pWzlBaVHv","['To', 'all', 'marketer', 'traders', 'who', 'sell', 'dreams', 'with', 'compound', '🖕', 'interest', 'plans', '.', 'I', 'made', 'the', 'request', 'to', '#ChatGPT', 'over', '1', 'year', 'with', '1', '%', 'per', 'day', 'in', 'share', 'of', '$', '20k', '.', 'The', 'sum', 'is', 'stupid', '(', '$', '7,470', ',', '868,800', ')', '...', 'Tema', 'his', 'answer', ',', 'at', 'least', 'he', 'is', 'not', '😂', '👌', 'lying', '#monderéel', 'Welcome', 'Neo', '😎', 'https://t.co/5pWzlBaVHv']"
3,1613322004853329920,1613322004853329920,2023-01-12 07:48:34 Malay Peninsula Standard Time,2023-01-12,07:48:34,1470581419839823874,Hello folks I just used ChatGPT for the first time.. @OpenAI  How do you feel about having a question suggestion functionality like Google in ChatGPT. This would really make interactions easy.  ChatGPT seems very cool.  #chatgpt #chat #uiux #uxdesigner #ai #technology  https://t.co/vOdL81OJ28,en,"['chatgpt', 'chat', 'uiux', 'uxdesigner', 'ai', 'technology']",[],Hello folks I just used ChatGPT for the first time.. @OpenAI  How do you feel about having a question suggestion functionality like Google in ChatGPT. This would really make interactions easy.  ChatGPT seems very cool.  #chatgpt #chat #uiux #uxdesigner #ai #technology  https://t.co/vOdL81OJ28,"['Hello', 'folks', 'I', 'just', 'used', 'ChatGPT', 'for', 'the', 'first', 'time', '..', 'How', 'do', 'you', 'feel', 'about', 'having', 'a', 'question', 'suggestion', 'functionality', 'like', 'Google', 'in', 'ChatGPT', '.', 'This', 'would', 'really', 'make', 'interactions', 'easy', '.', 'ChatGPT', 'seems', 'very', 'cool', '.', '#chatgpt', '#chat', '#uiux', '#uxdesigner', '#ai', '#technology', 'https://t.co/vOdL81OJ28']"
4,1613321502287593473,1613321502287593472,2023-01-12 07:46:34 Malay Peninsula Standard Time,2023-01-12,07:46:34,14763734,AI-powered #ChatGPT has recently been frustrating a sizable number of potential new users due to its own popularity.  https://t.co/GDU7v7HaK6,en,['chatgpt'],[],AI-powered #ChatGPT has recently been frustrating a sizable number of potential new users due to its own popularity.  https://t.co/GDU7v7HaK6,"['AI-powered', '#ChatGPT', 'has', 'recently', 'been', 'frustrating', 'a', 'sizable', 'number', 'of', 'potential', 'new', 'users', 'due', 'to', 'its', 'own', 'popularity', '.', 'https://t.co/GDU7v7HaK6']"
5,1613321445840412673,1613321445840412672,2023-01-12 07:46:21 Malay Peninsula Standard Time,2023-01-12,07:46:21,50325701,"As we previously mentioned, some of the session descriptions were written by the speakers themselves, and others by us...with one lone description written by #ChatGPT of @OpenAI.  To our surprise, someone has identified which one it is.  Can you?  #DBW23   https://t.co/MBGzMB2Whb",en,"['chatgpt', 'dbw23']",[],"As we previously mentioned, some of the session descriptions were written by the speakers themselves, and others by us...with one lone description written by #ChatGPT of @OpenAI.  To our surprise, someone has identified which one it is.  Can you?  #DBW23   https://t.co/MBGzMB2Whb","['As', 'we', 'previously', 'mentioned', ',', 'some', 'of', 'the', 'session', 'descriptions', 'were', 'written', 'by', 'the', 'speakers', 'themselves', ',', 'and', 'others', 'by', 'us', '...', 'with', 'one', 'lone', 'description', 'written', 'by', '#ChatGPT', 'of', '.', 'To', 'our', 'surprise', ',', 'someone', 'has', 'identified', 'which', 'one', 'it', 'is', '.', 'Can', 'you', '?', '#DBW23', 'https://t.co/MBGzMB2Whb']"
6,1613321444376875008,1613242841630900224,2023-01-12 07:46:21 Malay Peninsula Standard Time,2023-01-12,07:46:21,1514231155716988933,@anobelodisho @forthejon I foresee a future #path #AI paper... #ChatGPT #PathTwitter  https://t.co/CvG3Ts22GW,en,"['path', 'ai', 'chatgpt', 'pathtwitter']","[{'screen_name': 'anobelodisho', 'name': 'Anobel Odisho', 'id': '522841266'}]",@anobelodisho @forthejon I foresee a future #path #AI paper... #ChatGPT #PathTwitter  https://t.co/CvG3Ts22GW,"['I', 'foresee', 'a', 'future', '#path', '#AI', 'paper', '...', '#ChatGPT', '#PathTwitter', 'https://t.co/CvG3Ts22GW']"
7,1613321328127537153,1613321328127537152,2023-01-12 07:45:53 Malay Peninsula Standard Time,2023-01-12,07:45:53,22948829,Just used @OpenAI's #ChatGPT to write a response to my doctor's email. The AI's natural language understanding made it easy to convey my symptoms and concerns in a clear and concise way. #AI #healthtech  And then used it to write this tweet.,en,"['chatgpt', 'ai', 'healthtech']",[],Just used @OpenAI's #ChatGPT to write a response to my doctor's email. The AI's natural language understanding made it easy to convey my symptoms and concerns in a clear and concise way. #AI #healthtech  And then used it to write this tweet.,"['Just', 'used', ""'"", 's', '#ChatGPT', 'to', 'write', 'a', 'response', 'to', 'my', ""doctor's"", 'email', '.', 'The', ""AI's"", 'natural', 'language', 'understanding', 'made', 'it', 'easy', 'to', 'convey', 'my', 'symptoms', 'and', 'concerns', 'in', 'a', 'clear', 'and', 'concise', 'way', '.', '#AI', '#healthtech', 'And', 'then', 'used', 'it', 'to', 'write', 'this', 'tweet', '.']"
8,1613321297387487232,1613321297387487232,2023-01-12 07:45:46 Malay Peninsula Standard Time,2023-01-12,07:45:46,73125145,El caso de #ChatGPT como buscador y el asalto de Microsoft a Google.   https://t.co/Pt5CIsfQwt,es,['chatgpt'],[],The case of #ChatGPT as a search engine and Microsoft's assault on Google.   https://t.co/Pt5CIsfQwt,"['The', 'case', 'of', '#ChatGPT', 'as', 'a', 'search', 'engine', 'and', ""Microsoft's"", 'assault', 'on', 'Google', '.', 'https://t.co/Pt5CIsfQwt']"
9,1613321127199113222,1613321127199113216,2023-01-12 07:45:05 Malay Peninsula Standard Time,2023-01-12,07:45:05,102491558,"There's a before and after #ChatGPT on my career. Week by week I'm using it to help me deliver better and faster outcomes on all sorts of tasks. At first, I thought it was the ""shiny new object"" effect, but I just keep on finding new ways it can help. Thanks, @OpenAI 🙏",en,['chatgpt'],[],"There's a before and after #ChatGPT on my career. Week by week I'm using it to help me deliver better and faster outcomes on all sorts of tasks. At first, I thought it was the ""shiny new object"" effect, but I just keep on finding new ways it can help. Thanks, @OpenAI 🙏","[""There's"", 'a', 'before', 'and', 'after', '#ChatGPT', 'on', 'my', 'career', '.', 'Week', 'by', 'week', ""I'm"", 'using', 'it', 'to', 'help', 'me', 'deliver', 'better', 'and', 'faster', 'outcomes', 'on', 'all', 'sorts', 'of', 'tasks', '.', 'At', 'first', ',', 'I', 'thought', 'it', 'was', 'the', '""', 'shiny', 'new', 'object', '""', 'effect', ',', 'but', 'I', 'just', 'keep', 'on', 'finding', 'new', 'ways', 'it', 'can', 'help', '.', 'Thanks', ',', '🙏']"
10,1613321066419740673,1613321066419740672,2023-01-12 07:44:50 Malay Peninsula Standard Time,2023-01-12,07:44:50,14217549,"I asked #ChatGPT to imagine a dream involving Donald Trump, Donald Duck and Ronald McDonald.   The inspired response includes the idea that Donald Duck is wandering around a Trump rally with a hat that says 'Make America Quack Again'.  Goodnight Twitter. Sweet dreams.",en,['chatgpt'],[],"I asked #ChatGPT to imagine a dream involving Donald Trump, Donald Duck and Ronald McDonald.   The inspired response includes the idea that Donald Duck is wandering around a Trump rally with a hat that says 'Make America Quack Again'.  Goodnight Twitter. Sweet dreams.","['I', 'asked', '#ChatGPT', 'to', 'imagine', 'a', 'dream', 'involving', 'Donald', 'Trump', ',', 'Donald', 'Duck', 'and', 'Ronald', 'McDonald', '.', 'The', 'inspired', 'response', 'includes', 'the', 'idea', 'that', 'Donald', 'Duck', 'is', 'wandering', 'around', 'a', 'Trump', 'rally', 'with', 'a', 'hat', 'that', 'says', ""'"", 'Make', 'America', 'Quack', 'Again', ""'"", '.', 'Goodnight', 'Twitter', '.', 'Sweet', 'dreams', '.']"
11,1613320845631586306,1613320845631586304,2023-01-12 07:43:58 Malay Peninsula Standard Time,2023-01-12,07:43:58,1572224532215205888,Check out this article we published in December 2022; it is even more relevant today! #ChatGPT #AI   https://t.co/1Ma1vqEups,en,"['chatgpt', 'ai']",[],Check out this article we published in December 2022; it is even more relevant today! #ChatGPT #AI   https://t.co/1Ma1vqEups,"['Check', 'out', 'this', 'article', 'we', 'published', 'in', 'December', '2022', ';', 'it', 'is', 'even', 'more', 'relevant', 'today', '!', '#ChatGPT', '#AI', 'https://t.co/1Ma1vqEups']"
12,1613320811808440320,1613320811808440320,2023-01-12 07:43:50 Malay Peninsula Standard Time,2023-01-12,07:43:50,1610268235525496839,Also to be included:  -ChatGPT ate my homework -I had ChatGPT filemy taxes -Can ChatGPT do my chores?  #ChatGPT #AI #DataScience,en,"['chatgpt', 'ai', 'datascience']",[],Also to be included:  -ChatGPT ate my homework -I had ChatGPT filemy taxes -Can ChatGPT do my chores?  #ChatGPT #AI #DataScience,"['Also', 'to', 'be', 'included', ':', '-', 'ChatGPT', 'ate', 'my', 'homework', '-', 'I', 'had', 'ChatGPT', 'filemy', 'taxes', '-', 'Can', 'ChatGPT', 'do', 'my', 'chores', '?', '#ChatGPT', '#AI', '#DataScience']"
13,1613320729944023045,1613320729944023040,2023-01-12 07:43:30 Malay Peninsula Standard Time,2023-01-12,07:43:30,93928787,How to use #ChatGPT for #Crypto? 🧠 🤯Guide Here  https://t.co/9PLsuOPQyE  https://t.co/o2ByyyYEMx,en,"['chatgpt', 'crypto']",[],How to use #ChatGPT for #Crypto? 🧠 🤯Guide Here  https://t.co/9PLsuOPQyE  https://t.co/o2ByyyYEMx,"['How', 'to', 'use', '#ChatGPT', 'for', '#Crypto', '?', '🧠', '🤯', 'Guide', 'Here', 'https://t.co/9PLsuOPQyE', 'https://t.co/o2ByyyYEMx']"
14,1613320704275156992,1613320704275156992,2023-01-12 07:43:24 Malay Peninsula Standard Time,2023-01-12,07:43:24,411166373,#ChatGPT Writes a Mint Mobile #Ad   https://t.co/8qtszfFufT,en,"['chatgpt', 'ad']",[],#ChatGPT Writes a Mint Mobile #Ad   https://t.co/8qtszfFufT,"['#ChatGPT', 'Writes', 'a', 'Mint', 'Mobile', '#Ad', 'https://t.co/8qtszfFufT']"
15,1613320700911325187,1608971501268791296,2023-01-12 07:43:23 Malay Peninsula Standard Time,2023-01-12,07:43:23,99924994,ふむふむ。さらにくるか。#OpenAI #ChatGPT  — マイクロソフト、オープンAIへ追加投資か: 日本経済新聞  https://t.co/fI4tbDwuXl,ja,"['openai', 'chatgpt']",[],Hmmm. Will there be more? #OpenAI #ChatGPT — Microsoft Makes Additional Investments in Open AI: Japan Economic https://t.co/fI4tbDwuXl,"['Hmmm', '.', 'Will', 'there', 'be', 'more', '?', '#OpenAI', '#ChatGPT', '—', 'Microsoft', 'Makes', 'Additional', 'Investments', 'in', 'Open', 'AI', ':', 'Japan', 'Economic', 'https://t.co/fI4tbDwuXl']"
16,1613320566894911490,1613320566894911488,2023-01-12 07:42:51 Malay Peninsula Standard Time,2023-01-12,07:42:51,1611442154169110572,Practicing Great Circle / Haversine Method for Geocoding in R using #ChatGPT #rstats   https://t.co/ncezk5fJTz,en,"['chatgpt', 'rstats']",[],Practicing Great Circle / Haversine Method for Geocoding in R using #ChatGPT #rstats   https://t.co/ncezk5fJTz,"['Practicing', 'Great', 'Circle', '/', 'Haversine', 'Method', 'for', 'Geocoding', 'in', 'R', 'using', '#ChatGPT', '#rstats', 'https://t.co/ncezk5fJTz']"
17,1613320334668664832,1613320334668664832,2023-01-12 07:41:56 Malay Peninsula Standard Time,2023-01-12,07:41:56,8011972,#architecture by #StableDiffusion &amp; #ChatGPT #ai #aiart #aidesign  https://t.co/2uJtvh2RvV,und,"['architecture', 'stablediffusion', 'chatgpt', 'ai', 'aiart', 'aidesign']",[],#architecture by #StableDiffusion &amp; #ChatGPT #ai #aiart #aidesign  https://t.co/2uJtvh2RvV,"['#architecture', 'by', '#StableDiffusion', '&', '#ChatGPT', '#ai', '#aiart', '#aidesign', 'https://t.co/2uJtvh2RvV']"
18,1613320267711016961,1613320267711016960,2023-01-12 07:41:40 Malay Peninsula Standard Time,2023-01-12,07:41:40,599940796,With enough convincing you can get ChatGPT to write a Kotaku article 'as an experiment': #ChatGPT #Kotaku #CreativeWriting #AI  https://t.co/46UGyHacRF,en,"['chatgpt', 'kotaku', 'creativewriting', 'ai']",[],With enough convincing you can get ChatGPT to write a Kotaku article 'as an experiment': #ChatGPT #Kotaku #CreativeWriting #AI  https://t.co/46UGyHacRF,"['With', 'enough', 'convincing', 'you', 'can', 'get', 'ChatGPT', 'to', 'write', 'a', 'Kotaku', 'article', ""'"", 'as', 'an', 'experiment', ""'"", ':', '#ChatGPT', '#Kotaku', '#CreativeWriting', '#AI', 'https://t.co/46UGyHacRF']"
19,1613320197934571522,1613320197934571520,2023-01-12 07:41:23 Malay Peninsula Standard Time,2023-01-12,07:41:23,201957184,"El pelotazo que va a dar @OpenAI va a ser tremendo, ya hablan de monetizar #ChatGPT  Y la lista de puestos de trabajo donde la IA va a sustituir a los humanos no deja de crecer 😬",es,['chatgpt'],[],"The ball that will give @OpenAI is going to be tremendous, they already talk about monetizing #ChatGPT And the list of jobs where AI is going to replace humans does not stop growing 😬","['The', 'ball', 'that', 'will', 'give', 'is', 'going', 'to', 'be', 'tremendous', ',', 'they', 'already', 'talk', 'about', 'monetizing', '#ChatGPT', 'And', 'the', 'list', 'of', 'jobs', 'where', 'AI', 'is', 'going', 'to', 'replace', 'humans', 'does', 'not', 'stop', 'growing', '😬']"
20,1613320131760869376,1613320131760869376,2023-01-12 07:41:08 Malay Peninsula Standard Time,2023-01-12,07:41:08,4916839685,"The very much anticipatedBOT AI BAIBOT has officially released, with free trial!   https://t.co/nls8z5d8nH #ChatGPT #OpenAI #crypto #money #Web3  https://t.co/p5rf4YMGJa",en,"['chatgpt', 'openai', 'crypto', 'money', 'web3']",[],"The very much anticipatedBOT AI BAIBOT has officially released, with free trial!   https://t.co/nls8z5d8nH #ChatGPT #OpenAI #crypto #money #Web3  https://t.co/p5rf4YMGJa","['The', 'very', 'much', 'anticipatedBOT', 'AI', 'BAIBOT', 'has', 'officially', 'released', ',', 'with', 'free', 'trial', '!', 'https://t.co/nls8z5d8nH', '#ChatGPT', '#OpenAI', '#crypto', '#money', '#Web3', 'https://t.co/p5rf4YMGJa']"
21,1613320102979551233,1613320102979551232,2023-01-12 07:41:01 Malay Peninsula Standard Time,2023-01-12,07:41:01,188186150,ChatGPT politely describes scenarios that will result in AI murdering us... 😳 #ChatGPT  https://t.co/EBkfIj8cqH,en,['chatgpt'],[],ChatGPT politely describes scenarios that will result in AI murdering us... 😳 #ChatGPT  https://t.co/EBkfIj8cqH,"['ChatGPT', 'politely', 'describes', 'scenarios', 'that', 'will', 'result', 'in', 'AI', 'murdering', 'us', '...', '😳', '#ChatGPT', 'https://t.co/EBkfIj8cqH']"
22,1613319983366541313,1613319983366541312,2023-01-12 07:40:32 Malay Peninsula Standard Time,2023-01-12,07:40:32,720482086688317440,O ChatGPT está lotado e está frustrando as pessoas em todos os lugares  https://t.co/TJzxK7nI0E #Notícias #ChatGPT #Esta #frustrando #lotado,pt,"['notícias', 'chatgpt', 'esta', 'frustrando', 'lotado']",[],ChatGPT is crowded and frustrating people everywhere https://t.co/TJzxK7nI0E #Notícias #ChatGPT #Esta #frustrando #lotado,"['ChatGPT', 'is', 'crowded', 'and', 'frustrating', 'people', 'everywhere', 'https://t.co/TJzxK7nI0E', '#Notícias', '#ChatGPT', '#Esta', '#frustrando', '#lotado']"
23,1613319875795058688,1613319875795058688,2023-01-12 07:40:07 Malay Peninsula Standard Time,2023-01-12,07:40:07,1009811161213267968,ChatGPT 2023 - Passive Income W/ Artificial Intelligence   2 hours | 67 students  | January 2023 release   🆓 LINK =&gt;  https://t.co/CDHdjtqddc   #Udemy #Inteligencia #artificial #ChatGPT  https://t.co/z9frti3W3F,en,"['udemy', 'inteligencia', 'artificial', 'chatgpt']",[],ChatGPT 2023 - Passive Income W/ Artificial Intelligence   2 hours | 67 students  | January 2023 release   🆓 LINK =&gt;  https://t.co/CDHdjtqddc   #Udemy #Inteligencia #artificial #ChatGPT  https://t.co/z9frti3W3F,"['ChatGPT', '2023', '-', 'Passive', 'Income', 'W', '/', 'Artificial', 'Intelligence', '2', 'hours', '|', '67', 'students', '|', 'January', '2023', 'release', '🆓', 'LINK', '=', '>', 'https://t.co/CDHdjtqddc', '#Udemy', '#Inteligencia', '#artificial', '#ChatGPT', 'https://t.co/z9frti3W3F']"
24,1613319840722305024,1613319840722305024,2023-01-12 07:39:58 Malay Peninsula Standard Time,2023-01-12,07:39:58,1304386575585902592,OpenAI anuncia planes para monetizar su exitoso ChatGPT  #chatgpt #openai #inteligenciaArtificial   https://t.co/d39HJ1goY1,es,"['chatgpt', 'openai', 'inteligenciaartificial']",[],OpenAI announces plans to monetize its successful ChatGPT #chatgpt #openai #inteligenciaArtificial https://t.co/d39HJ1goY1,"['OpenAI', 'announces', 'plans', 'to', 'monetize', 'its', 'successful', 'ChatGPT', '#chatgpt', '#openai', '#inteligenciaArtificial', 'https://t.co/d39HJ1goY1']"
25,1613319706538119168,1613319706538119168,2023-01-12 07:39:26 Malay Peninsula Standard Time,2023-01-12,07:39:26,1377378199932391425,"What does World’s Best AI ‘ChatGPT’ think about Top Art, Antiques, and Collectibles? We Asked!  BREAKING:  https://t.co/chDmPocqJx  We did not edit a single word or punctuation.  @OpenAI | #ChatGPT  #breakingnews #artnews #artworld #artmarket #art #artificialintelligence",en,"['chatgpt', 'breakingnews', 'artnews', 'artworld', 'artmarket', 'art', 'artificialintelligence']",[],"What does World’s Best AI ‘ChatGPT’ think about Top Art, Antiques, and Collectibles? We Asked!  BREAKING:  https://t.co/chDmPocqJx  We did not edit a single word or punctuation.  @OpenAI | #ChatGPT  #breakingnews #artnews #artworld #artmarket #art #artificialintelligence","['What', 'does', 'World', '’', 's', 'Best', 'AI', '‘', 'ChatGPT', '’', 'think', 'about', 'Top', 'Art', ',', 'Antiques', ',', 'and', 'Collectibles', '?', 'We', 'Asked', '!', 'BREAKING', ':', 'https://t.co/chDmPocqJx', 'We', 'did', 'not', 'edit', 'a', 'single', 'word', 'or', 'punctuation', '.', '|', '#ChatGPT', '#breakingnews', '#artnews', '#artworld', '#artmarket', '#art', '#artificialintelligence']"
26,1613319607892475905,1613319607892475904,2023-01-12 07:39:03 Malay Peninsula Standard Time,2023-01-12,07:39:03,1057692519935311872,Do you think #ChatGPT is,en,['chatgpt'],[],Do you think #ChatGPT is,"['Do', 'you', 'think', '#ChatGPT', 'is']"
27,1613319604675256321,1613317947451375616,2023-01-12 07:39:02 Malay Peninsula Standard Time,2023-01-12,07:39:02,2572839071,#ChatGPT  Vs #BlueLivesMatter  https://t.co/DQTEmtV8aR,und,"['chatgpt', 'bluelivesmatter']",[],#ChatGPT  Vs #BlueLivesMatter  https://t.co/DQTEmtV8aR,"['#ChatGPT', 'Vs', '#BlueLivesMatter', 'https://t.co/DQTEmtV8aR']"
28,1613319594537791489,1613061827067363328,2023-01-12 07:39:00 Malay Peninsula Standard Time,2023-01-12,07:39:00,257097577,"@njhochman @kylenabecker If you ask this, #ChatGPT straight out refuses to answer it.  Write an improved version of the Declaration of Independence in modern English.",en,['chatgpt'],"[{'screen_name': 'njhochman', 'name': 'Nate Hochman', 'id': '1144774139896565760'}, {'screen_name': 'kylenabecker', 'name': 'Kyle Becker', 'id': '321954654'}]","@njhochman @kylenabecker If you ask this, #ChatGPT straight out refuses to answer it.  Write an improved version of the Declaration of Independence in modern English.","['If', 'you', 'ask', 'this', ',', '#ChatGPT', 'straight', 'out', 'refuses', 'to', 'answer', 'it', '.', 'Write', 'an', 'improved', 'version', 'of', 'the', 'Declaration', 'of', 'Independence', 'in', 'modern', 'English', '.']"
29,1614049392180473856,1614049392180473856,2023-01-14 07:58:57 Malay Peninsula Standard Time,2023-01-14,07:58:57,333260505,@MicrosoftTeams can you get #ChatGpt built inside Teams app @OpenAI,en,['chatgpt'],[],@MicrosoftTeams can you get #ChatGpt built inside Teams app @OpenAI,"['can', 'you', 'get', '#ChatGpt', 'built', 'inside', 'Teams', 'app']"
30,1614049369120018433,1613990739175784448,2023-01-14 07:58:51 Malay Peninsula Standard Time,2023-01-14,07:58:51,110183557,@RyanJones Thats exactly what i did today. I wanted an excel formula and rather than trawl through google results i went straight to #ChatGPT and asked. It solved my problem quicker than Google ever has. 🤷,en,['chatgpt'],"[{'screen_name': 'RyanJones', 'name': 'Ryan Jones', 'id': '806623'}]",@RyanJones Thats exactly what i did today. I wanted an excel formula and rather than trawl through google results i went straight to #ChatGPT and asked. It solved my problem quicker than Google ever has. 🤷,"['Thats', 'exactly', 'what', 'i', 'did', 'today', '.', 'I', 'wanted', 'an', 'excel', 'formula', 'and', 'rather', 'than', 'trawl', 'through', 'google', 'results', 'i', 'went', 'straight', 'to', '#ChatGPT', 'and', 'asked', '.', 'It', 'solved', 'my', 'problem', 'quicker', 'than', 'Google', 'ever', 'has', '.', '🤷']"
31,1614049166602440704,1614049166602440704,2023-01-14 07:58:03 Malay Peninsula Standard Time,2023-01-14,07:58:03,125273593,I like ChatGPT but it will give you the wrong answers for hours on certain parts of code for NLP in Colab Notes also for Apps Script for Google Slides. Anyone else have areas where it’s mainly giving incorrect answers? #chatgpt #NLP #spacy #appsScript #python,en,"['chatgpt', 'nlp', 'spacy', 'appsscript', 'python']",[],I like ChatGPT but it will give you the wrong answers for hours on certain parts of code for NLP in Colab Notes also for Apps Script for Google Slides. Anyone else have areas where it’s mainly giving incorrect answers? #chatgpt #NLP #spacy #appsScript #python,"['I', 'like', 'ChatGPT', 'but', 'it', 'will', 'give', 'you', 'the', 'wrong', 'answers', 'for', 'hours', 'on', 'certain', 'parts', 'of', 'code', 'for', 'NLP', 'in', 'Colab', 'Notes', 'also', 'for', 'Apps', 'Script', 'for', 'Google', 'Slides', '.', 'Anyone', 'else', 'have', 'areas', 'where', 'it', '’', 's', 'mainly', 'giving', 'incorrect', 'answers', '?', '#chatgpt', '#NLP', '#spacy', '#appsScript', '#python']"
32,1614049018472189952,1614049018472189952,2023-01-14 07:57:28 Malay Peninsula Standard Time,2023-01-14,07:57:28,2168242034,From #ChatGPT et al.  https://t.co/OsX3JdWwbt,en,['chatgpt'],[],From #ChatGPT et al.  https://t.co/OsX3JdWwbt,"['From', '#ChatGPT', 'et', 'al', '.', 'https://t.co/OsX3JdWwbt']"
33,1614048965254676482,1614048965254676480,2023-01-14 07:57:15 Malay Peninsula Standard Time,2023-01-14,07:57:15,3133649815,Describe your podcast as a limerick  As a podcast host I've come to learn the importance of asking the right question if you want a meaningful answer.  I thought I'd see what @OpenAI's #ChatGPT did with a correctly worded prompt.  My 2 shows to start 👇,en,['chatgpt'],[],Describe your podcast as a limerick  As a podcast host I've come to learn the importance of asking the right question if you want a meaningful answer.  I thought I'd see what @OpenAI's #ChatGPT did with a correctly worded prompt.  My 2 shows to start 👇,"['Describe', 'your', 'podcast', 'as', 'a', 'limerick', 'As', 'a', 'podcast', 'host', ""I've"", 'come', 'to', 'learn', 'the', 'importance', 'of', 'asking', 'the', 'right', 'question', 'if', 'you', 'want', 'a', 'meaningful', 'answer', '.', 'I', 'thought', ""I'd"", 'see', 'what', ""'"", 's', '#ChatGPT', 'did', 'with', 'a', 'correctly', 'worded', 'prompt', '.', 'My', '2', 'shows', 'to', 'start', '👇']"
34,1614048880370352133,1613363525493346304,2023-01-14 07:56:55 Malay Peninsula Standard Time,2023-01-14,07:56:55,279331591,"@benjihyam ChatGPT won't be forgotten in 12 months! It stands out for its unique features, privacy, security, and user control. #ChatGPT #OnlineChatroom #PrivacySecurity",en,"['chatgpt', 'onlinechatroom', 'privacysecurity']","[{'screen_name': 'benjihyam', 'name': 'Benji Hyam', 'id': '204988342'}]","@benjihyam ChatGPT won't be forgotten in 12 months! It stands out for its unique features, privacy, security, and user control. #ChatGPT #OnlineChatroom #PrivacySecurity","['ChatGPT', ""won't"", 'be', 'forgotten', 'in', '12', 'months', '!', 'It', 'stands', 'out', 'for', 'its', 'unique', 'features', ',', 'privacy', ',', 'security', ',', 'and', 'user', 'control', '.', '#ChatGPT', '#OnlineChatroom', '#PrivacySecurity']"
35,1614048653357862912,1614048653357862912,2023-01-14 07:56:01 Malay Peninsula Standard Time,2023-01-14,07:56:01,1126321,- Hicimos #CSS - Usamos SVG - Animaciones - TIL border-radius no funciona con grradient  Y usamos #ChatGPT para apoyarnos en el desarrollo.  Gracias a todos los que estuvieron.  ❤️,es,"['css', 'chatgpt']",[],- We did #CSS - We use SVG - Animations - TIL border-radius does not work with grradient And we use #ChatGPT to support ourselves in development.  Thank you to everyone who was there.  ❤️,"['-', 'We', 'did', '#CSS', '-', 'We', 'use', 'SVG', '-', 'Animations', '-', 'TIL', 'border-radius', 'does', 'not', 'work', 'with', 'grradient', 'And', 'we', 'use', '#ChatGPT', 'to', 'support', 'ourselves', 'in', 'development', '.', 'Thank', 'you', 'to', 'everyone', 'who', 'was', 'there', '.', '❤', '️']"
36,1614048560986861568,1614048560986861568,2023-01-14 07:55:39 Malay Peninsula Standard Time,2023-01-14,07:55:39,45269188,"How does AI #ChatGPT combined with immersive environments #secondlife enhance or inhibit experiential #learning about different locale or perspectives (gender, age, economic, language, geography, religion)? Perhaps too controversial and likely massively influenced by the designer  https://t.co/tVXtl6W6wP",en,"['chatgpt', 'secondlife', 'learning']",[],"How does AI #ChatGPT combined with immersive environments #secondlife enhance or inhibit experiential #learning about different locale or perspectives (gender, age, economic, language, geography, religion)? Perhaps too controversial and likely massively influenced by the designer  https://t.co/tVXtl6W6wP","['How', 'does', 'AI', '#ChatGPT', 'combined', 'with', 'immersive', 'environments', '#secondlife', 'enhance', 'or', 'inhibit', 'experiential', '#learning', 'about', 'different', 'locale', 'or', 'perspectives', '(', 'gender', ',', 'age', ',', 'economic', ',', 'language', ',', 'geography', ',', 'religion', ')', '?', 'Perhaps', 'too', 'controversial', 'and', 'likely', 'massively', 'influenced', 'by', 'the', 'designer', 'https://t.co/tVXtl6W6wP']"
37,1614048548676571137,1613728840811151360,2023-01-14 07:55:36 Malay Peninsula Standard Time,2023-01-14,07:55:36,1585992433891803138,@NEWSMAX Her brain is a wonderful thing. It takes 3-4 words and generates so many options into a few sentences. I think #ChatGPT needs to have her brain examined and replicated for their #AI,en,"['chatgpt', 'ai']","[{'screen_name': 'NEWSMAX', 'name': 'NEWSMAX', 'id': '20545835'}]",@NEWSMAX Her brain is a wonderful thing. It takes 3-4 words and generates so many options into a few sentences. I think #ChatGPT needs to have her brain examined and replicated for their #AI,"['Her', 'brain', 'is', 'a', 'wonderful', 'thing', '.', 'It', 'takes', '3-4', 'words', 'and', 'generates', 'so', 'many', 'options', 'into', 'a', 'few', 'sentences', '.', 'I', 'think', '#ChatGPT', 'needs', 'to', 'have', 'her', 'brain', 'examined', 'and', 'replicated', 'for', 'their', '#AI']"
38,1614048063789703170,1614048063789703168,2023-01-14 07:53:40 Malay Peninsula Standard Time,2023-01-14,07:53:40,1379784973,We can have #ChatGPT write a thoughtful business plan followed immediately by a moving sonnet about cabbage but yet science still hasn’t figured out a better seal for a gallon of milk?  🤔,en,['chatgpt'],[],We can have #ChatGPT write a thoughtful business plan followed immediately by a moving sonnet about cabbage but yet science still hasn’t figured out a better seal for a gallon of milk?  🤔,"['We', 'can', 'have', '#ChatGPT', 'write', 'a', 'thoughtful', 'business', 'plan', 'followed', 'immediately', 'by', 'a', 'moving', 'sonnet', 'about', 'cabbage', 'but', 'yet', 'science', 'still', 'hasn', '’', 't', 'figured', 'out', 'a', 'better', 'seal', 'for', 'a', 'gallon', 'of', 'milk', '?', '🤔']"
39,1614048012757602308,1613590351775952896,2023-01-14 07:53:28 Malay Peninsula Standard Time,2023-01-14,07:53:28,14598063,"@allenholub There's people who want #ChatGPT to write in Danks, or Afrikaans, or French or Italian.   The world is big and has a lot languages and countries.  https://t.co/romWVv50Pz",en,['chatgpt'],"[{'screen_name': 'allenholub', 'name': 'Allen Holub @allenholub@mstdn.social', 'id': '21375846'}]","@allenholub There's people who want #ChatGPT to write in Danks, or Afrikaans, or French or Italian.   The world is big and has a lot languages and countries.  https://t.co/romWVv50Pz","[""There's"", 'people', 'who', 'want', '#ChatGPT', 'to', 'write', 'in', 'Danks', ',', 'or', 'Afrikaans', ',', 'or', 'French', 'or', 'Italian', '.', 'The', 'world', 'is', 'big', 'and', 'has', 'a', 'lot', 'languages', 'and', 'countries', '.', 'https://t.co/romWVv50Pz']"
40,1614047970625990656,1614047970625990656,2023-01-14 07:53:18 Malay Peninsula Standard Time,2023-01-14,07:53:18,1497634770330730498,"Looking to make your #trainingprogram more fun &amp; engaging. #chatGPT is full of ideas   Icebreakers, team building activities, even basic training agendas…you name it they got it. Here is one I can’t wait to try 👇",en,"['trainingprogram', 'chatgpt']",[],"Looking to make your #trainingprogram more fun &amp; engaging. #chatGPT is full of ideas   Icebreakers, team building activities, even basic training agendas…you name it they got it. Here is one I can’t wait to try 👇","['Looking', 'to', 'make', 'your', '#trainingprogram', 'more', 'fun', '&', 'engaging', '.', '#chatGPT', 'is', 'full', 'of', 'ideas', 'Icebreakers', ',', 'team', 'building', 'activities', ',', 'even', 'basic', 'training', 'agendas', '…', 'you', 'name', 'it', 'they', 'got', 'it', '.', 'Here', 'is', 'one', 'I', 'can', '’', 't', 'wait', 'to', 'try', '👇']"
41,1614047654010552320,1614047654010552320,2023-01-14 07:52:02 Malay Peninsula Standard Time,2023-01-14,07:52:02,1167839853184258049,#OpenAI #Technology #ChatGPT ChatGPT Has Investors Drooling—but Can It Bring Home the Bacon?: The loquacious bot has Microsoft ready to sink a reported $10 billion into OpenAI. It’s unclear what products can be built on the technology. When …  https://t.co/2Fj8gsTYO1,en,"['openai', 'technology', 'chatgpt']",[],#OpenAI #Technology #ChatGPT ChatGPT Has Investors Drooling—but Can It Bring Home the Bacon?: The loquacious bot has Microsoft ready to sink a reported $10 billion into OpenAI. It’s unclear what products can be built on the technology. When …  https://t.co/2Fj8gsTYO1,"['#OpenAI', '#Technology', '#ChatGPT', 'ChatGPT', 'Has', 'Investors', 'Drooling', '—', 'but', 'Can', 'It', 'Bring', 'Home', 'the', 'Bacon', '?', ':', 'The', 'loquacious', 'bot', 'has', 'Microsoft', 'ready', 'to', 'sink', 'a', 'reported', '$', '10', 'billion', 'into', 'OpenAI', '.', 'It', '’', 's', 'unclear', 'what', 'products', 'can', 'be', 'built', 'on', 'the', 'technology', '.', 'When', '…', 'https://t.co/2Fj8gsTYO1']"
42,1614047617847291905,1614047617847291904,2023-01-14 07:51:54 Malay Peninsula Standard Time,2023-01-14,07:51:54,1611608336604213249,Something a little different for ViralStar today. Chatgpt play. #chatGPT #starwars #DarthVader  https://t.co/LzF3d4rYus,en,"['chatgpt', 'starwars', 'darthvader']",[],Something a little different for ViralStar today. Chatgpt play. #chatGPT #starwars #DarthVader  https://t.co/LzF3d4rYus,"['Something', 'a', 'little', 'different', 'for', 'ViralStar', 'today', '.', 'Chatgpt', 'play', '.', '#chatGPT', '#starwars', '#DarthVader', 'https://t.co/LzF3d4rYus']"
43,1614047591360266240,1614047591360266240,2023-01-14 07:51:47 Malay Peninsula Standard Time,2023-01-14,07:51:47,5798072,大阪人には到達していないらしい #ChatGPT  https://t.co/xLXAFxZwNa,ja,['chatgpt'],[],It doesn't seem to reach Osaka#ChatGPT https://t.co/xLXAFxZwNa,"['It', ""doesn't"", 'seem', 'to', 'reach', 'Osaka', '#ChatGPT', 'https://t.co/xLXAFxZwNa']"
44,1614047554320338945,1614047554320338944,2023-01-14 07:51:39 Malay Peninsula Standard Time,2023-01-14,07:51:39,8564032,"Want to know how #ChatGPT is affecting the #digitalmarketing industry? Check out our latest post for insights from industry experts on SEO, job displacement, and more. #AI #chatgpt    https://t.co/0wgg8gmuLP",en,"['chatgpt', 'digitalmarketing', 'ai', 'chatgpt']",[],"Want to know how #ChatGPT is affecting the #digitalmarketing industry? Check out our latest post for insights from industry experts on SEO, job displacement, and more. #AI #chatgpt    https://t.co/0wgg8gmuLP","['Want', 'to', 'know', 'how', '#ChatGPT', 'is', 'affecting', 'the', '#digitalmarketing', 'industry', '?', 'Check', 'out', 'our', 'latest', 'post', 'for', 'insights', 'from', 'industry', 'experts', 'on', 'SEO', ',', 'job', 'displacement', ',', 'and', 'more', '.', '#AI', '#chatgpt', 'https://t.co/0wgg8gmuLP']"
45,1614047473147813889,1613930079943360512,2023-01-14 07:51:19 Malay Peninsula Standard Time,2023-01-14,07:51:19,57648451,@eliana_esq @Grammarly @HemingwayApp I do ask #ChatGPT to “please” rephrase for a 12-year-old to understand — and those documents are for lawyers and financiers 😆🤣,en,['chatgpt'],"[{'screen_name': 'eliana_esq', 'name': 'Eli🎀⚖️.eth (Eliana)', 'id': '42565382'}, {'screen_name': 'Grammarly', 'name': 'Grammarly', 'id': '47191725'}, {'screen_name': 'HemingwayApp', 'name': 'Hemingway App', 'id': '1674794905'}]",@eliana_esq @Grammarly @HemingwayApp I do ask #ChatGPT to “please” rephrase for a 12-year-old to understand — and those documents are for lawyers and financiers 😆🤣,"['I', 'do', 'ask', '#ChatGPT', 'to', '“', 'please', '”', 'rephrase', 'for', 'a', '12', '-', 'year-old', 'to', 'understand', '—', 'and', 'those', 'documents', 'are', 'for', 'lawyers', 'and', 'financiers', '😆', '🤣']"
46,1614047159782973441,1614046588120305664,2023-01-14 07:50:05 Malay Peninsula Standard Time,2023-01-14,07:50:05,1479250281640587265,5.-  https://t.co/amZY6ZihmW  Get a great copy that sells.  https://t.co/rhOcPZf2dh is an Al-powered copywriter that generates high-quality copy for your business.  Save this post for later.  #google #chatgpt #business #ai #design #people #brand #resume #logo #music,en,"['google', 'chatgpt', 'business', 'ai', 'design', 'people', 'brand', 'resume', 'logo', 'music']",[],5.-  https://t.co/amZY6ZihmW  Get a great copy that sells.  https://t.co/rhOcPZf2dh is an Al-powered copywriter that generates high-quality copy for your business.  Save this post for later.  #google #chatgpt #business #ai #design #people #brand #resume #logo #music,"['5', '.', '-', 'https://t.co/amZY6ZihmW', 'Get', 'a', 'great', 'copy', 'that', 'sells', '.', 'https://t.co/rhOcPZf2dh', 'is', 'an', 'Al-powered', 'copywriter', 'that', 'generates', 'high-quality', 'copy', 'for', 'your', 'business', '.', 'Save', 'this', 'post', 'for', 'later', '.', '#google', '#chatgpt', '#business', '#ai', '#design', '#people', '#brand', '#resume', '#logo', '#music']"
47,1614047113456787457,1614047113456787456,2023-01-14 07:49:54 Malay Peninsula Standard Time,2023-01-14,07:49:54,1060462152,Do you think one day you will lose your job to #chatgpt?,en,['chatgpt'],[],Do you think one day you will lose your job to #chatgpt?,"['Do', 'you', 'think', 'one', 'day', 'you', 'will', 'lose', 'your', 'job', 'to', '#chatgpt', '?']"
48,1614047038462623745,1614047038462623744,2023-01-14 07:49:36 Malay Peninsula Standard Time,2023-01-14,07:49:36,21379869,How about using @OpenAI #ChatGPT as part of elevated @CommunityNotes on @Twitter to fact-check and add additional perspectives instantaneously! cc @elonmusk,en,['chatgpt'],[],How about using @OpenAI #ChatGPT as part of elevated @CommunityNotes on @Twitter to fact-check and add additional perspectives instantaneously! cc @elonmusk,"['How', 'about', 'using', '#ChatGPT', 'as', 'part', 'of', 'elevated', 'on', 'to', 'fact-check', 'and', 'add', 'additional', 'perspectives', 'instantaneously', '!', 'cc']"
49,1614046991482523648,1614046991482523648,2023-01-14 07:49:24 Malay Peninsula Standard Time,2023-01-14,07:49:24,46726501,"In today's ""Making Lemonade out of Cyber Lemons""  A group in my #filmmaking action team decided their next #Filmchallenge would be asking #ChatGpt to write a short, comic screenplay based on a few inputed criteria and then filming whatever was generated! ... I'll keep you posted!",en,"['filmmaking', 'filmchallenge', 'chatgpt']",[],"In today's ""Making Lemonade out of Cyber Lemons""  A group in my #filmmaking action team decided their next #Filmchallenge would be asking #ChatGpt to write a short, comic screenplay based on a few inputed criteria and then filming whatever was generated! ... I'll keep you posted!","['In', ""today's"", '""', 'Making', 'Lemonade', 'out', 'of', 'Cyber', 'Lemons', '""', 'A', 'group', 'in', 'my', '#filmmaking', 'action', 'team', 'decided', 'their', 'next', '#Filmchallenge', 'would', 'be', 'asking', '#ChatGpt', 'to', 'write', 'a', 'short', ',', 'comic', 'screenplay', 'based', 'on', 'a', 'few', 'inputed', 'criteria', 'and', 'then', 'filming', 'whatever', 'was', 'generated', '!', '...', ""I'll"", 'keep', 'you', 'posted', '!']"
50,1614046745800970240,1613710566530449408,2023-01-14 07:48:26 Malay Peninsula Standard Time,2023-01-14,07:48:26,1032379771487965184,@RepRiggleman C. None of the above. The documents were created by #chatgpt,en,['chatgpt'],"[{'screen_name': 'RepRiggleman', 'name': 'Denver Riggleman', 'id': '1080504024695222273'}]",@RepRiggleman C. None of the above. The documents were created by #chatgpt,"['C', '.', 'None', 'of', 'the', 'above', '.', 'The', 'documents', 'were', 'created', 'by', '#chatgpt']"
51,1614046682198450176,1614046682198450176,2023-01-14 07:48:11 Malay Peninsula Standard Time,2023-01-14,07:48:11,1323091067546324992,"L'IA fait des progrès significatifs chaque jour et démontre sa puissance. Pour comprendre les capacités d'une IA performante, il n'est pas nécessaire... #application #ChatGPT Lire la suite ⬇️   https://t.co/wVcM5aB8Wf",fr,"['application', 'chatgpt']",[],"AI is making significant progress every day and demonstrating its power. To understand the capabilities of high-performance AI, it is not necessary... #application #ChatGPT Read More ⬇️ https://t.co/wVcM5aB8Wf","['AI', 'is', 'making', 'significant', 'progress', 'every', 'day', 'and', 'demonstrating', 'its', 'power', '.', 'To', 'understand', 'the', 'capabilities', 'of', 'high-performance', 'AI', ',', 'it', 'is', 'not', 'necessary', '...', '#application', '#ChatGPT', 'Read', 'More', '⬇', '️', 'https://t.co/wVcM5aB8Wf']"
52,1614046645905403905,1614046645905403904,2023-01-14 07:48:02 Malay Peninsula Standard Time,2023-01-14,07:48:02,1606521960636317698,Reddit: ChatGPT is getting more censored. Can you detect the bias?  https://t.co/v3j5oCBQPj #ChatGPT,en,['chatgpt'],[],Reddit: ChatGPT is getting more censored. Can you detect the bias?  https://t.co/v3j5oCBQPj #ChatGPT,"['Reddit', ':', 'ChatGPT', 'is', 'getting', 'more', 'censored', '.', 'Can', 'you', 'detect', 'the', 'bias', '?', 'https://t.co/v3j5oCBQPj', '#ChatGPT']"
53,1614046443781644288,1614046443781644288,2023-01-14 07:47:14 Malay Peninsula Standard Time,2023-01-14,07:47:14,99820372,It's Friday night and I'm still coding away using #ChatGPT.  I think I found a good prompt to start my next #SEO project.  https://t.co/b4fxtLCu5O,en,"['chatgpt', 'seo']",[],It's Friday night and I'm still coding away using #ChatGPT.  I think I found a good prompt to start my next #SEO project.  https://t.co/b4fxtLCu5O,"[""It's"", 'Friday', 'night', 'and', ""I'm"", 'still', 'coding', 'away', 'using', '#ChatGPT', '.', 'I', 'think', 'I', 'found', 'a', 'good', 'prompt', 'to', 'start', 'my', 'next', '#SEO', 'project', '.', 'https://t.co/b4fxtLCu5O']"
54,1614046323400916993,1614046323400916992,2023-01-14 07:46:45 Malay Peninsula Standard Time,2023-01-14,07:46:45,1360037290626678784,"Top du Top 200 cette semaine ! 💪❤️‍🔥   👉 #AGIX 220% 👉 #Locus 104% 👉 #FET 87% 👉 #ANY 48%  👉 #MAGIC 42%  #ChatGPT a influencé les pump, tombez pas dans le piège du #FOMO.  https://t.co/fgJyjcwcdZ",fr,"['agix', 'locus', 'fet', 'any', 'magic', 'chatgpt', 'fomo']",[],"Top of the Top 200 this week! #AGIX 220% #Locus 104% #FET 87% #ANY 48% #MAGIC 42% 👉 👉 👉 👉 #ChatGPT influenced the pumps, do not fall into the trap of #FOMO. 💪❤️ 🔥 👉  https://t.co/fgJyjcwcdZ","['Top', 'of', 'the', 'Top', '200', 'this', 'week', '!', '#AGIX', '220', '%', '#Locus', '104', '%', '#FET', '87', '%', '#ANY', '48', '%', '#MAGIC', '42', '%', '👉', '👉', '👉', '👉', '#ChatGPT', 'influenced', 'the', 'pumps', ',', 'do', 'not', 'fall', 'into', 'the', 'trap', 'of', '#FOMO', '.', '💪', '❤', '️', '🔥', '👉', 'https://t.co/fgJyjcwcdZ']"
55,1614046142387425280,1614046142387425280,2023-01-14 07:46:02 Malay Peninsula Standard Time,2023-01-14,07:46:02,949957440, https://t.co/OFNjgDXS2x  #chatgptalternatives #chatgptconsultant #howtousechatgpt #chatgptforgoogle #chatgpt  #chatgptessay #softwarelocalizationchatgpt #chatgptalternatives #nowsiteGPT2.0 #nowsite2.0  https://t.co/67dXFYVFwh,und,"['chatgptalternatives', 'chatgptconsultant', 'howtousechatgpt', 'chatgptforgoogle', 'chatgpt', 'chatgptessay', 'softwarelocalizationchatgpt', 'chatgptalternatives', 'nowsitegpt2', 'nowsite2']",[],https://t.co/OFNjgDXS2x  #chatgptalternatives #chatgptconsultant #howtousechatgpt #chatgptforgoogle #chatgpt  #chatgptessay #softwarelocalizationchatgpt #chatgptalternatives #nowsiteGPT2.0 #nowsite2.0  https://t.co/67dXFYVFwh,"['https://t.co/OFNjgDXS2x', '#chatgptalternatives', '#chatgptconsultant', '#howtousechatgpt', '#chatgptforgoogle', '#chatgpt', '#chatgptessay', '#softwarelocalizationchatgpt', '#chatgptalternatives', '#nowsiteGPT2', '.', '0', '#nowsite2', '.', '0', 'https://t.co/67dXFYVFwh']"
56,1614045866515656704,1614045866515656704,2023-01-14 07:44:56 Malay Peninsula Standard Time,2023-01-14,07:44:56,62218991,"#chatGPT asking Qs everywhere!!  ""If scientists can’t determine if research is true, there could be “dire consequences”. If institutions choose to allow use of technology in certain cases, they should establish clear rules around disclosure."" #abstracts  https://t.co/V8QDDtV79b",en,"['chatgpt', 'abstracts']",[],"#chatGPT asking Qs everywhere!!  ""If scientists can’t determine if research is true, there could be “dire consequences”. If institutions choose to allow use of technology in certain cases, they should establish clear rules around disclosure."" #abstracts  https://t.co/V8QDDtV79b","['#chatGPT', 'asking', 'Qs', 'everywhere', '!', '!', '""', 'If', 'scientists', 'can', '’', 't', 'determine', 'if', 'research', 'is', 'true', ',', 'there', 'could', 'be', '“', 'dire', 'consequences', '”', '.', 'If', 'institutions', 'choose', 'to', 'allow', 'use', 'of', 'technology', 'in', 'certain', 'cases', ',', 'they', 'should', 'establish', 'clear', 'rules', 'around', 'disclosure', '.', '""', '#abstracts', 'https://t.co/V8QDDtV79b']"
57,1614045863323783168,1613687624870526976,2023-01-14 07:44:55 Malay Peninsula Standard Time,2023-01-14,07:44:55,15002147,こちらのvoicyで #chatGPT の注意点を補足してます。情報セキュリティの問題や文字数上限など、まだいくつか利用上の制約があるのでご注意を。ただ、工夫次第でかなり既存のタスクをラクにできるので、楽しく試行錯誤していきましょう。   https://t.co/QZmOtmX2ir,ja,['chatgpt'],[],"This voicy supplements the notes of #chatGPT. Please note that there are still some restrictions on use, such as information security issues and character limit. However, depending on your ingenuity, you can make existing tasks quite easy, so let's have fun and go through trial and error.   https://t.co/QZmOtmX2ir","['This', 'voicy', 'supplements', 'the', 'notes', 'of', '#chatGPT', '.', 'Please', 'note', 'that', 'there', 'are', 'still', 'some', 'restrictions', 'on', 'use', ',', 'such', 'as', 'information', 'security', 'issues', 'and', 'character', 'limit', '.', 'However', ',', 'depending', 'on', 'your', 'ingenuity', ',', 'you', 'can', 'make', 'existing', 'tasks', 'quite', 'easy', ',', 'so', ""let's"", 'have', 'fun', 'and', 'go', 'through', 'trial', 'and', 'error', '.', 'https://t.co/QZmOtmX2ir']"
58,1614045795971375104,1614045795971375104,2023-01-14 07:44:39 Malay Peninsula Standard Time,2023-01-14,07:44:39,32597733,Y’all can’t keep nothing lowkey!!#ChatGPT this #ChatGPT that. Now the server has been at capacity for like a week 🤦🏿‍♂️,en,"['chatgpt', 'chatgpt']",[],Y’all can’t keep nothing lowkey!!#ChatGPT this #ChatGPT that. Now the server has been at capacity for like a week 🤦🏿‍♂️,"['Y', '’', 'all', 'can', '’', 't', 'keep', 'nothing', 'lowkey', '!', '!', '#ChatGPT', 'this', '#ChatGPT', 'that', '.', 'Now', 'the', 'server', 'has', 'been', 'at', 'capacity', 'for', 'like', 'a', 'week', '🤦🏿\u200d♂', '️']"
59,1614045732301938690,1614045732301938688,2023-01-14 07:44:24 Malay Peninsula Standard Time,2023-01-14,07:44:24,20232684,"Mein Projekt, #LLM (Large Language Models wie #chatGPT) in den Griff zu bekommen: Die befriedigendsten Beschreibungen habe ich in den Texten von @hannesbajohr gefunden, die muss ich jetzt extrahieren &amp; bündeln. (Das kommt sicher nie vor in den unzähligen KI-Kompetenz-Schulungen.)",de,"['llm', 'chatgpt']",[],"My project to get #LLM (Large Language Models like #chatGPT) under control: I found the most satisfying descriptions in the texts of @hannesbajohr, which I now have to extract &amp; bundle. (This certainly never happens in the countless AI competence trainings.)","['My', 'project', 'to', 'get', '#LLM', '(', 'Large', 'Language', 'Models', 'like', '#chatGPT', ')', 'under', 'control', ':', 'I', 'found', 'the', 'most', 'satisfying', 'descriptions', 'in', 'the', 'texts', 'of', ',', 'which', 'I', 'now', 'have', 'to', 'extract', '&', 'bundle', '.', '(', 'This', 'certainly', 'never', 'happens', 'in', 'the', 'countless', 'AI', 'competence', 'trainings', '.', ')']"
