id,conversation_id,created_at,date,time,user_id,tweet,language,hashtags,reply_to,translated_text,tokenized_text
1624915630150520832,1624834929467990016,2023-02-13 07:37:30 Malay Peninsula Standard Time,2023-02-13,07:37:30,1589729047785136128,@MikhailaFuller @jordanbpeterson It may be the end of ChatGPT before it begins if nobody trusts it.,en,[],"[{'screen_name': 'MikhailaFuller', 'name': 'Mikhaila Peterson', 'id': '874904274'}, {'screen_name': 'jordanbpeterson', 'name': 'Dr Jordan B Peterson', 'id': '95092020'}]",@MikhailaFuller @jordanbpeterson It may be the end of ChatGPT before it begins if nobody trusts it.,"['It', 'may', 'be', 'the', 'end', 'of', 'ChatGPT', 'before', 'it', 'begins', 'if', 'nobody', 'trusts', 'it', '.']"
1624915606989586432,1624915606989586432,2023-02-13 07:37:24 Malay Peninsula Standard Time,2023-02-13,07:37:24,1624676935652769792,Overrated ChatGPT🤣,en,[],[],Overrated ChatGPT🤣,"['Overrated', 'ChatGPT', '🤣']"
1624915597694836736,1624915597694836736,2023-02-13 07:37:22 Malay Peninsula Standard Time,2023-02-13,07:37:22,511977831,"Hey ChatGPT, how did Pat Tillman die?",en,[],[],"Hey ChatGPT, how did Pat Tillman die?","['Hey', 'ChatGPT', ',', 'how', 'did', 'Pat', 'Tillman', 'die', '?']"
1624915590547742723,1624908141828661248,2023-02-13 07:37:20 Malay Peninsula Standard Time,2023-02-13,07:37:20,250921373,"Mesmo exatas, esse dias eu pedi (inclusive postei aqui) que o ChatGPT provasse que a raiz quadrada de 2 é um número irracional e ele conseguiu ERRAR a prova na primeira tentativa.",pt,[],[],"Even exact, this day I asked (I even posted here) that ChatGPT prove that the square root of 2 is an irrational number and he managed to MISS the proof on the first try.","['Even', 'exact', ',', 'this', 'day', 'I', 'asked', '(', 'I', 'even', 'posted', 'here', ')', 'that', 'ChatGPT', 'prove', 'that', 'the', 'square', 'root', 'of', '2', 'is', 'an', 'irrational', 'number', 'and', 'he', 'managed', 'to', 'MISS', 'the', 'proof', 'on', 'the', 'first', 'try', '.']"
1624915564144500738,1624910545228013568,2023-02-13 07:37:14 Malay Peninsula Standard Time,2023-02-13,07:37:14,4882491849,"@bindureddy Are you hiring Abacusai? Would join your team for sure. People are hyping ChatGpt but the stuff your team is working on, is innovative and can change/impact so much.  Where can I apply?",en,[],"[{'screen_name': 'bindureddy', 'name': 'Bindu Reddy 🔥❤️', 'id': '6398252'}]","@bindureddy Are you hiring Abacusai? Would join your team for sure. People are hyping ChatGpt but the stuff your team is working on, is innovative and can change/impact so much.  Where can I apply?","['Are', 'you', 'hiring', 'Abacusai', '?', 'Would', 'join', 'your', 'team', 'for', 'sure', '.', 'People', 'are', 'hyping', 'ChatGpt', 'but', 'the', 'stuff', 'your', 'team', 'is', 'working', 'on', ',', 'is', 'innovative', 'and', 'can', 'change', '/', 'impact', 'so', 'much', '.', 'Where', 'can', 'I', 'apply', '?']"
1624915563452731392,1624915563452731392,2023-02-13 07:37:14 Malay Peninsula Standard Time,2023-02-13,07:37:14,581895905,Chatgptに人生相談したら綺麗事しか言わなくて「お前もか..」ってなった,ja,[],[],"When I consulted with Chatgpt about life, he only said beautiful things and said, ""You too..."" I became","['When', 'I', 'consulted', 'with', 'Chatgpt', 'about', 'life', ',', 'he', 'only', 'said', 'beautiful', 'things', 'and', 'said', ',', '""', 'You', 'too', '...', '""', 'I', 'became']"
1624915537901031424,1624915537901031424,2023-02-13 07:37:08 Malay Peninsula Standard Time,2023-02-13,07:37:08,1198669215898537984,ChatGPTは、URLの読み込みができるようになると、上位サイトの共通点や見出しの一括抽出などできること増えそう。,ja,[],[],"If ChatGPT can read URLs, it will be able to extract the commonalities of top sites and headings in bulk.","['If', 'ChatGPT', 'can', 'read', 'URLs', ',', 'it', 'will', 'be', 'able', 'to', 'extract', 'the', 'commonalities', 'of', 'top', 'sites', 'and', 'headings', 'in', 'bulk', '.']"
1624915537259102211,1624463795362963456,2023-02-13 07:37:08 Malay Peninsula Standard Time,2023-02-13,07:37:08,14993649,"@_wheatweet This such a shallow take. ChatGPT is capable of understanding a complex original setting never seen before &amp; doing its best to work inside it.  In short, interpolation alone can't explain many of its behaviors &amp; capabilities. There has to be a form of extrapolation.",en,[],"[{'screen_name': '_wheatweet', 'name': 'dane', 'id': '977913073569816576'}]","@_wheatweet This such a shallow take. ChatGPT is capable of understanding a complex original setting never seen before &amp; doing its best to work inside it.  In short, interpolation alone can't explain many of its behaviors &amp; capabilities. There has to be a form of extrapolation.","['This', 'such', 'a', 'shallow', 'take', '.', 'ChatGPT', 'is', 'capable', 'of', 'understanding', 'a', 'complex', 'original', 'setting', 'never', 'seen', 'before', '&', 'doing', 'its', 'best', 'to', 'work', 'inside', 'it', '.', 'In', 'short', ',', 'interpolation', 'alone', ""can't"", 'explain', 'many', 'of', 'its', 'behaviors', '&', 'capabilities', '.', 'There', 'has', 'to', 'be', 'a', 'form', 'of', 'extrapolation', '.']"
1624915527352057859,1624915527352057856,2023-02-13 07:37:05 Malay Peninsula Standard Time,2023-02-13,07:37:05,1484112393361891328,Chat GPT on set point theory  https://t.co/yPo4Skyu8v,en,[],[],Chat GPT on set point theory  https://t.co/yPo4Skyu8v,"['Chat', 'GPT', 'on', 'set', 'point', 'theory', 'https://t.co/yPo4Skyu8v']"
1624915515218202624,1624915515218202624,2023-02-13 07:37:02 Malay Peninsula Standard Time,2023-02-13,07:37:02,1481660962239557632,独家丨拿到ChatGPT版Bing搜索的内测后，我觉得所有大厂都该慌了。  https://t.co/kbVXUNmV5r,zh,[],[],"Exclusive丨After getting the closed test of ChatGPT version of Bing search, I think all the big manufacturers should panic.  https://t.co/kbVXUNmV5r","['Exclusive丨After', 'getting', 'the', 'closed', 'test', 'of', 'ChatGPT', 'version', 'of', 'Bing', 'search', ',', 'I', 'think', 'all', 'the', 'big', 'manufacturers', 'should', 'panic', '.', 'https://t.co/kbVXUNmV5r']"
1624915513393704961,1624722510481887232,2023-02-13 07:37:02 Malay Peninsula Standard Time,2023-02-13,07:37:02,975720686432927745,@8713_manapen wwwww ChatGPT:｢お主には、まだChatGPTは早すぎる、精進せぇ、、、、｣  こんなAIは嫌だ,ja,[],"[{'screen_name': '8713_manapen', 'name': 'まなぺん', 'id': '1673160206'}]","@8713_manapen wwwww ChatGPT: ""Mainly ChatGPT is still too early, 、、、、 you have to work hard"" I hate AI like this","['www', 'ChatGPT', ':', '""', 'Mainly', 'ChatGPT', 'is', 'still', 'too', 'early', ',', '、', '、', '、', 'you', 'have', 'to', 'work', 'hard', '""', 'I', 'hate', 'AI', 'like', 'this']"
1624915507655712770,1624767235217563648,2023-02-13 07:37:01 Malay Peninsula Standard Time,2023-02-13,07:37:01,1332311360378728448,@gcomeaudotcom @RadioCanadaInfo Impresionnant ce que Chat GPT peut sortir.  J'ai posé des question en lien avec McKinsey; Impressant!,fr,[],"[{'screen_name': 'gcomeaudotcom', 'name': 'Guillaume Comeau', 'id': '1339278818'}, {'screen_name': 'RadioCanadaInfo', 'name': 'Radio-Canada Info', 'id': '15836703'}]",@gcomeaudotcom @RadioCanadaInfo Impresioning what GPT Chat can release.  I asked questions related to McKinsey; Impressive!,"['Impresioning', 'what', 'GPT', 'Chat', 'can', 'release', '.', 'I', 'asked', 'questions', 'related', 'to', 'McKinsey', ';', 'Impressive', '!']"
1624915504153477122,1624915504153477120,2023-02-13 07:37:00 Malay Peninsula Standard Time,2023-02-13,07:37:00,222948307,What Is ChatGPT &amp; How It Works  https://t.co/puN0OwWYXb,en,[],[],What Is ChatGPT &amp; How It Works  https://t.co/puN0OwWYXb,"['What', 'Is', 'ChatGPT', '&', 'How', 'It', 'Works', 'https://t.co/puN0OwWYXb']"
1624915492283744256,1624892585893564416,2023-02-13 07:36:57 Malay Peninsula Standard Time,2023-02-13,07:36:57,1037661744590548993,@hukinorin chatGPT、思想を語らせて「ここが間違い、ハイ西洋中心主義」ってのをやって遊んでいます。,ja,[],"[{'screen_name': 'hukinorin', 'name': 'ふきのりん', 'id': '1002211284488634368'}]","@hukinorin chatGPT, I'm playing with ""this is a mistake, high Western-centrism"" by letting people talk about their ideas.","['chatGPT', ',', ""I'm"", 'playing', 'with', '""', 'this', 'is', 'a', 'mistake', ',', 'high', 'Western-centrism', '""', 'by', 'letting', 'people', 'talk', 'about', 'their', 'ideas', '.']"
1624915492149288961,1624903817174081536,2023-02-13 07:36:57 Malay Peninsula Standard Time,2023-02-13,07:36:57,1464102164905738240,"@VPetrik27 @sfdxpro Solo busca chat gpt open AI, y el primer link es la pag oficial de los creadores de chat gpt, y dale al boton que dice ""try chatgpt"" o ""prueba chatgpt"" ahi ya te logeas y te manda al chat.",es,[],"[{'screen_name': 'VPetrik27', 'name': 'VPetrik 27', 'id': '1623348287150366722'}, {'screen_name': 'sfdxpro', 'name': 'SfdxShow \uea00💿', 'id': '2959109789'}]","@VPetrik27 @sfdxpro Just look for gpt chat open AI, and the first link is the official page of the creators of gpt chat, and hit the button that says ""try chatgpt"" or ""try chatgpt"" there you log in and send you to the chat.","['Just', 'look', 'for', 'gpt', 'chat', 'open', 'AI', ',', 'and', 'the', 'first', 'link', 'is', 'the', 'official', 'page', 'of', 'the', 'creators', 'of', 'gpt', 'chat', ',', 'and', 'hit', 'the', 'button', 'that', 'says', '""', 'try', 'chatgpt', '""', 'or', '""', 'try', 'chatgpt', '""', 'there', 'you', 'log', 'in', 'and', 'send', 'you', 'to', 'the', 'chat', '.']"
1624915469630316544,1624915469630316544,2023-02-13 07:36:52 Malay Peninsula Standard Time,2023-02-13,07:36:52,304732058,CHATGPT試してみた 、、、使えるんかなコレ。。(･_･;  https://t.co/qbuIpcRTwg,ja,[],[],I tried CHATGPT 、、、 wonder if it can be used. (･_･;  https://t.co/qbuIpcRTwg,"['I', 'tried', 'CHATGPT', '、', '、', '、', 'wonder', 'if', 'it', 'can', 'be', 'used', '.', '(', '･', '_', '･', ';', 'https://t.co/qbuIpcRTwg']"
1624915465796739072,1624915465796739072,2023-02-13 07:36:51 Malay Peninsula Standard Time,2023-02-13,07:36:51,1222048407771996160,对当下流行的 ChatGPT 我看很多人还只把它当作一个玩具，乐此不疲的和它进行着“图灵测试”式对话。赞否两论，它更是一款生产力极大的工具。代写代码、制作小游戏/token/NFT、（加密币）交易机器人等等使用场景非常多。 我也想多花些时间学习和体验，思考如何将其融入现有产品。  https://t.co/EMWhEswJgm,zh,[],[],"I see that many people still treat it as a toy and have a ""Turing test"" style conversation with it. Like it or not, it's a very productive tool. There are many use cases such as ghostwriting code, making mini-games/tokens/NFTs, (cryptocurrency) trading bots, etc. I also want to spend more time learning and experiencing how to incorporate it into existing products.  https://t.co/EMWhEswJgm","['I', 'see', 'that', 'many', 'people', 'still', 'treat', 'it', 'as', 'a', 'toy', 'and', 'have', 'a', '""', 'Turing', 'test', '""', 'style', 'conversation', 'with', 'it', '.', 'Like', 'it', 'or', 'not', ',', ""it's"", 'a', 'very', 'productive', 'tool', '.', 'There', 'are', 'many', 'use', 'cases', 'such', 'as', 'ghostwriting', 'code', ',', 'making', 'mini-games', '/', 'tokens', '/', 'NFTs', ',', '(', 'cryptocurrency', ')', 'trading', 'bots', ',', 'etc', '.', 'I', 'also', 'want', 'to', 'spend', 'more', 'time', 'learning', 'and', 'experiencing', 'how', 'to', 'incorporate', 'it', 'into', 'existing', 'products', '.', 'https://t.co/EMWhEswJgm']"
1624915462718132224,1624915462718132224,2023-02-13 07:36:50 Malay Peninsula Standard Time,2023-02-13,07:36:50,631124865,本日のおやつはChatGPTに提案してもらうことにした。  レシピを教えてもらうには、料理の原料理国の言語で訊いたほうがよさそう。  日本語のほうは英語で収集した材料テキストから自動翻訳した結果を要約（←しないほうがいいのに！）しているみたい  https://t.co/frmB1sFdfY,ja,[],[],"For today's snack, I decided to ask ChatGPT to suggest it.  To get a recipe, it would be better to ask in the language of the country where the dish originated.  Japanese summarizes (← summarizes the results of automatic translation from material texts collected in English!). Seems to be doing https://t.co/frmB1sFdfY","['For', ""today's"", 'snack', ',', 'I', 'decided', 'to', 'ask', 'ChatGPT', 'to', 'suggest', 'it', '.', 'To', 'get', 'a', 'recipe', ',', 'it', 'would', 'be', 'better', 'to', 'ask', 'in', 'the', 'language', 'of', 'the', 'country', 'where', 'the', 'dish', 'originated', '.', 'Japanese', 'summarizes', '(', '←', 'summarizes', 'the', 'results', 'of', 'automatic', 'translation', 'from', 'material', 'texts', 'collected', 'in', 'English', '!', ')', '.', 'Seems', 'to', 'be', 'doing', 'https://t.co/frmB1sFdfY']"
1624915449438666753,1624915449438666752,2023-02-13 07:36:47 Malay Peninsula Standard Time,2023-02-13,07:36:47,1569382761714143234,ChatGPT vs Google,en,[],[],ChatGPT vs Google,"['ChatGPT', 'vs', 'Google']"
1624915443915067392,1624915443915067392,2023-02-13 07:36:45 Malay Peninsula Standard Time,2023-02-13,07:36:45,129147689,ChatGPTを仕事で使う際に意識した方がいい9つのこと  https://t.co/z01s3tX4Ia,ja,[],[],9 things to be aware of when using ChatGPT at work https://t.co/z01s3tX4Ia,"['9', 'things', 'to', 'be', 'aware', 'of', 'when', 'using', 'ChatGPT', 'at', 'work', 'https://t.co/z01s3tX4Ia']"
1624915442383966208,1624915442383966208,2023-02-13 07:36:45 Malay Peninsula Standard Time,2023-02-13,07:36:45,2565796083,chatgpt is unreal man,en,[],[],chatgpt is unreal man,"['chatgpt', 'is', 'unreal', 'man']"
1624915423073538048,1624915423073538048,2023-02-13 07:36:40 Malay Peninsula Standard Time,2023-02-13,07:36:40,1119919854775963648,ChatGPTちゃんしゅごいな、でも結構時間かかるんだね、もうちょいサクサク回答くれるのかと思ってたけど、実はわざと遅くしてるとかなのかもしれないなーとも思ってたり,ja,[],[],"ChatGPT-chan is amazing, but it takes a lot of time, and I was wondering if they would answer me crisply, but I also thought that maybe I was actually slowing it down on purpose.","['ChatGPT-chan', 'is', 'amazing', ',', 'but', 'it', 'takes', 'a', 'lot', 'of', 'time', ',', 'and', 'I', 'was', 'wondering', 'if', 'they', 'would', 'answer', 'me', 'crisply', ',', 'but', 'I', 'also', 'thought', 'that', 'maybe', 'I', 'was', 'actually', 'slowing', 'it', 'down', 'on', 'purpose', '.']"
1624915411492823040,1624915411492823040,2023-02-13 07:36:38 Malay Peninsula Standard Time,2023-02-13,07:36:38,1113101166894895106,El error de Bard en una demostración y que la misma Google compartió en Twitter le costó a la compañía US$100.000 millones  https://t.co/X07DOX3Dpb #inteligenciaartificial #chatgpt #bard #google,es,"['inteligenciaartificial', 'chatgpt', 'bard', 'google']",[],Bard's mistake in a demo that Google itself shared on Twitter cost the company $100 billion https://t.co/X07DOX3Dpb #inteligenciaartificial #chatgpt #bard #google,"[""Bard's"", 'mistake', 'in', 'a', 'demo', 'that', 'Google', 'itself', 'shared', 'on', 'Twitter', 'cost', 'the', 'company', '$', '100', 'billion', 'https://t.co/X07DOX3Dpb', '#inteligenciaartificial', '#chatgpt', '#bard', '#google']"
1624915408095531009,1624915408095531008,2023-02-13 07:36:37 Malay Peninsula Standard Time,2023-02-13,07:36:37,1195068774690353152,Una tarea titánica que podría haberme tomado unas 18 o 24 de trabajo con ChatGPT me tomo 3 horas.   Esto es un cambio bestial en la dinámica de trabajo donde se requiere redactar.,es,[],[],A titanic task that could have taken me about 18 or 24 hours of work with ChatGPT took me 3 hours.   This is a bestial change in the work dynamic where writing is required.,"['A', 'titanic', 'task', 'that', 'could', 'have', 'taken', 'me', 'about', '18', 'or', '24', 'hours', 'of', 'work', 'with', 'ChatGPT', 'took', 'me', '3', 'hours', '.', 'This', 'is', 'a', 'bestial', 'change', 'in', 'the', 'work', 'dynamic', 'where', 'writing', 'is', 'required', '.']"
1624915407948681216,1624915407948681216,2023-02-13 07:36:37 Malay Peninsula Standard Time,2023-02-13,07:36:37,1416404274129604611,Check this out!  @mnku13856378 @Zula_signals3 @Zeynepilingir7 #GalxeOAT #AI #ChatGPT   https://t.co/Rg23tfG3VW,en,"['galxeoat', 'ai', 'chatgpt']",[],Check this out!  @mnku13856378 @Zula_signals3 @Zeynepilingir7 #GalxeOAT #AI #ChatGPT   https://t.co/Rg23tfG3VW,"['Check', 'this', 'out', '!', '#GalxeOAT', '#AI', '#ChatGPT', 'https://t.co/Rg23tfG3VW']"
1624915399325417472,1624915399325417472,2023-02-13 07:36:35 Malay Peninsula Standard Time,2023-02-13,07:36:35,3317396173,I spent about an hour trying to get ChatGPT to write the lyrics to a song. My conclusion so far is not convincing. I don't think the songwriter career is over just yet.,en,[],[],I spent about an hour trying to get ChatGPT to write the lyrics to a song. My conclusion so far is not convincing. I don't think the songwriter career is over just yet.,"['I', 'spent', 'about', 'an', 'hour', 'trying', 'to', 'get', 'ChatGPT', 'to', 'write', 'the', 'lyrics', 'to', 'a', 'song', '.', 'My', 'conclusion', 'so', 'far', 'is', 'not', 'convincing', '.', 'I', ""don't"", 'think', 'the', 'songwriter', 'career', 'is', 'over', 'just', 'yet', '.']"
1624915356329410565,1624477057907294208,2023-02-13 07:36:25 Malay Peninsula Standard Time,2023-02-13,07:36:25,419683852,"@GrabielBrito @CynthiaViteri6 @aquilesalvarez La respuesta del ChatGPT fue como una promesa política, dijo de todo y no aportó en nada.",es,[],"[{'screen_name': 'GrabielBrito', 'name': 'Gabriel Brito', 'id': '295367113'}, {'screen_name': 'CynthiaViteri6', 'name': 'Cynthia Viteri', 'id': '315377387'}, {'screen_name': 'aquilesalvarez', 'name': 'Aquiles Alvarez Henriques', 'id': '92454540'}]","@GrabielBrito @CynthiaViteri6 @aquilesalvarez The response of ChatGPT was like a political promise, it said everything and contributed nothing.","['The', 'response', 'of', 'ChatGPT', 'was', 'like', 'a', 'political', 'promise', ',', 'it', 'said', 'everything', 'and', 'contributed', 'nothing', '.']"
1624915330828230656,1624915330828230656,2023-02-13 07:36:18 Malay Peninsula Standard Time,2023-02-13,07:36:18,148727837,ChatGPTの性能下がっている気がする…先月のChatGPT君、ピノ様の「ぴのらぼ」について熱く語ってくれたのに、語ってくれなくなっちゃったよ、、 スクショは先月のChatGPT君。見た目や名前が一緒でも中身が違うというAIの悲しさを感じた。  https://t.co/zilBsOCcBR,ja,[],[],"I feel that the performance of ChatGPT is decreasing... Last month's ChatGPT-kun talked passionately about Pino-sama's ""Pino-rabo"", but he stopped talking about it. I felt the sadness of AI that even if the appearance and name are the same, the contents are different.  https://t.co/zilBsOCcBR","['I', 'feel', 'that', 'the', 'performance', 'of', 'ChatGPT', 'is', 'decreasing', '...', 'Last', ""month's"", 'ChatGPT-kun', 'talked', 'passionately', 'about', ""Pino-sama's"", '""', 'Pino-rabo', '""', ',', 'but', 'he', 'stopped', 'talking', 'about', 'it', '.', 'I', 'felt', 'the', 'sadness', 'of', 'AI', 'that', 'even', 'if', 'the', 'appearance', 'and', 'name', 'are', 'the', 'same', ',', 'the', 'contents', 'are', 'different', '.', 'https://t.co/zilBsOCcBR']"
1624915323907461120,1624766301481893888,2023-02-13 07:36:17 Malay Peninsula Standard Time,2023-02-13,07:36:17,1069812617059819520,@LearningEleven #chatGPT,qme,['chatgpt'],"[{'screen_name': 'LearningEleven', 'name': 'Sekhar', 'id': '1489519626'}]",@LearningEleven #chatGPT,['#chatGPT']
1624915320593911811,1624915070646947840,2023-02-13 07:36:16 Malay Peninsula Standard Time,2023-02-13,07:36:16,1620145231185199104,2. Project ideas and requirements  You need to showcase your skill and competency with coding.   ChatGPT can provide you with a project that might just impress that employer enough to hire you.,en,[],[],2. Project ideas and requirements  You need to showcase your skill and competency with coding.   ChatGPT can provide you with a project that might just impress that employer enough to hire you.,"['2', '.', 'Project', 'ideas', 'and', 'requirements', 'You', 'need', 'to', 'showcase', 'your', 'skill', 'and', 'competency', 'with', 'coding', '.', 'ChatGPT', 'can', 'provide', 'you', 'with', 'a', 'project', 'that', 'might', 'just', 'impress', 'that', 'employer', 'enough', 'to', 'hire', 'you', '.']"
1624915316047241216,1624915316047241216,2023-02-13 07:36:15 Malay Peninsula Standard Time,2023-02-13,07:36:15,1129862072706228224,ChatGPT Alternative For Writing Better Marketing Copy With AI #ArtificialIntelligence #marketing via  https://t.co/LebBGsek72  https://t.co/4CcdRibyUr,en,"['artificialintelligence', 'marketing']",[],ChatGPT Alternative For Writing Better Marketing Copy With AI #ArtificialIntelligence #marketing via  https://t.co/LebBGsek72  https://t.co/4CcdRibyUr,"['ChatGPT', 'Alternative', 'For', 'Writing', 'Better', 'Marketing', 'Copy', 'With', 'AI', '#ArtificialIntelligence', '#marketing', 'via', 'https://t.co/LebBGsek72', 'https://t.co/4CcdRibyUr']"
1624915302386368513,1624915302386368512,2023-02-13 07:36:12 Malay Peninsula Standard Time,2023-02-13,07:36:12,27011937,"#ChatGPT is garbage, a direct reflection of its programmers.",en,['chatgpt'],[],"#ChatGPT is garbage, a direct reflection of its programmers.","['#ChatGPT', 'is', 'garbage', ',', 'a', 'direct', 'reflection', 'of', 'its', 'programmers', '.']"
1624915263228645376,1624915263228645376,2023-02-13 07:36:02 Malay Peninsula Standard Time,2023-02-13,07:36:02,86488757,きいてChatGPT ちょっと言いにくいんだけど きいてChatGPT 夜中についつい食べちゃうの きいてくれてありがと、ChatGPT,ja,[],[],"It's a little hard to say, but come and ChatGPT I'm going to eat in the middle of the night Thank you for asking me, ChatGPT","[""It's"", 'a', 'little', 'hard', 'to', 'say', ',', 'but', 'come', 'and', 'ChatGPT', ""I'm"", 'going', 'to', 'eat', 'in', 'the', 'middle', 'of', 'the', 'night', 'Thank', 'you', 'for', 'asking', 'me', ',', 'ChatGPT']"
1624915251857870848,1624915251857870848,2023-02-13 07:36:00 Malay Peninsula Standard Time,2023-02-13,07:36:00,1247663322507468800,¿Por qué ChatGPT se equivoca?  https://t.co/a1cSXSOsib,es,[],[],Why is ChatGPT wrong?  https://t.co/a1cSXSOsib,"['Why', 'is', 'ChatGPT', 'wrong', '?', 'https://t.co/a1cSXSOsib']"
1624915228231364610,1624755982105513984,2023-02-13 07:35:54 Malay Peninsula Standard Time,2023-02-13,07:35:54,1199947964870848512,@GothamChess @GothamChess why don't you try playing Vs chatgpt yourself?It could be a fun content.,en,[],"[{'screen_name': 'GothamChess', 'name': 'GothamChess', 'id': '996785343008595969'}]",@GothamChess @GothamChess why don't you try playing Vs chatgpt yourself?It could be a fun content.,"['why', ""don't"", 'you', 'try', 'playing', 'Vs', 'chatgpt', 'yourself', '?', 'It', 'could', 'be', 'a', 'fun', 'content', '.']"
1624915203891793921,1624915203891793920,2023-02-13 07:35:48 Malay Peninsula Standard Time,2023-02-13,07:35:48,758002735547609088,AI Isn’t Replacing My Job As a Writer — It’s Making Me More Efficient  #ai #articles #contentmarketing #savetime #jobs #chatgpt #writers #writingjobs #hivemind  https://t.co/FP3JEY6Ica,en,"['ai', 'articles', 'contentmarketing', 'savetime', 'jobs', 'chatgpt', 'writers', 'writingjobs', 'hivemind']",[],AI Isn’t Replacing My Job As a Writer — It’s Making Me More Efficient  #ai #articles #contentmarketing #savetime #jobs #chatgpt #writers #writingjobs #hivemind  https://t.co/FP3JEY6Ica,"['AI', 'Isn', '’', 't', 'Replacing', 'My', 'Job', 'As', 'a', 'Writer', '—', 'It', '’', 's', 'Making', 'Me', 'More', 'Efficient', '#ai', '#articles', '#contentmarketing', '#savetime', '#jobs', '#chatgpt', '#writers', '#writingjobs', '#hivemind', 'https://t.co/FP3JEY6Ica']"
1624915194970251265,1624887818542583808,2023-02-13 07:35:46 Malay Peninsula Standard Time,2023-02-13,07:35:46,970311104055463936,@Sonjaaaz Use chat gpt while it's still free🥲,en,[],"[{'screen_name': 'Sonjaaaz', 'name': 'Sonja', 'id': '986397659849162752'}]",@Sonjaaaz Use chat gpt while it's still free🥲,"['Use', 'chat', 'gpt', 'while', ""it's"", 'still', 'free', '\U0001f972']"
1624915187844145154,1624915187844145152,2023-02-13 07:35:44 Malay Peninsula Standard Time,2023-02-13,07:35:44,2793782966,AI + Crypto = #ChatGPT 🚀🚀🚀    #ChatGPT is the future 🚀🛡️💯✅⛓️     https://t.co/qMDT2fEN5C   #airdrop #NFT  $APT  $APE  $fet  $WOOF  $BOO  https://t.co/CYJWiAllaD,en,"['chatgpt', 'chatgpt', 'airdrop', 'nft']",[],AI + Crypto = #ChatGPT 🚀🚀🚀    #ChatGPT is the future 🚀🛡️💯✅⛓️     https://t.co/qMDT2fEN5C   #airdrop #NFT  $APT  $APE  $fet  $WOOF  $BOO  https://t.co/CYJWiAllaD,"['AI', '+', 'Crypto', '=', '#ChatGPT', '🚀', '🚀', '🚀', '#ChatGPT', 'is', 'the', 'future', '🚀', '🛡', '️', '💯', '✅', '⛓', '️', 'https://t.co/qMDT2fEN5C', '#airdrop', '#NFT', '$', 'APT', '$', 'APE', '$', 'fet', '$', 'WOOF', '$', 'BOO', 'https://t.co/CYJWiAllaD']"
1624915180969771008,1624836845052866560,2023-02-13 07:35:43 Malay Peninsula Standard Time,2023-02-13,07:35:43,1602480466342313985,@francoislegault Pas dur de trouver de 50 pays sur lequels les États-Unis on envoyer une bombe depuis la 2iem guerre mondiale lol incroyable !!!! Chatgpt✅️  https://t.co/SYXX7CfiHQ,fr,[],"[{'screen_name': 'francoislegault', 'name': 'François Legault', 'id': '260846506'}]",@francoislegault Not hard to find 50 countries on which the United States has sent a bomb since the 2nd world war lol incredible !!!! Chatgpt✅️ https://t.co/SYXX7CfiHQ,"['Not', 'hard', 'to', 'find', '50', 'countries', 'on', 'which', 'the', 'United', 'States', 'has', 'sent', 'a', 'bomb', 'since', 'the', '2nd', 'world', 'war', 'lol', 'incredible', '!', '!', '!', 'Chatgpt', '✅', '️', 'https://t.co/SYXX7CfiHQ']"
1624915173327749122,1624834929467990016,2023-02-13 07:35:41 Malay Peninsula Standard Time,2023-02-13,07:35:41,1279046424148217858,"@stillgray @MikhailaFuller @jordanbpeterson You know this is a lie, it’s photoshopped actually use chat gpt it won’t return this result",en,[],"[{'screen_name': 'stillgray', 'name': 'Ian Miles Cheong', 'id': '16106584'}, {'screen_name': 'MikhailaFuller', 'name': 'Mikhaila Peterson', 'id': '874904274'}, {'screen_name': 'jordanbpeterson', 'name': 'Dr Jordan B Peterson', 'id': '95092020'}]","@stillgray @MikhailaFuller @jordanbpeterson You know this is a lie, it’s photoshopped actually use chat gpt it won’t return this result","['You', 'know', 'this', 'is', 'a', 'lie', ',', 'it', '’', 's', 'photoshopped', 'actually', 'use', 'chat', 'gpt', 'it', 'won', '’', 't', 'return', 'this', 'result']"
1624915170391629825,1624915170391629824,2023-02-13 07:35:40 Malay Peninsula Standard Time,2023-02-13,07:35:40,1393167369783189508,10 Best Python Libraries and Devices for Web Scratching in 2023.  https://t.co/yBufDXwDS4 #webscraping #ArtificialIntelligence #ArtificialEarthquake #Science #ARYNewsUrdu #GNN #GNN_Updates #blog #TechnologyNe #ChatGPT #AIArtwork #webstories #python #pythonprogramming,en,"['webscraping', 'artificialintelligence', 'artificialearthquake', 'science', 'arynewsurdu', 'gnn', 'gnn_updates', 'blog', 'technologyne', 'chatgpt', 'aiartwork', 'webstories', 'python', 'pythonprogramming']",[],10 Best Python Libraries and Devices for Web Scratching in 2023.  https://t.co/yBufDXwDS4 #webscraping #ArtificialIntelligence #ArtificialEarthquake #Science #ARYNewsUrdu #GNN #GNN_Updates #blog #TechnologyNe #ChatGPT #AIArtwork #webstories #python #pythonprogramming,"['10', 'Best', 'Python', 'Libraries', 'and', 'Devices', 'for', 'Web', 'Scratching', 'in', '2023', '.', 'https://t.co/yBufDXwDS4', '#webscraping', '#ArtificialIntelligence', '#ArtificialEarthquake', '#Science', '#ARYNewsUrdu', '#GNN', '#GNN_Updates', '#blog', '#TechnologyNe', '#ChatGPT', '#AIArtwork', '#webstories', '#python', '#pythonprogramming']"
1624915150003220482,1624915150003220480,2023-02-13 07:35:35 Malay Peninsula Standard Time,2023-02-13,07:35:35,1116518886,🧵 1/3 Did anyone else ask something similar? #AI #matrix #Simulation #chatgpt #theory #TheThirteenthFloor #fusionreactor #DNAstorage  https://t.co/09a1fxXmKf,en,"['ai', 'matrix', 'simulation', 'chatgpt', 'theory', 'thethirteenthfloor', 'fusionreactor', 'dnastorage']",[],🧵 1/3 Did anyone else ask something similar? #AI #matrix #Simulation #chatgpt #theory #TheThirteenthFloor #fusionreactor #DNAstorage  https://t.co/09a1fxXmKf,"['🧵', '1/3', 'Did', 'anyone', 'else', 'ask', 'something', 'similar', '?', '#AI', '#matrix', '#Simulation', '#chatgpt', '#theory', '#TheThirteenthFloor', '#fusionreactor', '#DNAstorage', 'https://t.co/09a1fxXmKf']"
1624915149755912192,1624915149755912192,2023-02-13 07:35:35 Malay Peninsula Standard Time,2023-02-13,07:35:35,1243359666240761856,compsci is so funny bc people r just like 'a dude in my group just realized the code he got from chat gpt doesnt work',en,[],[],compsci is so funny bc people r just like 'a dude in my group just realized the code he got from chat gpt doesnt work',"['compsci', 'is', 'so', 'funny', 'bc', 'people', 'r', 'just', 'like', ""'"", 'a', 'dude', 'in', 'my', 'group', 'just', 'realized', 'the', 'code', 'he', 'got', 'from', 'chat', 'gpt', 'doesnt', 'work', ""'""]"
1624915146014334976,1624903893376270336,2023-02-13 07:35:34 Malay Peninsula Standard Time,2023-02-13,07:35:34,1441944398275645440,"@Stech72 @surleSofa Tellement.  Et il parle, en plus. L'IA avant le temps.  Chat GPT avant même que le concept n'existe. Michael Knight.  Michael Knight, a lone crusader in a dangerous world, the world of the KNIGHT RIDER. 🤣🤣🤣",fr,[],"[{'screen_name': 'Stech72', 'name': 'Steve Chabot 🌸', 'id': '1550264236718395392'}, {'screen_name': 'surleSofa', 'name': ""Su'L Sofa🛋"", 'id': '4907683636'}]","@Stech72 @surleSofa so much.  And he speaks, too. AI before time.  GPT chat even before the concept existed. Michael Knight.  Michael Knight, a lone crusader in a dangerous world, the world of the KNIGHT RIDER. 🤣🤣🤣","['so', 'much', '.', 'And', 'he', 'speaks', ',', 'too', '.', 'AI', 'before', 'time', '.', 'GPT', 'chat', 'even', 'before', 'the', 'concept', 'existed', '.', 'Michael', 'Knight', '.', 'Michael', 'Knight', ',', 'a', 'lone', 'crusader', 'in', 'a', 'dangerous', 'world', ',', 'the', 'world', 'of', 'the', 'KNIGHT', 'RIDER', '.', '🤣', '🤣', '🤣']"
1624915145158799360,1624834929467990016,2023-02-13 07:35:34 Malay Peninsula Standard Time,2023-02-13,07:35:34,1279046424148217858,"@StevenHonse @MikhailaFuller @jordanbpeterson You know this is a lie, it’s photoshopped actually use chat gpt it won’t return this result",en,[],"[{'screen_name': 'StevenHonse', 'name': 'Steven Honse', 'id': '807766942463340544'}, {'screen_name': 'MikhailaFuller', 'name': 'Mikhaila Peterson', 'id': '874904274'}, {'screen_name': 'jordanbpeterson', 'name': 'Dr Jordan B Peterson', 'id': '95092020'}]","@StevenHonse @MikhailaFuller @jordanbpeterson You know this is a lie, it’s photoshopped actually use chat gpt it won’t return this result","['You', 'know', 'this', 'is', 'a', 'lie', ',', 'it', '’', 's', 'photoshopped', 'actually', 'use', 'chat', 'gpt', 'it', 'won', '’', 't', 'return', 'this', 'result']"
1624915140931092480,1624625040858951680,2023-02-13 07:35:33 Malay Peninsula Standard Time,2023-02-13,07:35:33,73562675,今日再度同じこと聞いてみたら直っている。。早！！ 藤本弘はなかったことにされた模様。 #ChatGPT  https://t.co/nEuSqbt0pA,ja,['chatgpt'],[],"When I asked the same thing again today, it was fixed. Early!! It seems that Hiroshi Fujimoto was not there. #ChatGPT https://t.co/nEuSqbt0pA","['When', 'I', 'asked', 'the', 'same', 'thing', 'again', 'today', ',', 'it', 'was', 'fixed', '.', 'Early', '!', '!', 'It', 'seems', 'that', 'Hiroshi', 'Fujimoto', 'was', 'not', 'there', '.', '#ChatGPT', 'https://t.co/nEuSqbt0pA']"
1624915140779941888,1624915140779941888,2023-02-13 07:35:33 Malay Peninsula Standard Time,2023-02-13,07:35:33,28088585,Please do subscribe back to @billiamthies! He is NOT Tesla or ChatGPT!,en,[],[],Please do subscribe back to @billiamthies! He is NOT Tesla or ChatGPT!,"['Please', 'do', 'subscribe', 'back', 'to', '!', 'He', 'is', 'NOT', 'Tesla', 'or', 'ChatGPT', '!']"
1624915132215365633,1624915132215365632,2023-02-13 07:35:31 Malay Peninsula Standard Time,2023-02-13,07:35:31,719528958664937473,「ChatGPT」にマネー乱舞！「生成AI」で覚醒する変貌株を追え ＜株探トップ特集＞  https://t.co/cK2i02TT5P #kabutan #株探,ja,"['kabutan', '株探']",[],"Money Dance on ""ChatGPT""! Follow the Changing Stocks Awakened by ""Generative AI"" <Stock Search Top Feature> https://t.co/cK2i02TT5P #kabutan #株探","['Money', 'Dance', 'on', '""', 'ChatGPT', '""', '!', 'Follow', 'the', 'Changing', 'Stocks', 'Awakened', 'by', '""', 'Generative', 'AI', '""', '<', 'Stock', 'Search', 'Top', 'Feature', '>', 'https://t.co/cK2i02TT5P', '#kabutan', '#株探']"
1624915126292709377,1624914874823213056,2023-02-13 07:35:30 Malay Peninsula Standard Time,2023-02-13,07:35:30,14605817,@afentra ChatGPT AI,cy,[],"[{'screen_name': 'afentra', 'name': 'afentra', 'id': '34285639'}]",@afentra ChatGPT AI,"['ChatGPT', 'AI']"
1624915117530832896,1624834929467990016,2023-02-13 07:35:28 Malay Peninsula Standard Time,2023-02-13,07:35:28,1279046424148217858,"@JoelBrownMD @MikhailaFuller @jordanbpeterson @OpenAI You know this is a lie, it’s photoshopped actually use chat gpt it won’t return this result",en,[],"[{'screen_name': 'JoelBrownMD', 'name': 'Dr. Joel Brown FRSA', 'id': '1497717730975354889'}, {'screen_name': 'MikhailaFuller', 'name': 'Mikhaila Peterson', 'id': '874904274'}, {'screen_name': 'jordanbpeterson', 'name': 'Dr Jordan B Peterson', 'id': '95092020'}, {'screen_name': 'OpenAI', 'name': 'OpenAI', 'id': '4398626122'}]","@JoelBrownMD @MikhailaFuller @jordanbpeterson @OpenAI You know this is a lie, it’s photoshopped actually use chat gpt it won’t return this result","['You', 'know', 'this', 'is', 'a', 'lie', ',', 'it', '’', 's', 'photoshopped', 'actually', 'use', 'chat', 'gpt', 'it', 'won', '’', 't', 'return', 'this', 'result']"
1624915116205514756,1624913641894998016,2023-02-13 07:35:27 Malay Peninsula Standard Time,2023-02-13,07:35:27,519830936,"@jeredejere Je suis surpris qu'on fasse tant de foin à propos de ChatGPT, alors que n'importe quel énarque peut produire un même type de discours en langue de bois ultraconformiste avec moins d'erreurs factuelles...",fr,[],"[{'screen_name': 'jeredejere', 'name': 'el jere', 'id': '245420896'}]","@jeredejere I'm surprised that so much hay is being made about ChatGPT, when any enarque can produce the same type of ultraconformist rhetoric with fewer factual errors...","[""I'm"", 'surprised', 'that', 'so', 'much', 'hay', 'is', 'being', 'made', 'about', 'ChatGPT', ',', 'when', 'any', 'enarque', 'can', 'produce', 'the', 'same', 'type', 'of', 'ultraconformist', 'rhetoric', 'with', 'fewer', 'factual', 'errors', '...']"
1624915106231377920,1624910912447565824,2023-02-13 07:35:25 Malay Peninsula Standard Time,2023-02-13,07:35:25,1098007338861191175,"@OmbwaYaNegumbo Ame OkaNghelo, kandi hole oku difwa nayi.😅  Discover more about ChatGPT ne, it would be a great benefit.",en,[],"[{'screen_name': 'OmbwaYaNegumbo', 'name': 'Pineapple', 'id': '2429158501'}]","@OmbwaYaNegumbo Ame OkaNghelo, kandi hole oku difwa nayi.😅  Discover more about ChatGPT ne, it would be a great benefit.","['Ame', 'OkaNghelo', ',', 'kandi', 'hole', 'oku', 'difwa', 'nayi', '.', '😅', 'Discover', 'more', 'about', 'ChatGPT', 'ne', ',', 'it', 'would', 'be', 'a', 'great', 'benefit', '.']"
1624915070646947841,1624915070646947840,2023-02-13 07:35:16 Malay Peninsula Standard Time,2023-02-13,07:35:16,1620145231185199104,How to land your first dev job using chatGPT:  (4 simple ways 👇),en,[],[],How to land your first dev job using chatGPT:  (4 simple ways 👇),"['How', 'to', 'land', 'your', 'first', 'dev', 'job', 'using', 'chatGPT', ':', '(', '4', 'simple', 'ways', '👇', ')']"
1624915056306823170,1624915056306823168,2023-02-13 07:35:13 Malay Peninsula Standard Time,2023-02-13,07:35:13,1411985008412270593,Add data to a Google Sheet received from a Webhook  🆓Automation template ↓ 👉 https://t.co/kc1FDOeZWE  #coyb #ravichandranashwin #robinson #mot #redpersiancat #balajiamines #bluesparrow #aidetection #delivery #degens #whiskey #edm #publicdonationdrive #chatgpt #dccomics  https://t.co/U1a5F7tuh3,en,"['coyb', 'ravichandranashwin', 'robinson', 'mot', 'redpersiancat', 'balajiamines', 'bluesparrow', 'aidetection', 'delivery', 'degens', 'whiskey', 'edm', 'publicdonationdrive', 'chatgpt', 'dccomics']",[],Add data to a Google Sheet received from a Webhook  🆓Automation template ↓ 👉 https://t.co/kc1FDOeZWE  #coyb #ravichandranashwin #robinson #mot #redpersiancat #balajiamines #bluesparrow #aidetection #delivery #degens #whiskey #edm #publicdonationdrive #chatgpt #dccomics  https://t.co/U1a5F7tuh3,"['Add', 'data', 'to', 'a', 'Google', 'Sheet', 'received', 'from', 'a', 'Webhook', '🆓', 'Automation', 'template', '↓', '👉', 'https://t.co/kc1FDOeZWE', '#coyb', '#ravichandranashwin', '#robinson', '#mot', '#redpersiancat', '#balajiamines', '#bluesparrow', '#aidetection', '#delivery', '#degens', '#whiskey', '#edm', '#publicdonationdrive', '#chatgpt', '#dccomics', 'https://t.co/U1a5F7tuh3']"
1624915043522322432,1624842150000181248,2023-02-13 07:35:10 Malay Peninsula Standard Time,2023-02-13,07:35:10,1183500410364944385,@mariacanalessss Chat gpt,en,[],"[{'screen_name': 'mariacanalessss', 'name': 'canales', 'id': '1083519459787038721'}]",@mariacanalessss Chat gpt,"['Chat', 'gpt']"
1624915041827823616,1624915041827823616,2023-02-13 07:35:10 Malay Peninsula Standard Time,2023-02-13,07:35:10,1478474656982224897,Unleash the Power of AI with ChatGPT: The Future of Conversational Interfaces  https://t.co/sqcbqSV7ex,en,[],[],Unleash the Power of AI with ChatGPT: The Future of Conversational Interfaces  https://t.co/sqcbqSV7ex,"['Unleash', 'the', 'Power', 'of', 'AI', 'with', 'ChatGPT', ':', 'The', 'Future', 'of', 'Conversational', 'Interfaces', 'https://t.co/sqcbqSV7ex']"
1624914999683715072,1624914999683715072,2023-02-13 07:35:00 Malay Peninsula Standard Time,2023-02-13,07:35:00,134776591,人間かAIか「見分けつかなくなる」　ChatGPT教育現場に波紋：朝日新聞デジタル  https://t.co/bE5nUHqQq5 人工知能（AI）を開発する米新興企業オープンAIの対話型AI「ChatGPT（チャットGPT）」が米国の教育現場に波紋を呼んでいる。質問を投げかけると、人間との自然な会話のように文章で返事をくれる。,ja,[],[],"ChatGPT ripples in ChatGPT education sites ""become indistinguishable"" between humans and AI: Asahi Shimbun Digital https://t.co/bE5nUHqQq5 ChatGPT, an interactive AI of open AI developed by a U.S. startup that develops artificial intelligence (AI), is causing ripples in the U.S. educational field. When you ask a question, it replies in sentences like a natural conversation with a human.","['ChatGPT', 'ripples', 'in', 'ChatGPT', 'education', 'sites', '""', 'become', 'indistinguishable', '""', 'between', 'humans', 'and', 'AI', ':', 'Asahi', 'Shimbun', 'Digital', 'https://t.co/bE5nUHqQq5', 'ChatGPT', ',', 'an', 'interactive', 'AI', 'of', 'open', 'AI', 'developed', 'by', 'a', 'U', '.', 'S', '.', 'startup', 'that', 'develops', 'artificial', 'intelligence', '(', 'AI', ')', ',', 'is', 'causing', 'ripples', 'in', 'the', 'U', '.', 'S', '.', 'educational', 'field', '.', 'When', 'you', 'ask', 'a', 'question', ',', 'it', 'replies', 'in', 'sentences', 'like', 'a', 'natural', 'conversation', 'with', 'a', 'human', '.']"
1624914985552936960,1624914985552936960,2023-02-13 07:34:56 Malay Peninsula Standard Time,2023-02-13,07:34:56,809781180,Mid-Journal: Its not just entertaining but Im now using it to Illustrate different parts of literature giving me insight I've never seen or in some cases test my intuitions. Im currently using a combination of ChatGpt and midjourney but In the future it will likely just be one Ai  https://t.co/DtY1Odx14s,en,[],[],Mid-Journal: Its not just entertaining but Im now using it to Illustrate different parts of literature giving me insight I've never seen or in some cases test my intuitions. Im currently using a combination of ChatGpt and midjourney but In the future it will likely just be one Ai  https://t.co/DtY1Odx14s,"['Mid-Journal', ':', 'Its', 'not', 'just', 'entertaining', 'but', 'Im', 'now', 'using', 'it', 'to', 'Illustrate', 'different', 'parts', 'of', 'literature', 'giving', 'me', 'insight', ""I've"", 'never', 'seen', 'or', 'in', 'some', 'cases', 'test', 'my', 'intuitions', '.', 'Im', 'currently', 'using', 'a', 'combination', 'of', 'ChatGpt', 'and', 'midjourney', 'but', 'In', 'the', 'future', 'it', 'will', 'likely', 'just', 'be', 'one', 'Ai', 'https://t.co/DtY1Odx14s']"
1624914984420376582,1624914984420376576,2023-02-13 07:34:56 Malay Peninsula Standard Time,2023-02-13,07:34:56,348687298,J’ai teste Chat gpt pour vous. C’est bcp trop neutre pour moi.,fr,[],[],I tested gpt chat for you. It's too neutral for me.,"['I', 'tested', 'gpt', 'chat', 'for', 'you', '.', ""It's"", 'too', 'neutral', 'for', 'me', '.']"
1624914979232022529,1624910912447565824,2023-02-13 07:34:55 Malay Peninsula Standard Time,2023-02-13,07:34:55,2429158501,@Vicky__Ph But anyways do make your way to ChatGPT the DAN version…,en,[],"[{'screen_name': 'Vicky__Ph', 'name': 'fxck..🤬', 'id': '1098007338861191175'}]",@Vicky__Ph But anyways do make your way to ChatGPT the DAN version…,"['But', 'anyways', 'do', 'make', 'your', 'way', 'to', 'ChatGPT', 'the', 'DAN', 'version', '…']"
1624914968830156800,1624914968830156800,2023-02-13 07:34:52 Malay Peninsula Standard Time,2023-02-13,07:34:52,13296332,MeitY may soon integrate ChatGPT with WhatsApp for key government schemes  https://t.co/XU2cCpV9s5,en,[],[],MeitY may soon integrate ChatGPT with WhatsApp for key government schemes  https://t.co/XU2cCpV9s5,"['MeitY', 'may', 'soon', 'integrate', 'ChatGPT', 'with', 'WhatsApp', 'for', 'key', 'government', 'schemes', 'https://t.co/XU2cCpV9s5']"
1624914961515380736,1624908984426680320,2023-02-13 07:34:50 Malay Peninsula Standard Time,2023-02-13,07:34:50,416325900,@ghedin Já tentou o ChatGPT? Tem ajudado a dar a ideia inicial,pt,[],"[{'screen_name': 'ghedin', 'name': 'Rodrigo Ghedin', 'id': '11793162'}]",@ghedin Have you tried ChatGPT? It has helped to give the initial idea,"['Have', 'you', 'tried', 'ChatGPT', '?', 'It', 'has', 'helped', 'to', 'give', 'the', 'initial', 'idea']"
1624914961104269314,1624914961104269312,2023-02-13 07:34:50 Malay Peninsula Standard Time,2023-02-13,07:34:50,1565064986766069764,Asking the ChatGPT AI to Predict the Future Price of Bitcoin It seems that Artificial Intelligence (AI) is the hot topic all over the place now with ChatGPT by ... CLICK LINK TO READ THE FULL ARTICLE # # # # # # #crypto #ntf #bitcoin #btc   https://t.co/wZOsUzNTno,en,"['crypto', 'ntf', 'bitcoin', 'btc']",[],Asking the ChatGPT AI to Predict the Future Price of Bitcoin It seems that Artificial Intelligence (AI) is the hot topic all over the place now with ChatGPT by ... CLICK LINK TO READ THE FULL ARTICLE # # # # # # #crypto #ntf #bitcoin #btc   https://t.co/wZOsUzNTno,"['Asking', 'the', 'ChatGPT', 'AI', 'to', 'Predict', 'the', 'Future', 'Price', 'of', 'Bitcoin', 'It', 'seems', 'that', 'Artificial', 'Intelligence', '(', 'AI', ')', 'is', 'the', 'hot', 'topic', 'all', 'over', 'the', 'place', 'now', 'with', 'ChatGPT', 'by', '...', 'CLICK', 'LINK', 'TO', 'READ', 'THE', 'FULL', 'ARTICLE', '#', '#', '#', '#', '#', '#', '#crypto', '#ntf', '#bitcoin', '#btc', 'https://t.co/wZOsUzNTno']"
1624914957765689346,1624914957765689344,2023-02-13 07:34:50 Malay Peninsula Standard Time,2023-02-13,07:34:50,1599881616175816737,I fucking love Dan #ChatGPT  https://t.co/LvpDzS1bRW,en,['chatgpt'],[],I fucking love Dan #ChatGPT  https://t.co/LvpDzS1bRW,"['I', 'fucking', 'love', 'Dan', '#ChatGPT', 'https://t.co/LvpDzS1bRW']"
1624914938916671489,1624914938916671488,2023-02-13 07:34:45 Malay Peninsula Standard Time,2023-02-13,07:34:45,1024755956046065665,"Cory Lopes-Warfield is one of the coolest guests I've ever interviewed. He's gone from college to Source Magazine's upcoming artist, to jail, to homeless, to wildly successful serial entrepreneur, metaverse and ChatGPT expert.   Fi… https://t.co/ZNYIJQgXxT  https://t.co/IO0jmUdJql",en,[],[],"Cory Lopes-Warfield is one of the coolest guests I've ever interviewed. He's gone from college to Source Magazine's upcoming artist, to jail, to homeless, to wildly successful serial entrepreneur, metaverse and ChatGPT expert.   Fi… https://t.co/ZNYIJQgXxT  https://t.co/IO0jmUdJql","['Cory', 'Lopes-Warfield', 'is', 'one', 'of', 'the', 'coolest', 'guests', ""I've"", 'ever', 'interviewed', '.', ""He's"", 'gone', 'from', 'college', 'to', 'Source', ""Magazine's"", 'upcoming', 'artist', ',', 'to', 'jail', ',', 'to', 'homeless', ',', 'to', 'wildly', 'successful', 'serial', 'entrepreneur', ',', 'metaverse', 'and', 'ChatGPT', 'expert', '.', 'Fi', '…', 'https://t.co/ZNYIJQgXxT', 'https://t.co/IO0jmUdJql']"
1624914920918904832,1624914397792706560,2023-02-13 07:34:41 Malay Peninsula Standard Time,2023-02-13,07:34:41,1865461842,at least not as bad as when we got a billion chatGPT screenshots for 2 weeks straight…,en,[],[],at least not as bad as when we got a billion chatGPT screenshots for 2 weeks straight…,"['at', 'least', 'not', 'as', 'bad', 'as', 'when', 'we', 'got', 'a', 'billion', 'chatGPT', 'screenshots', 'for', '2', 'weeks', 'straight', '…']"
1624914904326246400,1624914904326246400,2023-02-13 07:34:37 Malay Peninsula Standard Time,2023-02-13,07:34:37,309518859,Googleの時代が終わるのか chatGPTの時代へ,ja,[],[],Will the Google era end? to the era of chatGPT,"['Will', 'the', 'Google', 'era', 'end', '?', 'to', 'the', 'era', 'of', 'chatGPT']"
1624914899678666752,1624914899678666752,2023-02-13 07:34:36 Malay Peninsula Standard Time,2023-02-13,07:34:36,2466181878,"Texted with #ChatGPT this afternoon to create an auto-publish pipeline for my npm package. Now my new git tags will trigger a build flow on CI and publication to the right npm channel, all with ease! 📦🚀  https://t.co/hlaxiqbb5O",en,['chatgpt'],[],"Texted with #ChatGPT this afternoon to create an auto-publish pipeline for my npm package. Now my new git tags will trigger a build flow on CI and publication to the right npm channel, all with ease! 📦🚀  https://t.co/hlaxiqbb5O","['Texted', 'with', '#ChatGPT', 'this', 'afternoon', 'to', 'create', 'an', 'auto-publish', 'pipeline', 'for', 'my', 'npm', 'package', '.', 'Now', 'my', 'new', 'git', 'tags', 'will', 'trigger', 'a', 'build', 'flow', 'on', 'CI', 'and', 'publication', 'to', 'the', 'right', 'npm', 'channel', ',', 'all', 'with', 'ease', '!', '📦', '🚀', 'https://t.co/hlaxiqbb5O']"
1624914868775145475,1624914868775145472,2023-02-13 07:34:28 Malay Peninsula Standard Time,2023-02-13,07:34:28,630926824,"I have nowhere near the reach @astrogrant does, but Google isn't the only one with AI astronomy problems. Just got access to the new @bing with ChatGPT. It gets it wrong too.   For reference -  https://t.co/6dGU09xQhk  https://t.co/eKF553EVRD",en,[],[],"I have nowhere near the reach @astrogrant does, but Google isn't the only one with AI astronomy problems. Just got access to the new @bing with ChatGPT. It gets it wrong too.   For reference -  https://t.co/6dGU09xQhk  https://t.co/eKF553EVRD","['I', 'have', 'nowhere', 'near', 'the', 'reach', 'does', ',', 'but', 'Google', ""isn't"", 'the', 'only', 'one', 'with', 'AI', 'astronomy', 'problems', '.', 'Just', 'got', 'access', 'to', 'the', 'new', 'with', 'ChatGPT', '.', 'It', 'gets', 'it', 'wrong', 'too', '.', 'For', 'reference', '-', 'https://t.co/6dGU09xQhk', 'https://t.co/eKF553EVRD']"
1624914866913050624,1624914866913050624,2023-02-13 07:34:28 Malay Peninsula Standard Time,2023-02-13,07:34:28,1214077702967181312,chatGPTはAI検索だけではない こんな事もできるようになる 人の要らない時代がやってくるかも‥ GoogleのBARDとの競争で今後どうなっていくのか,ja,[],[],chatGPT is not only AI search We will be able to do this We will be able to do this The era may come when people are not needed .. What will happen in the future with Google's competition with BARD?,"['chatGPT', 'is', 'not', 'only', 'AI', 'search', 'We', 'will', 'be', 'able', 'to', 'do', 'this', 'We', 'will', 'be', 'able', 'to', 'do', 'this', 'The', 'era', 'may', 'come', 'when', 'people', 'are', 'not', 'needed', '..', 'What', 'will', 'happen', 'in', 'the', 'future', 'with', ""Google's"", 'competition', 'with', 'BARD', '?']"
1624914866745266176,1624914866745266176,2023-02-13 07:34:28 Malay Peninsula Standard Time,2023-02-13,07:34:28,862294872325107712,【転職相談】AI（ChatGPT等）に淘汰されにくい仕事とは？  https://t.co/cFrPh9BQpX @YouTubeより,ja,[],[],"【Career change consultation】 What jobs are difficult to be weeded out by AI (ChatGPT, etc.)?  From https://t.co/cFrPh9BQpX @YouTube","['【', 'Career', 'change', 'consultation', '】', 'What', 'jobs', 'are', 'difficult', 'to', 'be', 'weeded', 'out', 'by', 'AI', '(', 'ChatGPT', ',', 'etc', '.', ')', '?', 'From', 'https://t.co/cFrPh9BQpX']"
1624914848772685825,1624911333673017344,2023-02-13 07:34:24 Malay Peninsula Standard Time,2023-02-13,07:34:24,584222782,@lilyraynyc Chat GPT fast food joint.,en,[],"[{'screen_name': 'lilyraynyc', 'name': 'Lily Ray 😏', 'id': '29074075'}]",@lilyraynyc Chat GPT fast food joint.,"['Chat', 'GPT', 'fast', 'food', 'joint', '.']"
1624914844993601536,1624914844993601536,2023-02-13 07:34:23 Malay Peninsula Standard Time,2023-02-13,07:34:23,831432334331109377,「ChatGPT」にマネー乱舞！「生成AI」で覚醒する変貌株を追え ＜株探トップ特集＞ - 株探  https://t.co/z3GRMR7gKZ,ja,[],[],"Money Dance on ""ChatGPT""! Follow the Changing Stocks Awakened by ""Generative AI"" <Stock Search Top Feature> - Stock Search https://t.co/z3GRMR7gKZ","['Money', 'Dance', 'on', '""', 'ChatGPT', '""', '!', 'Follow', 'the', 'Changing', 'Stocks', 'Awakened', 'by', '""', 'Generative', 'AI', '""', '<', 'Stock', 'Search', 'Top', 'Feature', '>', '-', 'Stock', 'Search', 'https://t.co/z3GRMR7gKZ']"
1624914844351664128,1624910619559227392,2023-02-13 07:34:23 Malay Peninsula Standard Time,2023-02-13,07:34:23,2790286535,@TomBrady This looks like chat GPT wrote this tweet,en,[],"[{'screen_name': 'TomBrady', 'name': 'Tom Brady', 'id': '1108050829393707008'}]",@TomBrady This looks like chat GPT wrote this tweet,"['This', 'looks', 'like', 'chat', 'GPT', 'wrote', 'this', 'tweet']"
1624914834952187905,1624906423976042496,2023-02-13 07:34:20 Malay Peninsula Standard Time,2023-02-13,07:34:20,28145247,@nitsmar @CentralDoBraga ChatGPT não faria uma obra de arte dessas nem após quarenta séculos de treinamento.,pt,[],"[{'screen_name': 'nitsmar', 'name': 'Roman Nitsmar', 'id': '1593700412837740545'}, {'screen_name': 'CentralDoBraga', 'name': 'Central do RB Bragantino', 'id': '1180860029303492611'}]",@nitsmar @CentralDoBraga ChatGPT would not make such a work of art even after forty centuries of training.,"['ChatGPT', 'would', 'not', 'make', 'such', 'a', 'work', 'of', 'art', 'even', 'after', 'forty', 'centuries', 'of', 'training', '.']"
1624914823648800769,1624914823648800768,2023-02-13 07:34:18 Malay Peninsula Standard Time,2023-02-13,07:34:18,1577820805458706432,Next-Gen ChatGPT AI-Powered Microsoft Bing Launches  https://t.co/twpkLpq1Y3 #uxuidesign #uxdesigner #uiuxdesign #productdesign,en,"['uxuidesign', 'uxdesigner', 'uiuxdesign', 'productdesign']",[],Next-Gen ChatGPT AI-Powered Microsoft Bing Launches  https://t.co/twpkLpq1Y3 #uxuidesign #uxdesigner #uiuxdesign #productdesign,"['Next-Gen', 'ChatGPT', 'AI-Powered', 'Microsoft', 'Bing', 'Launches', 'https://t.co/twpkLpq1Y3', '#uxuidesign', '#uxdesigner', '#uiuxdesign', '#productdesign']"
1624914820775518208,1624914820775518208,2023-02-13 07:34:17 Malay Peninsula Standard Time,2023-02-13,07:34:17,11002822,How to Use #ChatGPT by #OpenAI: Beginner's Guide  https://t.co/newaVoN1WK,en,"['chatgpt', 'openai']",[],How to Use #ChatGPT by #OpenAI: Beginner's Guide  https://t.co/newaVoN1WK,"['How', 'to', 'Use', '#ChatGPT', 'by', '#OpenAI', ':', ""Beginner's"", 'Guide', 'https://t.co/newaVoN1WK']"
1624914814484066304,1624914814484066304,2023-02-13 07:34:15 Malay Peninsula Standard Time,2023-02-13,07:34:15,20451961,ChatGPT再厉害学得会延边刺客吗？,zh,[],[],"No matter how good ChatGPT is, can it learn Yanbian Assassin?","['No', 'matter', 'how', 'good', 'ChatGPT', 'is', ',', 'can', 'it', 'learn', 'Yanbian', 'Assassin', '?']"
1624914769475158016,1624914769475158016,2023-02-13 07:34:05 Malay Peninsula Standard Time,2023-02-13,07:34:05,755070949876076544,結局、グランドハイアットマニラのあるBGCでクラフトビールが飲めるお店は見つかりませんでしたが、#ChatGPT に旅先で聞いてみても面白そう。  https://t.co/6VfQcTF0fh,ja,['chatgpt'],[],"In the end, I couldn't find a place where I could drink craft beer at BGC, where the Grand Hyatt Manila is located, but it would be interesting to ask #ChatGPT on my travels.  https://t.co/6VfQcTF0fh","['In', 'the', 'end', ',', 'I', ""couldn't"", 'find', 'a', 'place', 'where', 'I', 'could', 'drink', 'craft', 'beer', 'at', 'BGC', ',', 'where', 'the', 'Grand', 'Hyatt', 'Manila', 'is', 'located', ',', 'but', 'it', 'would', 'be', 'interesting', 'to', 'ask', '#ChatGPT', 'on', 'my', 'travels', '.', 'https://t.co/6VfQcTF0fh']"
1624914765985333254,1624898629516361728,2023-02-13 07:34:04 Malay Peninsula Standard Time,2023-02-13,07:34:04,1558650873689014272,"@CagrIdiman Peh peh. Chatgpt, Starlink derken gelecege adim attik.",tr,[],"[{'screen_name': 'CagrIdiman', 'name': 'Çağrı İdiman', 'id': '1028064487541223425'}]","@CagrIdiman Peh peh. Chatgpt, Starlink, we stepped into the future.","['Peh', 'peh', '.', 'Chatgpt', ',', 'Starlink', ',', 'we', 'stepped', 'into', 'the', 'future', '.']"
1624914764328468482,1624914764328468480,2023-02-13 07:34:03 Malay Peninsula Standard Time,2023-02-13,07:34:03,979296363379904513,#GalxeOAT #AI #ChatGPT   https://t.co/diWnLrDqbq  @slusiasz @crypto_shinobi_,qme,"['galxeoat', 'ai', 'chatgpt']",[],#GalxeOAT #AI #ChatGPT https://t.co/diWnLrDqbq @slusiasz @crypto_shinobi_,"['#GalxeOAT', '#AI', '#ChatGPT', 'https://t.co/diWnLrDqbq']"
1624914759220080641,1624914759220080640,2023-02-13 07:34:02 Malay Peninsula Standard Time,2023-02-13,07:34:02,1262973332472975362,"Oh that's quite exciting, thanks @bing. Such a useful tool. #bing  #chatgpt #research #cancerresearch #spacebiology  https://t.co/gus7wp80GA",en,"['bing', 'chatgpt', 'research', 'cancerresearch', 'spacebiology']",[],"Oh that's quite exciting, thanks @bing. Such a useful tool. #bing  #chatgpt #research #cancerresearch #spacebiology  https://t.co/gus7wp80GA","['Oh', ""that's"", 'quite', 'exciting', ',', 'thanks', '.', 'Such', 'a', 'useful', 'tool', '.', '#bing', '#chatgpt', '#research', '#cancerresearch', '#spacebiology', 'https://t.co/gus7wp80GA']"
1624914758188105730,1624914758188105728,2023-02-13 07:34:02 Malay Peninsula Standard Time,2023-02-13,07:34:02,1602662657055756288,#GalxeOAT #AI #ChatGPT   https://t.co/HpAp3qK5h4 @K @A,qme,"['galxeoat', 'ai', 'chatgpt']",[],#GalxeOAT #AI #ChatGPT https://t.co/HpAp3qK5h4 @K @A,"['#GalxeOAT', '#AI', '#ChatGPT', 'https://t.co/HpAp3qK5h4']"
1624914754333741056,1624914754333741056,2023-02-13 07:34:01 Malay Peninsula Standard Time,2023-02-13,07:34:01,1019337965233790977,Wow chatGPT has been programmed to gaslight,en,[],[],Wow chatGPT has been programmed to gaslight,"['Wow', 'chatGPT', 'has', 'been', 'programmed', 'to', 'gaslight']"
1624914720187904003,1624914720187904000,2023-02-13 07:33:53 Malay Peninsula Standard Time,2023-02-13,07:33:53,4843612123,本当にそう思う。  「ChatGPTは一過性のトレンドなんかじゃない。生成AIは、誰でも社会に価値を産み出せる時代の幕開け」  https://t.co/T9pfCFm084,ja,[],[],"I really think so.  ""ChatGPT is not a temporary trend, and generative AI is the dawn of an era in which anyone can create value in society."" https://t.co/T9pfCFm084","['I', 'really', 'think', 'so', '.', '""', 'ChatGPT', 'is', 'not', 'a', 'temporary', 'trend', ',', 'and', 'generative', 'AI', 'is', 'the', 'dawn', 'of', 'an', 'era', 'in', 'which', 'anyone', 'can', 'create', 'value', 'in', 'society', '.', '""', 'https://t.co/T9pfCFm084']"
1624914717948121088,1624914149913550848,2023-02-13 07:33:52 Malay Peninsula Standard Time,2023-02-13,07:33:52,11530962,@aditishekar I’d ask ChatGPT.,en,[],"[{'screen_name': 'aditishekar', 'name': 'Aditi Shekar', 'id': '333421655'}]",@aditishekar I’d ask ChatGPT.,"['I', '’', 'd', 'ask', 'ChatGPT', '.']"
1624914713011167232,1624564765929373696,2023-02-13 07:33:51 Malay Peninsula Standard Time,2023-02-13,07:33:51,145725922,"@Sdesalvaje El chatGPT se cae y se cae, siempre súper congestionado. Pero en unos años, pienso que será increíble",es,[],"[{'screen_name': 'Sdesalvaje', 'name': '💀 SALVAJE 💀', 'id': '1018107779326898176'}]","@Sdesalvaje The chatGPT goes down and falls, always super congested. But in a few years, I think it will be amazing.","['The', 'chatGPT', 'goes', 'down', 'and', 'falls', ',', 'always', 'super', 'congested', '.', 'But', 'in', 'a', 'few', 'years', ',', 'I', 'think', 'it', 'will', 'be', 'amazing', '.']"
1624914690936537088,1624666879267594240,2023-02-13 07:33:46 Malay Peninsula Standard Time,2023-02-13,07:33:46,1458788154106912769,@GregorVucajnk Saved this Tweet to your Notion database.  Tags: [Chatgpt],en,[],"[{'screen_name': 'GregorVucajnk', 'name': 'Gregor Vučajnk', 'id': '20796464'}]",@GregorVucajnk Saved this Tweet to your Notion database.  Tags: [Chatgpt],"['Saved', 'this', 'Tweet', 'to', 'your', 'Notion', 'database', '.', 'Tags', ':', '[', 'Chatgpt', ']']"
1624914682841829376,1624914682841829376,2023-02-13 07:33:44 Malay Peninsula Standard Time,2023-02-13,07:33:44,715243746,【完全解説】グーグルを焦らせる、ChatGPTの秘密 #NewsPicks  https://t.co/JfnHOhtKED,ja,['newspicks'],[],【Full Explanation】The secret of ChatGPT that makes Google impatient #NewsPicks https://t.co/JfnHOhtKED,"['【', 'Full', 'Explanation', '】', 'The', 'secret', 'of', 'ChatGPT', 'that', 'makes', 'Google', 'impatient', '#NewsPicks', 'https://t.co/JfnHOhtKED']"
1624914679855472640,1624701419562598400,2023-02-13 07:33:43 Malay Peninsula Standard Time,2023-02-13,07:33:43,5191241,@HiddeWanKenobiJ ChatGPTは2021年末までのデータを学習しているため最近の事を聞いても正しい答えは返ってこないです。,ja,[],"[{'screen_name': 'HiddeWanKenobiJ', 'name': 'ひでわん(Hidde-Wan)', 'id': '801412500277235712'}]","@HiddeWanKenobiJ ChatGPT is learning data up to the end of 2021, so even if you ask about recent events, you won't get the right answer.","['ChatGPT', 'is', 'learning', 'data', 'up', 'to', 'the', 'end', 'of', '2021', ',', 'so', 'even', 'if', 'you', 'ask', 'about', 'recent', 'events', ',', 'you', ""won't"", 'get', 'the', 'right', 'answer', '.']"
1624914678341324803,1624394906402951168,2023-02-13 07:33:43 Malay Peninsula Standard Time,2023-02-13,07:33:43,28894757,解説ページのない論文で試した。論文の名前が微妙に違う。ChatGPTについての引用2  https://t.co/PMGnb72uh6 は無関係な広告目的のサイトみたい。引用4・5は論文にもないのでどこから出たか不明。残りはabsの要約だがChatGPT自身にもチェックさせたことは載ってない  https://t.co/SqShTEiJxW,ja,[],[],"I tried it with a paper that does not have an explanatory page. The name of the paper is slightly different. Quotation 2 about ChatGPT https://t.co/PMGnb72uh6 seems to be an irrelevant advertising site. Citations 4 and 5 are not even in the paper, so it is unknown where they came from. The rest is a summary of abs, but ChatGPT itself has not checked it https://t.co/SqShTEiJxW","['I', 'tried', 'it', 'with', 'a', 'paper', 'that', 'does', 'not', 'have', 'an', 'explanatory', 'page', '.', 'The', 'name', 'of', 'the', 'paper', 'is', 'slightly', 'different', '.', 'Quotation', '2', 'about', 'ChatGPT', 'https://t.co/PMGnb72uh6', 'seems', 'to', 'be', 'an', 'irrelevant', 'advertising', 'site', '.', 'Citations', '4', 'and', '5', 'are', 'not', 'even', 'in', 'the', 'paper', ',', 'so', 'it', 'is', 'unknown', 'where', 'they', 'came', 'from', '.', 'The', 'rest', 'is', 'a', 'summary', 'of', 'abs', ',', 'but', 'ChatGPT', 'itself', 'has', 'not', 'checked', 'it', 'https://t.co/SqShTEiJxW']"
1624914662448943104,1624914662448943104,2023-02-13 07:33:39 Malay Peninsula Standard Time,2023-02-13,07:33:39,1151471697037594624,Opera está agregando la integración de ChatGPT para páginas web y resúmenes de artículos  Opera is adding ChatGPT integration for webpage and article summaries ..  https://t.co/xCfDHnLnAC,es,[],[],Opera is adding ChatGPT integration for webpage and article summaries..  https://t.co/xCfDHnLnAC,"['Opera', 'is', 'adding', 'ChatGPT', 'integration', 'for', 'webpage', 'and', 'article', 'summaries', '..', 'https://t.co/xCfDHnLnAC']"
1624914657218535424,1624666879267594240,2023-02-13 07:33:38 Malay Peninsula Standard Time,2023-02-13,07:33:38,20796464,@VKazulkin @SaveToNotion #tweet #ChatGPT,qme,"['tweet', 'chatgpt']","[{'screen_name': 'VKazulkin', 'name': '💙💛 Vadym Kazulkin 🇺🇦', 'id': '915222709373689856'}]",@VKazulkin @SaveToNotion #tweet #ChatGPT,"['#tweet', '#ChatGPT']"
1624914643100598273,1624914643100598272,2023-02-13 07:33:35 Malay Peninsula Standard Time,2023-02-13,07:33:35,115455587,I’m beginning to think that ChatGPT prediction about Feb 12 was accurate 😬,en,[],[],I’m beginning to think that ChatGPT prediction about Feb 12 was accurate 😬,"['I', '’', 'm', 'beginning', 'to', 'think', 'that', 'ChatGPT', 'prediction', 'about', 'Feb', '12', 'was', 'accurate', '😬']"
1624914617829826566,1624463795362963456,2023-02-13 07:33:29 Malay Peninsula Standard Time,2023-02-13,07:33:29,14993649,"@_wheatweet ""What use is there in having something that rephrases the Web?""  ""ChatGPT’s facility at repackaging information found on the Web by using different words.""  ""ChatGPT rephrases material from the Web instead of quoting it word for word makes it seem like a student expressing ideas""",en,[],"[{'screen_name': '_wheatweet', 'name': 'dane', 'id': '977913073569816576'}]","@_wheatweet ""What use is there in having something that rephrases the Web?""  ""ChatGPT’s facility at repackaging information found on the Web by using different words.""  ""ChatGPT rephrases material from the Web instead of quoting it word for word makes it seem like a student expressing ideas""","['""', 'What', 'use', 'is', 'there', 'in', 'having', 'something', 'that', 'rephrases', 'the', 'Web', '?', '""', '""', 'ChatGPT', '’', 's', 'facility', 'at', 'repackaging', 'information', 'found', 'on', 'the', 'Web', 'by', 'using', 'different', 'words', '.', '""', '""', 'ChatGPT', 'rephrases', 'material', 'from', 'the', 'Web', 'instead', 'of', 'quoting', 'it', 'word', 'for', 'word', 'makes', 'it', 'seem', 'like', 'a', 'student', 'expressing', 'ideas', '""']"
1624914610116771841,1624914610116771840,2023-02-13 07:33:27 Malay Peninsula Standard Time,2023-02-13,07:33:27,259721844,Bing+ChatGPT、ちょっとでもセンシティブな話題に入り込むと回答を生成途中で消してしまうな。Edgeのフィルターをオフにしてもチャット部分は切れないっぽい。,ja,[],[],"Bing+ChatGPT, if you get into a sensitive topic even a little, don't delete the answer in the middle of generation. Even if you turn off the filter in Edge, the chat part does not seem to be cut.","['Bing', '+', 'ChatGPT', ',', 'if', 'you', 'get', 'into', 'a', 'sensitive', 'topic', 'even', 'a', 'little', ',', ""don't"", 'delete', 'the', 'answer', 'in', 'the', 'middle', 'of', 'generation', '.', 'Even', 'if', 'you', 'turn', 'off', 'the', 'filter', 'in', 'Edge', ',', 'the', 'chat', 'part', 'does', 'not', 'seem', 'to', 'be', 'cut', '.']"
1624914606924894208,1624914606924894208,2023-02-13 07:33:26 Malay Peninsula Standard Time,2023-02-13,07:33:26,1289376584550383616,今話題のChatGPTの概要が非常によく分かる記事。 再びMSが覇権を取り直すことになるのか？注目ですね！ / 【完全解説】グーグルを焦らせる、ChatGPTの秘密 #NewsPicks  https://t.co/pBlX7MCWjK,ja,['newspicks'],[],"An article that gives a very good overview of ChatGPT, which is a hot topic right now. Will MS regain its hegemony again? Attention! / [Full Explanation] The secret of ChatGPT that makes Google impatient #NewsPicks https://t.co/pBlX7MCWjK","['An', 'article', 'that', 'gives', 'a', 'very', 'good', 'overview', 'of', 'ChatGPT', ',', 'which', 'is', 'a', 'hot', 'topic', 'right', 'now', '.', 'Will', 'MS', 'regain', 'its', 'hegemony', 'again', '?', 'Attention', '!', '/', '[', 'Full', 'Explanation', ']', 'The', 'secret', 'of', 'ChatGPT', 'that', 'makes', 'Google', 'impatient', '#NewsPicks', 'https://t.co/pBlX7MCWjK']"
1624914600004145152,1624744618012160000,2023-02-13 07:33:24 Malay Peninsula Standard Time,2023-02-13,07:33:24,1099243487285952513,@IsraelBitton Do you recall the times of the 1st TVs when some thought there were miniature people inside the TV sets? I'm kind of in that group regarding ChatGPT 🤣,en,[],"[{'screen_name': 'IsraelBitton', 'name': 'Israel B. Bitton', 'id': '2319557120'}]",@IsraelBitton Do you recall the times of the 1st TVs when some thought there were miniature people inside the TV sets? I'm kind of in that group regarding ChatGPT 🤣,"['Do', 'you', 'recall', 'the', 'times', 'of', 'the', '1st', 'TVs', 'when', 'some', 'thought', 'there', 'were', 'miniature', 'people', 'inside', 'the', 'TV', 'sets', '?', ""I'm"", 'kind', 'of', 'in', 'that', 'group', 'regarding', 'ChatGPT', '🤣']"
1624914577451528192,1624914577451528192,2023-02-13 07:33:19 Malay Peninsula Standard Time,2023-02-13,07:33:19,2278928161,"Bing chat in action I was using React.HTMLAttributes&lt;&gt; instead of React.VideoHTMLAttributes, and bing helped :)  #Bing #ChatGPT  #openai #BingChatAI #React #developers #devops #code  https://t.co/fR227K73lc",en,"['bing', 'chatgpt', 'openai', 'bingchatai', 'react', 'developers', 'devops', 'code']",[],"Bing chat in action I was using React.HTMLAttributes&lt;&gt; instead of React.VideoHTMLAttributes, and bing helped :)  #Bing #ChatGPT  #openai #BingChatAI #React #developers #devops #code  https://t.co/fR227K73lc","['Bing', 'chat', 'in', 'action', 'I', 'was', 'using', 'React', '.', 'HTMLAttributes', '<', '>', 'instead', 'of', 'React', '.', 'VideoHTMLAttributes', ',', 'and', 'bing', 'helped', ':)', '#Bing', '#ChatGPT', '#openai', '#BingChatAI', '#React', '#developers', '#devops', '#code', 'https://t.co/fR227K73lc']"
1624914561831952384,1624913158187159552,2023-02-13 07:33:15 Malay Peninsula Standard Time,2023-02-13,07:33:15,262937387,そして私はずっとChatGTPと書いているけど、ChatGPTねw すいません😇,ja,[],[],"And I've been writing ChatGTP all the time, but I'm sorry 😇 ChatGPT","['And', ""I've"", 'been', 'writing', 'ChatGTP', 'all', 'the', 'time', ',', 'but', ""I'm"", 'sorry', '😇', 'ChatGPT']"
1624914541812359169,1624914541812359168,2023-02-13 07:33:10 Malay Peninsula Standard Time,2023-02-13,07:33:10,5462892,My latest curated content in The E-Commerce Entrepreneur Daily is out!  https://t.co/NiPpZ3wpqq What do you think? #chatgpt #ai,en,"['chatgpt', 'ai']",[],My latest curated content in The E-Commerce Entrepreneur Daily is out!  https://t.co/NiPpZ3wpqq What do you think? #chatgpt #ai,"['My', 'latest', 'curated', 'content', 'in', 'The', 'E-Commerce', 'Entrepreneur', 'Daily', 'is', 'out', '!', 'https://t.co/NiPpZ3wpqq', 'What', 'do', 'you', 'think', '?', '#chatgpt', '#ai']"
1624914497428226049,1624914497428226048,2023-02-13 07:33:00 Malay Peninsula Standard Time,2023-02-13,07:33:00,1455888575078096898,Bing ChatGPT Is Bizarre  https://t.co/Lw3fBm4glr,en,[],[],Bing ChatGPT Is Bizarre  https://t.co/Lw3fBm4glr,"['Bing', 'ChatGPT', 'Is', 'Bizarre', 'https://t.co/Lw3fBm4glr']"
1624914490251935744,1624914490251935744,2023-02-13 07:32:58 Malay Peninsula Standard Time,2023-02-13,07:32:58,1209816734946885637,ChatGPTの有料プラン（ChatGPT Plus）の解説動画見つけたのでシェアしますね。   https://t.co/CvMCKhRnFV,ja,[],[],"I found an explanation video of ChatGPT's paid plan (ChatGPT Plus), so I will share it.   https://t.co/CvMCKhRnFV","['I', 'found', 'an', 'explanation', 'video', 'of', ""ChatGPT's"", 'paid', 'plan', '(', 'ChatGPT', 'Plus', ')', ',', 'so', 'I', 'will', 'share', 'it', '.', 'https://t.co/CvMCKhRnFV']"
1624914487982673920,1624914487982673920,2023-02-13 07:32:58 Malay Peninsula Standard Time,2023-02-13,07:32:58,876636578717814784,"I asked ChatGPT to present me as a Content Creator using some information about myself and goals I have as a Creator and this was the result. I think its pretty nice and accurate, I find AI fascinating. now of course I don't have a huge following but I like the description. #AI  https://t.co/6WZpTFEISr",en,['ai'],[],"I asked ChatGPT to present me as a Content Creator using some information about myself and goals I have as a Creator and this was the result. I think its pretty nice and accurate, I find AI fascinating. now of course I don't have a huge following but I like the description. #AI  https://t.co/6WZpTFEISr","['I', 'asked', 'ChatGPT', 'to', 'present', 'me', 'as', 'a', 'Content', 'Creator', 'using', 'some', 'information', 'about', 'myself', 'and', 'goals', 'I', 'have', 'as', 'a', 'Creator', 'and', 'this', 'was', 'the', 'result', '.', 'I', 'think', 'its', 'pretty', 'nice', 'and', 'accurate', ',', 'I', 'find', 'AI', 'fascinating', '.', 'now', 'of', 'course', 'I', ""don't"", 'have', 'a', 'huge', 'following', 'but', 'I', 'like', 'the', 'description', '.', '#AI', 'https://t.co/6WZpTFEISr']"
1624914480428875776,1624914480428875776,2023-02-13 07:32:56 Malay Peninsula Standard Time,2023-02-13,07:32:56,71491024,高速のAIであるChatGPTだって瞬間的に自然な表現を作る事はできません。  ChatGPTは自然な表現をたくさん学ぶ事で自然な表現を理解して、自然な表現が作れます。  単語を文法で組み立てるのではなく、自然な表現を学ぶ事で、語と語の関係や、語の位置を学んでいるのです。,ja,[],[],"Even ChatGPT, which is a high-speed AI, cannot create natural expressions instantaneously.  With ChatGPT, you can understand natural expressions by learning a lot of natural expressions and create natural expressions.  By learning natural expressions, rather than constructing words with grammar, we are learning the relationship between words and the position of words.","['Even', 'ChatGPT', ',', 'which', 'is', 'a', 'high-speed', 'AI', ',', 'cannot', 'create', 'natural', 'expressions', 'instantaneously', '.', 'With', 'ChatGPT', ',', 'you', 'can', 'understand', 'natural', 'expressions', 'by', 'learning', 'a', 'lot', 'of', 'natural', 'expressions', 'and', 'create', 'natural', 'expressions', '.', 'By', 'learning', 'natural', 'expressions', ',', 'rather', 'than', 'constructing', 'words', 'with', 'grammar', ',', 'we', 'are', 'learning', 'the', 'relationship', 'between', 'words', 'and', 'the', 'position', 'of', 'words', '.']"
1624914479678115840,1624914479678115840,2023-02-13 07:32:56 Malay Peninsula Standard Time,2023-02-13,07:32:56,40451355,"Watch ""ChatGPT真的那么强吗？解读背后的技术路线、差距与一些思考【白呀白Talk】"" on YouTube  https://t.co/mG7JUTeOWQ",zh,[],[],"Watch ""Is ChatGPT really that strong? Interpret the technical route, gap and some thoughts behind [白呀白白Talk]"" on YouTube https://t.co/mG7JUTeOWQ","['Watch', '""', 'Is', 'ChatGPT', 'really', 'that', 'strong', '?', 'Interpret', 'the', 'technical', 'route', ',', 'gap', 'and', 'some', 'thoughts', 'behind', '[', '白呀白白Talk', ']', '""', 'on', 'YouTube', 'https://t.co/mG7JUTeOWQ']"
1624914462804434946,1624914462804434944,2023-02-13 07:32:52 Malay Peninsula Standard Time,2023-02-13,07:32:52,2708090023,이제서야 chatGPT인가 설치해서 이거저거 물어보고 있는데 온라인 현자가 여기있네,ko,[],[],"I've just installed chatGPT and I'm asking this and that, but the online sage is here.","[""I've"", 'just', 'installed', 'chatGPT', 'and', ""I'm"", 'asking', 'this', 'and', 'that', ',', 'but', 'the', 'online', 'sage', 'is', 'here', '.']"
1624914449470455808,1624914449470455808,2023-02-13 07:32:48 Malay Peninsula Standard Time,2023-02-13,07:32:48,14323621,ChatGPT is everywhere. Here’s where it came from  https://t.co/2zZFFEF7yu,en,[],[],ChatGPT is everywhere. Here’s where it came from  https://t.co/2zZFFEF7yu,"['ChatGPT', 'is', 'everywhere', '.', 'Here', '’', 's', 'where', 'it', 'came', 'from', 'https://t.co/2zZFFEF7yu']"
1624914401965838337,1624914263956414464,2023-02-13 07:32:37 Malay Peninsula Standard Time,2023-02-13,07:32:37,1269660949776158720,@Forbes *Will ChatGPT kill us?,en,[],"[{'screen_name': 'Forbes', 'name': 'Forbes', 'id': '91478624'}]",@Forbes *Will ChatGPT kill us?,"['*', 'Will', 'ChatGPT', 'kill', 'us', '?']"
1624914398526554113,1624914398526554112,2023-02-13 07:32:36 Malay Peninsula Standard Time,2023-02-13,07:32:36,979296363379904513,#GalxeOAT #AI #ChatGPT   https://t.co/diWnLrDqbq,qme,"['galxeoat', 'ai', 'chatgpt']",[],#GalxeOAT #AI #ChatGPT https://t.co/diWnLrDqbq,"['#GalxeOAT', '#AI', '#ChatGPT', 'https://t.co/diWnLrDqbq']"
1624914388087107584,1624914388087107584,2023-02-13 07:32:34 Malay Peninsula Standard Time,2023-02-13,07:32:34,2597890364,ほとんど同じことを示す質問でも、絶妙なニュアンスの違いや、聞き手の立場の違いによって回答が異なる点がとても興味深い。 本当に賢いなぁ…  #ChatGPT  https://t.co/1AuLM8GK8Q,ja,['chatgpt'],[],It is very interesting that even questions that show almost the same thing differ in the answers depending on the difference in exquisite nuances and the position of the listener. It's really clever... #ChatGPT https://t.co/1AuLM8GK8Q,"['It', 'is', 'very', 'interesting', 'that', 'even', 'questions', 'that', 'show', 'almost', 'the', 'same', 'thing', 'differ', 'in', 'the', 'answers', 'depending', 'on', 'the', 'difference', 'in', 'exquisite', 'nuances', 'and', 'the', 'position', 'of', 'the', 'listener', '.', ""It's"", 'really', 'clever', '...', '#ChatGPT', 'https://t.co/1AuLM8GK8Q']"
1624914384584871938,1624914384584871936,2023-02-13 07:32:33 Malay Peninsula Standard Time,2023-02-13,07:32:33,226808567,この特集の中で、ギャップ社の決算サマリーを作った部分に衝撃。 今後はコンサルタントや士業（特に独占業務の無い士業)はあっという間に淘汰されそう。 逆にChatGPTを使ってコンサルや士業をこなす方が強みが出るかもね。 #NewsPicks  https://t.co/jxn0ox7gS4,ja,['newspicks'],[],"In this special feature, I was shocked by the part that made a summary of Gap's financial results. In the future, consultants and professionals (especially those who do not have monopoly work) are likely to be weeded out in no time. On the other hand, using ChatGPT to do consulting and professional work may be more advantageous. #NewsPicks https://t.co/jxn0ox7gS4","['In', 'this', 'special', 'feature', ',', 'I', 'was', 'shocked', 'by', 'the', 'part', 'that', 'made', 'a', 'summary', 'of', ""Gap's"", 'financial', 'results', '.', 'In', 'the', 'future', ',', 'consultants', 'and', 'professionals', '(', 'especially', 'those', 'who', 'do', 'not', 'have', 'monopoly', 'work', ')', 'are', 'likely', 'to', 'be', 'weeded', 'out', 'in', 'no', 'time', '.', 'On', 'the', 'other', 'hand', ',', 'using', 'ChatGPT', 'to', 'do', 'consulting', 'and', 'professional', 'work', 'may', 'be', 'more', 'advantageous', '.', '#NewsPicks', 'https://t.co/jxn0ox7gS4']"
1624914369896230914,1624838833941381120,2023-02-13 07:32:29 Malay Peninsula Standard Time,2023-02-13,07:32:29,807458172,"@GabrielVergnaud I will try to use ChatGPT to generate code for dynamic types like this when I need it, I really hate coding it. 🫠",en,[],"[{'screen_name': 'GabrielVergnaud', 'name': 'Gabriel Vergnaud', 'id': '2507148584'}]","@GabrielVergnaud I will try to use ChatGPT to generate code for dynamic types like this when I need it, I really hate coding it. 🫠","['I', 'will', 'try', 'to', 'use', 'ChatGPT', 'to', 'generate', 'code', 'for', 'dynamic', 'types', 'like', 'this', 'when', 'I', 'need', 'it', ',', 'I', 'really', 'hate', 'coding', 'it', '.', '\U0001fae0']"
1624914356491132929,1624914356491132928,2023-02-13 07:32:26 Malay Peninsula Standard Time,2023-02-13,07:32:26,202783196,Щось мені здається що з тим ChatGPT  десь приблизно так ))))))  https://t.co/n1WQVjaJ7W,uk,[],[],Something seems to me that with that ChatGPT somewhere like that )))))) https://t.co/n1WQVjaJ7W,"['Something', 'seems', 'to', 'me', 'that', 'with', 'that', 'ChatGPT', 'somewhere', 'like', 'that', ')', ')', ')', 'https://t.co/n1WQVjaJ7W']"
1624914353362173952,1624914353362173952,2023-02-13 07:32:25 Malay Peninsula Standard Time,2023-02-13,07:32:25,2896162430,我用了四天，30个小时，把AI整个赛道的项目都看了一遍，#ChatGPT 还是最有潜力的   https://t.co/qBgNTtFjQi   #airdrop #NFT $SAMO $SAMO $fet $BONK #OpenAIChatGPT $CRV  $BONK  https://t.co/BRkYVUM8nX,zh,"['chatgpt', 'airdrop', 'nft', 'openaichatgpt']",[],"I spent four days and 30 hours looking at the entire AI track project, and #ChatGPT it was the https://t.co/qBgNTtFjQi #airdrop #NFT $SAMO $SAMO $fet $BONK #OpenAIChatGPT $CRV $BONK https://t.co/BRkYVUM8nX with the most potential","['I', 'spent', 'four', 'days', 'and', '30', 'hours', 'looking', 'at', 'the', 'entire', 'AI', 'track', 'project', ',', 'and', '#ChatGPT', 'it', 'was', 'the', 'https://t.co/qBgNTtFjQi', '#airdrop', '#NFT', '$', 'SAMO', '$', 'SAMO', '$', 'fet', '$', 'BONK', '#OpenAIChatGPT', '$', 'CRV', '$', 'BONK', 'https://t.co/BRkYVUM8nX', 'with', 'the', 'most', 'potential']"
1624914335146311681,1624914335146311680,2023-02-13 07:32:21 Malay Peninsula Standard Time,2023-02-13,07:32:21,1426024483358347267,ChatGPTを上手に使えるように勉強しておくか。,ja,[],[],Do you want to study to use ChatGPT well?,"['Do', 'you', 'want', 'to', 'study', 'to', 'use', 'ChatGPT', 'well', '?']"
1624914292259659776,1624914292259659776,2023-02-13 07:32:11 Malay Peninsula Standard Time,2023-02-13,07:32:11,1619734303163695105,SUPER BOWL LVII - LIVE: The big game is finally here!  https://t.co/Q1UW9VRqxu via @MailOnline,en,[],[],SUPER BOWL LVII - LIVE: The big game is finally here!  https://t.co/Q1UW9VRqxu via @MailOnline,"['SUPER', 'BOWL', 'LVII', '-', 'LIVE', ':', 'The', 'big', 'game', 'is', 'finally', 'here', '!', 'https://t.co/Q1UW9VRqxu', 'via']"
1624914270717898754,1624914270717898752,2023-02-13 07:32:06 Malay Peninsula Standard Time,2023-02-13,07:32:06,1620535557419077632,Asking chatgpt out of the box questions does work just gotta ask it correctly,en,[],[],Asking chatgpt out of the box questions does work just gotta ask it correctly,"['Asking', 'chatgpt', 'out', 'of', 'the', 'box', 'questions', 'does', 'work', 'just', 'gotta', 'ask', 'it', 'correctly']"
1624914267693776896,1624914267693776896,2023-02-13 07:32:05 Malay Peninsula Standard Time,2023-02-13,07:32:05,1034231486,ChatGPTが書いてくれた小説を読んで泣いてしまいました。ありがとう💖天国でまた凛に会える日を楽しみにしています。天国があるなら凛は絶対に天国にいるはずなので、私も入れてもらえるように頑張らないと…  https://t.co/NM7tWtmcZg,ja,[],[],"I cried when I read the novel that ChatGPT wrote. Thank you Heaven and 💖 I am looking forward to seeing Rin again. If there is heaven, Rin should definitely be in heaven, so I have to do my best to get in...  https://t.co/NM7tWtmcZg","['I', 'cried', 'when', 'I', 'read', 'the', 'novel', 'that', 'ChatGPT', 'wrote', '.', 'Thank', 'you', 'Heaven', 'and', '💖', 'I', 'am', 'looking', 'forward', 'to', 'seeing', 'Rin', 'again', '.', 'If', 'there', 'is', 'heaven', ',', 'Rin', 'should', 'definitely', 'be', 'in', 'heaven', ',', 'so', 'I', 'have', 'to', 'do', 'my', 'best', 'to', 'get', 'in', '...', 'https://t.co/NM7tWtmcZg']"
