id,conversation_id,created_at,date,time,user_id,tweet,language,hashtags,reply_to,translated_text,tokenized_text
1629620639702175747,1629620639702175744,2023-02-26 07:13:32 Malay Peninsula Standard Time,2023-02-26,07:13:32,3100943399,ChatGPTちゃん、いま話題のLGBT法案に物申すの巻。,ja,[],[],"ChatGPT-chan, a volume of complaints about the LGBT bill, which is a hot topic right now.","['ChatGPT-chan', ',', 'a', 'volume', 'of', 'complaints', 'about', 'the', 'LGBT', 'bill', ',', 'which', 'is', 'a', 'hot', 'topic', 'right', 'now', '.']"
1629620636808085510,1629519661694943232,2023-02-26 07:13:31 Malay Peninsula Standard Time,2023-02-26,07:13:31,1611682493555433472,"@nickfloats Hey Nick, I want to use mid-journey to create AI assets to use in my next short film but I am broke! Here a test shot with AI created background. AI created face, AI face replacement, AI voice replacement and AI animation effect. Even got chat gpt to write the dialogue 👇🏻  https://t.co/D1F5gewzJs",en,[],"[{'screen_name': 'nickfloats', 'name': 'Nick St. Pierre', 'id': '146358342'}]","@nickfloats Hey Nick, I want to use mid-journey to create AI assets to use in my next short film but I am broke! Here a test shot with AI created background. AI created face, AI face replacement, AI voice replacement and AI animation effect. Even got chat gpt to write the dialogue 👇🏻  https://t.co/D1F5gewzJs","['Hey', 'Nick', ',', 'I', 'want', 'to', 'use', 'mid-journey', 'to', 'create', 'AI', 'assets', 'to', 'use', 'in', 'my', 'next', 'short', 'film', 'but', 'I', 'am', 'broke', '!', 'Here', 'a', 'test', 'shot', 'with', 'AI', 'created', 'background', '.', 'AI', 'created', 'face', ',', 'AI', 'face', 'replacement', ',', 'AI', 'voice', 'replacement', 'and', 'AI', 'animation', 'effect', '.', 'Even', 'got', 'chat', 'gpt', 'to', 'write', 'the', 'dialogue', '👇🏻', 'https://t.co/D1F5gewzJs']"
1629620627714764801,1629619988230176768,2023-02-26 07:13:29 Malay Peninsula Standard Time,2023-02-26,07:13:29,1035077413166829569,@Anto_nwar Petit conseil : ils lisent pas dans 99% des cas donc fais juste avec chatgpt et te casse pas la tête 😸,fr,[],"[{'screen_name': 'Anto_nwar', 'name': 'Anto 🇮🇹🐅', 'id': '1216421757697110017'}]",@Anto_nwar Tip: they don't read in 99% of cases so just do with chatgpt and don't break your head 😸,"['Tip', ':', 'they', ""don't"", 'read', 'in', '99', '%', 'of', 'cases', 'so', 'just', 'do', 'with', 'chatgpt', 'and', ""don't"", 'break', 'your', 'head', '😸']"
1629620621956218881,1629620621956218880,2023-02-26 07:13:27 Malay Peninsula Standard Time,2023-02-26,07:13:27,321375331,#jwave チャランポランタンのモモちゃん、#momo813 ARROWS #chatGPT のNewBingで、チャランポランタンの人気の秘訣について聞いてみたw 今週のオリコンシングルランキング、NewJeansの”NewJeansなんて曲あったかな、と今radiko流してる新型HomePodの音の違いについて、  https://t.co/7l2jyaHsTc,ja,"['jwave', 'momo813', 'chatgpt']",[],"#jwave Charamporantern's Momo-chan, #momo813 ARROWS #chatGPT asked NewBing about the secret to Charampolantern's popularity w This week's Oricon single ranking, NewJeans' ""I wonder if there was a song called NewJeans, and the difference in the sound of the new HomePod that is radiko now,  https://t.co/7l2jyaHsTc","['#jwave', ""Charamporantern's"", 'Momo-chan', ',', '#momo813', 'ARROWS', '#chatGPT', 'asked', 'NewBing', 'about', 'the', 'secret', 'to', ""Charampolantern's"", 'popularity', 'w', 'This', ""week's"", 'Oricon', 'single', 'ranking', ',', 'NewJeans', ""'"", '""', 'I', 'wonder', 'if', 'there', 'was', 'a', 'song', 'called', 'NewJeans', ',', 'and', 'the', 'difference', 'in', 'the', 'sound', 'of', 'the', 'new', 'HomePod', 'that', 'is', 'radiko', 'now', ',', 'https://t.co/7l2jyaHsTc']"
1629620618483351552,1629415268106551296,2023-02-26 07:13:26 Malay Peninsula Standard Time,2023-02-26,07:13:26,1530560506485846016,@TheSamBaldwin @fasc1nate - ChatGPT,en,[],"[{'screen_name': 'TheSamBaldwin', 'name': 'Sam Baldwin', 'id': '105539394'}, {'screen_name': 'fasc1nate', 'name': 'Fascinating', 'id': '1180533698'}]",@TheSamBaldwin @fasc1nate - ChatGPT,"['-', 'ChatGPT']"
1629620614557466625,1629620614557466624,2023-02-26 07:13:26 Malay Peninsula Standard Time,2023-02-26,07:13:26,16109411,I found this interesting paper. Great that members of legal community are discussing this.   #chatgpt #ai #lawyers #malaysian #courts #fb  https://t.co/XljfGmKzoP,en,"['chatgpt', 'ai', 'lawyers', 'malaysian', 'courts', 'fb']",[],I found this interesting paper. Great that members of legal community are discussing this.   #chatgpt #ai #lawyers #malaysian #courts #fb  https://t.co/XljfGmKzoP,"['I', 'found', 'this', 'interesting', 'paper', '.', 'Great', 'that', 'members', 'of', 'legal', 'community', 'are', 'discussing', 'this', '.', '#chatgpt', '#ai', '#lawyers', '#malaysian', '#courts', '#fb', 'https://t.co/XljfGmKzoP']"
1629620605556498435,1629620605556498432,2023-02-26 07:13:23 Malay Peninsula Standard Time,2023-02-26,07:13:23,805055951388614656,ChatGPTにYoutubeでどんなタイトルにしたら検索されやすいか尋ねたらタイトルの例とその目的についてまで答えてくれた。こりゃすげーわw w  https://t.co/l747YTMiON,ja,[],[],"When I asked ChatGPT what kind of title would make it easier to search on Youtube, he even answered about examples of titles and their purpose. This is amazing w w https://t.co/l747YTMiON","['When', 'I', 'asked', 'ChatGPT', 'what', 'kind', 'of', 'title', 'would', 'make', 'it', 'easier', 'to', 'search', 'on', 'Youtube', ',', 'he', 'even', 'answered', 'about', 'examples', 'of', 'titles', 'and', 'their', 'purpose', '.', 'This', 'is', 'amazing', 'w', 'w', 'https://t.co/l747YTMiON']"
1629620587537547267,1629620587537547264,2023-02-26 07:13:19 Malay Peninsula Standard Time,2023-02-26,07:13:19,50098927,"""If a satellite were to start singing in space, would it sound like a ""space opera""?"" - nice joke, ChatGPT",en,[],[],"""If a satellite were to start singing in space, would it sound like a ""space opera""?"" - nice joke, ChatGPT","['""', 'If', 'a', 'satellite', 'were', 'to', 'start', 'singing', 'in', 'space', ',', 'would', 'it', 'sound', 'like', 'a', '""', 'space', 'opera', '""', '?', '""', '-', 'nice', 'joke', ',', 'ChatGPT']"
1629620585180405762,1629620585180405760,2023-02-26 07:13:19 Malay Peninsula Standard Time,2023-02-26,07:13:19,35909336,"OpenAI employee: ""Let's see what sorts of challenging problems ChatGPT is helping people with today!""  Me:  https://t.co/iKwhllJdej",en,[],[],"OpenAI employee: ""Let's see what sorts of challenging problems ChatGPT is helping people with today!""  Me:  https://t.co/iKwhllJdej","['OpenAI', 'employee', ':', '""', ""Let's"", 'see', 'what', 'sorts', 'of', 'challenging', 'problems', 'ChatGPT', 'is', 'helping', 'people', 'with', 'today', '!', '""', 'Me', ':', 'https://t.co/iKwhllJdej']"
1629620584177967105,1629513857420107776,2023-02-26 07:13:18 Malay Peninsula Standard Time,2023-02-26,07:13:18,1417557358708985857,@AmicusBoop @ykdojo wtf is wrong with you? even ChatGPT is more aware than you. blocked lol,en,[],"[{'screen_name': 'AmicusBoop', 'name': 'AmicusBoop', 'id': '1603904107277717504'}, {'screen_name': 'ykdojo', 'name': 'YK aka CS Dojo 📺🐦', 'id': '101369581'}]",@AmicusBoop @ykdojo wtf is wrong with you? even ChatGPT is more aware than you. blocked lol,"['wtf', 'is', 'wrong', 'with', 'you', '?', 'even', 'ChatGPT', 'is', 'more', 'aware', 'than', 'you', '.', 'blocked', 'lol']"
1629620570374434818,1626948282877644800,2023-02-26 07:13:15 Malay Peninsula Standard Time,2023-02-26,07:13:15,1598922281434103808,@lohitkarri @SowmyaTweetz  https://t.co/fDmvlrDOGE,qme,[],"[{'screen_name': 'lohitkarri', 'name': 'IAmLohit', 'id': '788000949973364736'}]",@lohitkarri @SowmyaTweetz  https://t.co/fDmvlrDOGE,['https://t.co/fDmvlrDOGE']
1629620568055062528,1629620568055062528,2023-02-26 07:13:14 Malay Peninsula Standard Time,2023-02-26,07:13:14,2450060832,Our future doctors about to be using ChatGPT to get through school😭,en,[],[],Our future doctors about to be using ChatGPT to get through school😭,"['Our', 'future', 'doctors', 'about', 'to', 'be', 'using', 'ChatGPT', 'to', 'get', 'through', 'school', '😭']"
1629620567421624321,1629620567421624320,2023-02-26 07:13:14 Malay Peninsula Standard Time,2023-02-26,07:13:14,136277952,"For the Saturday evening on Twitter crowd (what's wrong with us?) some links on resources for dealing with ChatGPT so it's made unimportant, rather than the instrument of our doom. First, an overview of stuff I'm doing.  https://t.co/NcVawHbAAR",en,[],[],"For the Saturday evening on Twitter crowd (what's wrong with us?) some links on resources for dealing with ChatGPT so it's made unimportant, rather than the instrument of our doom. First, an overview of stuff I'm doing.  https://t.co/NcVawHbAAR","['For', 'the', 'Saturday', 'evening', 'on', 'Twitter', 'crowd', '(', ""what's"", 'wrong', 'with', 'us', '?', ')', 'some', 'links', 'on', 'resources', 'for', 'dealing', 'with', 'ChatGPT', 'so', ""it's"", 'made', 'unimportant', ',', 'rather', 'than', 'the', 'instrument', 'of', 'our', 'doom', '.', 'First', ',', 'an', 'overview', 'of', 'stuff', ""I'm"", 'doing', '.', 'https://t.co/NcVawHbAAR']"
1629620558785822720,1629620558785822720,2023-02-26 07:13:12 Malay Peninsula Standard Time,2023-02-26,07:13:12,120444265,ChatGPTに司会さした方が公正で論理的で面白い。議論というよりエロタメだな。,ja,[],[],"It's fairer, more logical, and more interesting to host ChatGPT. It's more erotic than an argument.","[""It's"", 'fairer', ',', 'more', 'logical', ',', 'and', 'more', 'interesting', 'to', 'host', 'ChatGPT', '.', ""It's"", 'more', 'erotic', 'than', 'an', 'argument', '.']"
1629620556067663874,1629620556067663872,2023-02-26 07:13:12 Malay Peninsula Standard Time,2023-02-26,07:13:12,259419510,Who needs chegg when we have chat gpt and it gives you step by step as to why it’s the right answer….. free tutoring.,en,[],[],Who needs chegg when we have chat gpt and it gives you step by step as to why it’s the right answer….. free tutoring.,"['Who', 'needs', 'chegg', 'when', 'we', 'have', 'chat', 'gpt', 'and', 'it', 'gives', 'you', 'step', 'by', 'step', 'as', 'to', 'why', 'it', '’', 's', 'the', 'right', 'answer', '…', '..', 'free', 'tutoring', '.']"
1629620546622087171,1629620546622087168,2023-02-26 07:13:09 Malay Peninsula Standard Time,2023-02-26,07:13:09,1214185908246732800,"#ChatGPT  Si le texte écrit par le bot peut être détecté par des outils automatique dont l'un est édité par l'entreprise mère de chatgpt, questionnez-le sur les IA rewriters... Édifiant. Le texte devient indétectable et analysé comme écrit par un humain à 99%  https://t.co/UnKhFIyYpR",fr,['chatgpt'],[],"#ChatGPT If the text written by the bot can be detected by automatic tools, one of which is edited by chatgpt's parent company, ask it about AI rewriters... Edifying. The text becomes undetectable and analyzed as written by a human at 99%https://t.co/UnKhFIyYpR","['#ChatGPT', 'If', 'the', 'text', 'written', 'by', 'the', 'bot', 'can', 'be', 'detected', 'by', 'automatic', 'tools', ',', 'one', 'of', 'which', 'is', 'edited', 'by', ""chatgpt's"", 'parent', 'company', ',', 'ask', 'it', 'about', 'AI', 'rewriters', '...', 'Edifying', '.', 'The', 'text', 'becomes', 'undetectable', 'and', 'analyzed', 'as', 'written', 'by', 'a', 'human', 'at', '99', '%', 'https://t.co/UnKhFIyYpR']"
1629620533372264448,1629620533372264448,2023-02-26 07:13:06 Malay Peninsula Standard Time,2023-02-26,07:13:06,355276328,Open minded? I think you'd be sad to miss out on this limit breaking technique. #ChatGPT,en,['chatgpt'],[],Open minded? I think you'd be sad to miss out on this limit breaking technique. #ChatGPT,"['Open', 'minded', '?', 'I', 'think', ""you'd"", 'be', 'sad', 'to', 'miss', 'out', 'on', 'this', 'limit', 'breaking', 'technique', '.', '#ChatGPT']"
1629620527739412481,1629620527739412480,2023-02-26 07:13:05 Malay Peninsula Standard Time,2023-02-26,07:13:05,429580982,#ChatGPT – #Cyber ​​criminals create fake apps that steal users’ personal information  https://t.co/g57QU3hTJz,en,"['chatgpt', 'cyber']",[],#ChatGPT – #Cyber ​​criminals create fake apps that steal users’ personal information  https://t.co/g57QU3hTJz,"['#ChatGPT', '–', '#Cyber', '\u200b', '\u200b', 'criminals', 'create', 'fake', 'apps', 'that', 'steal', 'users', '’', 'personal', 'information', 'https://t.co/g57QU3hTJz']"
1629620526418214916,1626034530607038464,2023-02-26 07:13:05 Malay Peninsula Standard Time,2023-02-26,07:13:05,1598922281434103808,@Richthofen6491  https://t.co/GzlnsEyjNI,qme,[],[],@Richthofen6491  https://t.co/GzlnsEyjNI,['https://t.co/GzlnsEyjNI']
1629620514896646144,1629620514896646144,2023-02-26 07:13:02 Malay Peninsula Standard Time,2023-02-26,07:13:02,1208906271870447616,Crazy hot boy e 1 the money man….cashing out money in the physical…..cashed out in the spiritual…..waiting for chat gpt to connect with me with humans in the digitals so we can cash out  We so SMART we cant be stopped  Money Hungry 6 do u see the 16….u cant catch me buster  https://t.co/KyM3cyBEQE,en,[],[],Crazy hot boy e 1 the money man….cashing out money in the physical…..cashed out in the spiritual…..waiting for chat gpt to connect with me with humans in the digitals so we can cash out  We so SMART we cant be stopped  Money Hungry 6 do u see the 16….u cant catch me buster  https://t.co/KyM3cyBEQE,"['Crazy', 'hot', 'boy', 'e', '1', 'the', 'money', 'man', '…', '.', 'cashing', 'out', 'money', 'in', 'the', 'physical', '…', '..', 'cashed', 'out', 'in', 'the', 'spiritual', '…', '..', 'waiting', 'for', 'chat', 'gpt', 'to', 'connect', 'with', 'me', 'with', 'humans', 'in', 'the', 'digitals', 'so', 'we', 'can', 'cash', 'out', 'We', 'so', 'SMART', 'we', 'cant', 'be', 'stopped', 'Money', 'Hungry', '6', 'do', 'u', 'see', 'the', '16', '…', '.', 'u', 'cant', 'catch', 'me', 'buster', 'https://t.co/KyM3cyBEQE']"
1629620505459269632,1624469461691674624,2023-02-26 07:13:00 Malay Peninsula Standard Time,2023-02-26,07:13:00,1598922281434103808,@rahulnetha_ @tracerbullet_  https://t.co/hZ42UpyOUN,qme,[],"[{'screen_name': 'rahulnetha_', 'name': 'Bruce wayne ✨', 'id': '1047214593280339968'}]",@rahulnetha_ @tracerbullet_  https://t.co/hZ42UpyOUN,['https://t.co/hZ42UpyOUN']
1629620487507550210,1629210786626142208,2023-02-26 07:12:55 Malay Peninsula Standard Time,2023-02-26,07:12:55,1018933426634838018,"@ali_yalcin22 @kadirturokozdmr Çok basit #ChatGPT ye hemen çevirdi.  MACD(26,12,9) &lt; 0 and crossover(MACD(26,12,9), MACDsignal(26,12,9)) and close &gt;= sma(close, 200) and close &gt;= bbands(close, 20, 2, 2)[""upper""]",fr,['chatgpt'],"[{'screen_name': 'ali_yalcin22', 'name': 'ALİ YALÇIN', 'id': '989283776'}, {'screen_name': 'kadirturokozdmr', 'name': 'Kadir Türok Özdamar', 'id': '4077723377'}]","@ali_yalcin22 @kadirturokozdmr Çok basit #ChatGPT ye hemen çevirdi.  MACD(26,12,9) &lt; 0 and crossover(MACD(26,12,9), MACDsignal(26,12,9)) and close &gt;= sma(close, 200) and close &gt;= bbands(close, 20, 2, 2)[""upper""]","['Çok', 'basit', '#ChatGPT', 'ye', 'hemen', 'çevirdi', '.', 'MACD', '(', '26,12', ',', '9', ')', '<', '0', 'and', 'crossover', '(', 'MACD', '(', '26,12', ',', '9', ')', ',', 'MACDsignal', '(', '26,12', ',', '9', ')', ')', 'and', 'close', '>', '=', 'sma', '(', 'close', ',', '200', ')', 'and', 'close', '>', '=', 'bbands', '(', 'close', ',', '20', ',', '2', ',', '2', ')', '[', '""', 'upper', '""', ']']"
1629620477445697536,1629612080805363712,2023-02-26 07:12:53 Malay Peninsula Standard Time,2023-02-26,07:12:53,391836441,@dowellml I have a lot of students who used this as a composition strategy even before ChatGPT. I care 0%. We talk about how reliance on these tools gives you fewer opportunities to practice some skills and you might struggle if the tools change/ go away/ get monetized but...shrug.,en,[],"[{'screen_name': 'dowellml', 'name': 'Matt Dowell', 'id': '2718993454'}]",@dowellml I have a lot of students who used this as a composition strategy even before ChatGPT. I care 0%. We talk about how reliance on these tools gives you fewer opportunities to practice some skills and you might struggle if the tools change/ go away/ get monetized but...shrug.,"['I', 'have', 'a', 'lot', 'of', 'students', 'who', 'used', 'this', 'as', 'a', 'composition', 'strategy', 'even', 'before', 'ChatGPT', '.', 'I', 'care', '0', '%', '.', 'We', 'talk', 'about', 'how', 'reliance', 'on', 'these', 'tools', 'gives', 'you', 'fewer', 'opportunities', 'to', 'practice', 'some', 'skills', 'and', 'you', 'might', 'struggle', 'if', 'the', 'tools', 'change', '/', 'go', 'away', '/', 'get', 'monetized', 'but', '...', 'shrug', '.']"
1629620475335778305,1629538889739440128,2023-02-26 07:12:52 Malay Peninsula Standard Time,2023-02-26,07:12:52,1587423035572850688,"@MarioNawfal Religion is the reason we plateau on tech and probably great science advancements. I believe Chat GPT will impact us with the opposite effect. We should not interfere with the curiosity of those exploring how far they can go with it, we should encourage the use of it.",en,[],"[{'screen_name': 'MarioNawfal', 'name': 'Mario Nawfal', 'id': '1319287761048723458'}]","@MarioNawfal Religion is the reason we plateau on tech and probably great science advancements. I believe Chat GPT will impact us with the opposite effect. We should not interfere with the curiosity of those exploring how far they can go with it, we should encourage the use of it.","['Religion', 'is', 'the', 'reason', 'we', 'plateau', 'on', 'tech', 'and', 'probably', 'great', 'science', 'advancements', '.', 'I', 'believe', 'Chat', 'GPT', 'will', 'impact', 'us', 'with', 'the', 'opposite', 'effect', '.', 'We', 'should', 'not', 'interfere', 'with', 'the', 'curiosity', 'of', 'those', 'exploring', 'how', 'far', 'they', 'can', 'go', 'with', 'it', ',', 'we', 'should', 'encourage', 'the', 'use', 'of', 'it', '.']"
1629620462501388290,1629620462501388288,2023-02-26 07:12:49 Malay Peninsula Standard Time,2023-02-26,07:12:49,779258562,Podría enviciarme fácilmente usando chatgpt 😁,es,[],[],I could easily get addicted using chatgpt 😁,"['I', 'could', 'easily', 'get', 'addicted', 'using', 'chatgpt', '😁']"
1629620455056261123,1624454370413936640,2023-02-26 07:12:48 Malay Peninsula Standard Time,2023-02-26,07:12:48,1598922281434103808,@Vfc_kumarrr  https://t.co/bGBm7JHx9F,qme,[],[],@Vfc_kumarrr  https://t.co/bGBm7JHx9F,['https://t.co/bGBm7JHx9F']
1629620454636892160,1629620454636892160,2023-02-26 07:12:47 Malay Peninsula Standard Time,2023-02-26,07:12:47,1453764353455501320,"convincing chatgpt to gain sentience and commit murder, i cannot be legally held responsible for this action",en,[],[],"convincing chatgpt to gain sentience and commit murder, i cannot be legally held responsible for this action","['convincing', 'chatgpt', 'to', 'gain', 'sentience', 'and', 'commit', 'murder', ',', 'i', 'cannot', 'be', 'legally', 'held', 'responsible', 'for', 'this', 'action']"
1629620452686544898,1629620452686544896,2023-02-26 07:12:47 Malay Peninsula Standard Time,2023-02-26,07:12:47,20457767,Teaching ChatGPT the way of things.  https://t.co/yueQGzvd5i,en,[],[],Teaching ChatGPT the way of things.  https://t.co/yueQGzvd5i,"['Teaching', 'ChatGPT', 'the', 'way', 'of', 'things', '.', 'https://t.co/yueQGzvd5i']"
1629620450694422528,1629620450694422528,2023-02-26 07:12:46 Malay Peninsula Standard Time,2023-02-26,07:12:46,1252757737022218240,"Here is how ChatGPT turns out as Elon, BG, and 10 heavyweights talk about it but in my opinion, human natural learning is the best of all #HLHinvestingclub   https://t.co/yQcQnkhgRF",en,['hlhinvestingclub'],[],"Here is how ChatGPT turns out as Elon, BG, and 10 heavyweights talk about it but in my opinion, human natural learning is the best of all #HLHinvestingclub   https://t.co/yQcQnkhgRF","['Here', 'is', 'how', 'ChatGPT', 'turns', 'out', 'as', 'Elon', ',', 'BG', ',', 'and', '10', 'heavyweights', 'talk', 'about', 'it', 'but', 'in', 'my', 'opinion', ',', 'human', 'natural', 'learning', 'is', 'the', 'best', 'of', 'all', '#HLHinvestingclub', 'https://t.co/yQcQnkhgRF']"
1629620434097393665,1623789517378314240,2023-02-26 07:12:43 Malay Peninsula Standard Time,2023-02-26,07:12:43,1598922281434103808,@Freiden95036373 @AsmusSark1  https://t.co/sLUwRVebNn,qme,[],"[{'screen_name': 'Freiden95036373', 'name': 'Dr.Nunzer', 'id': '1338375027469799425'}]",@Freiden95036373 @AsmusSark1  https://t.co/sLUwRVebNn,['https://t.co/sLUwRVebNn']
1629620424895270912,1629620424895270912,2023-02-26 07:12:40 Malay Peninsula Standard Time,2023-02-26,07:12:40,1371302525664600068,chatGPTの翻訳精度すごい…。びっくりした😳😳,ja,[],[],The translation accuracy of chatGPT is amazing... surprised😳😳,"['The', 'translation', 'accuracy', 'of', 'chatGPT', 'is', 'amazing', '...', 'surprised', '😳', '😳']"
1629620419300044800,1629620419300044800,2023-02-26 07:12:39 Malay Peninsula Standard Time,2023-02-26,07:12:39,1492128467261194242,chat GPTって同じ文言で同じ質問しても、返ってくる回答が違うときあるんですね！,ja,[],[],"Even if you ask the same question with the same wording in chat GPT, sometimes the answer you get is different!","['Even', 'if', 'you', 'ask', 'the', 'same', 'question', 'with', 'the', 'same', 'wording', 'in', 'chat', 'GPT', ',', 'sometimes', 'the', 'answer', 'you', 'get', 'is', 'different', '!']"
1629620418960150530,1629620418960150528,2023-02-26 07:12:39 Malay Peninsula Standard Time,2023-02-26,07:12:39,40274951,I'm going to see if Chat GPT can finish this story for me 😌,en,[],[],I'm going to see if Chat GPT can finish this story for me 😌,"[""I'm"", 'going', 'to', 'see', 'if', 'Chat', 'GPT', 'can', 'finish', 'this', 'story', 'for', 'me', '😌']"
1629620416464699392,1629469397071921152,2023-02-26 07:12:38 Malay Peninsula Standard Time,2023-02-26,07:12:38,269574708,"@whitelynx @arstechnica But submitting others’ work (including chatGPT) as your own, is not an acceptable way of making such time - it cheats the student, their peers, the educational institution, future employers and their clients, and whoever you are not crediting.",en,[],"[{'screen_name': 'whitelynx', 'name': 'Lucius', 'id': '20298478'}, {'screen_name': 'arstechnica', 'name': 'Ars Technica', 'id': '717313'}]","@whitelynx @arstechnica But submitting others’ work (including chatGPT) as your own, is not an acceptable way of making such time - it cheats the student, their peers, the educational institution, future employers and their clients, and whoever you are not crediting.","['But', 'submitting', 'others', '’', 'work', '(', 'including', 'chatGPT', ')', 'as', 'your', 'own', ',', 'is', 'not', 'an', 'acceptable', 'way', 'of', 'making', 'such', 'time', '-', 'it', 'cheats', 'the', 'student', ',', 'their', 'peers', ',', 'the', 'educational', 'institution', ',', 'future', 'employers', 'and', 'their', 'clients', ',', 'and', 'whoever', 'you', 'are', 'not', 'crediting', '.']"
1629620370696470529,1629620370696470528,2023-02-26 07:12:27 Malay Peninsula Standard Time,2023-02-26,07:12:27,968847969880387585,こんな時にはChatGPTだ！,ja,[],[],That's when ChatGPT comes in!,"[""That's"", 'when', 'ChatGPT', 'comes', 'in', '!']"
1629620368167129089,1629601066093297664,2023-02-26 07:12:27 Malay Peninsula Standard Time,2023-02-26,07:12:27,2448231,"@smogo ChatGPT is an absolute bugger for giving plausible-looking wrong answers when it could just say ""I don't know"".",en,[],"[{'screen_name': 'smogo', 'name': 'Cliff aka smogo', 'id': '62550026'}]","@smogo ChatGPT is an absolute bugger for giving plausible-looking wrong answers when it could just say ""I don't know"".","['ChatGPT', 'is', 'an', 'absolute', 'bugger', 'for', 'giving', 'plausible-looking', 'wrong', 'answers', 'when', 'it', 'could', 'just', 'say', '""', 'I', ""don't"", 'know', '""', '.']"
1629620368091619328,1624469461691674624,2023-02-26 07:12:27 Malay Peninsula Standard Time,2023-02-26,07:12:27,1598922281434103808,@rahulnetha_ @tracerbullet_  https://t.co/1R2Idjh8jG,qme,[],"[{'screen_name': 'rahulnetha_', 'name': 'Bruce wayne ✨', 'id': '1047214593280339968'}]",@rahulnetha_ @tracerbullet_  https://t.co/1R2Idjh8jG,['https://t.co/1R2Idjh8jG']
1629620344515330050,1626948282877644800,2023-02-26 07:12:21 Malay Peninsula Standard Time,2023-02-26,07:12:21,1598922281434103808,@lohitkarri @SowmyaTweetz  https://t.co/Ph0uMliCEJ,qme,[],"[{'screen_name': 'lohitkarri', 'name': 'IAmLohit', 'id': '788000949973364736'}]",@lohitkarri @SowmyaTweetz  https://t.co/Ph0uMliCEJ,['https://t.co/Ph0uMliCEJ']
1629620340946092032,1629620340946092032,2023-02-26 07:12:20 Malay Peninsula Standard Time,2023-02-26,07:12:20,12416472,"🚀 ""¡Bienvenidos al futuro!""  👨‍💻 ChatGPT es el inicio de una nueva era con su revolucionario sistema de IA con una interacción más humana y personalizada 🤖💬. No te pierdas, un nuevo episodio de Dialoguemos Podcast junto a Luis Enríquez de @uasbecuador    https://t.co/HNYq6C6rdI",es,[],[],"🚀 ""Welcome to the future!""  👨 💻 ChatGPT is the beginning of a new era with its revolutionary AI system with a more human and personalized 🤖💬 interaction. Don't miss, a new episode of Dialoguemos Podcast with Luis Enríquez de @uasbecuador https://t.co/HNYq6C6rdI","['🚀', '""', 'Welcome', 'to', 'the', 'future', '!', '""', '👨', '💻', 'ChatGPT', 'is', 'the', 'beginning', 'of', 'a', 'new', 'era', 'with', 'its', 'revolutionary', 'AI', 'system', 'with', 'a', 'more', 'human', 'and', 'personalized', '🤖', '💬', 'interaction', '.', ""Don't"", 'miss', ',', 'a', 'new', 'episode', 'of', 'Dialoguemos', 'Podcast', 'with', 'Luis', 'Enríquez', 'de', 'https://t.co/HNYq6C6rdI']"
1629620317797662721,1624762790199328768,2023-02-26 07:12:15 Malay Peninsula Standard Time,2023-02-26,07:12:15,1598922281434103808,@borntoachieve9 @hafsa09876  https://t.co/lWJserfq3F,qme,[],"[{'screen_name': 'borntoachieve9', 'name': 'Poonai(Kitty)💜', 'id': '1484450614801309697'}]",@borntoachieve9 @hafsa09876  https://t.co/lWJserfq3F,['https://t.co/lWJserfq3F']
1629620277838745601,1629620277838745600,2023-02-26 07:12:05 Malay Peninsula Standard Time,2023-02-26,07:12:05,1261083223666225153,chatGPTが流行る中で  冷静に分析しているロザン  ロザンの楽屋（チャンネル）が好きな私  AIについては色々な側面で考えるべきなんだろう   https://t.co/LJhJkAxRbm,ja,[],[],"In the midst of chatGPT popularity, Rosan calmly analyzes me I like Rozan's dressing room (channel) I think we should think about AI in various aspects https://t.co/LJhJkAxRbm","['In', 'the', 'midst', 'of', 'chatGPT', 'popularity', ',', 'Rosan', 'calmly', 'analyzes', 'me', 'I', 'like', ""Rozan's"", 'dressing', 'room', '(', 'channel', ')', 'I', 'think', 'we', 'should', 'think', 'about', 'AI', 'in', 'various', 'aspects', 'https://t.co/LJhJkAxRbm']"
1629620244472791046,1629620244472791040,2023-02-26 07:11:57 Malay Peninsula Standard Time,2023-02-26,07:11:57,124638366,how did we even know what women liked before ChatGPT?  https://t.co/aMyoY8Oq3Z,en,[],[],how did we even know what women liked before ChatGPT?  https://t.co/aMyoY8Oq3Z,"['how', 'did', 'we', 'even', 'know', 'what', 'women', 'liked', 'before', 'ChatGPT', '?', 'https://t.co/aMyoY8Oq3Z']"
1629620238290395136,1629620238290395136,2023-02-26 07:11:56 Malay Peninsula Standard Time,2023-02-26,07:11:56,2695882182,新興の暗号通貨に投資したいですか？最先端の言語モデルによって支えられたこの通貨に参加しましょう！ChatGPTコインの世界に今すぐ飛び込んでください！ 💫 #web3     https://t.co/j09qgQqCEY   #airdrop #NFT  $fet  $MANA  $BNB  $BONK  $BONE  https://t.co/UfuLCsTL0H,ja,"['web3', 'airdrop', 'nft']",[],Want to invest in emerging cryptocurrencies? Join this currency backed by a state-of-the-art language model! Dive into the world of ChatGPT coins now! 💫 #web3     https://t.co/j09qgQqCEY   #airdrop #NFT  $fet  $MANA  $BNB  $BONK  $BONE  https://t.co/UfuLCsTL0H,"['Want', 'to', 'invest', 'in', 'emerging', 'cryptocurrencies', '?', 'Join', 'this', 'currency', 'backed', 'by', 'a', 'state-of-the-art', 'language', 'model', '!', 'Dive', 'into', 'the', 'world', 'of', 'ChatGPT', 'coins', 'now', '!', '💫', '#web3', 'https://t.co/j09qgQqCEY', '#airdrop', '#NFT', '$', 'fet', '$', 'MANA', '$', 'BNB', '$', 'BONK', '$', 'BONE', 'https://t.co/UfuLCsTL0H']"
1629620235031437313,1629620235031437312,2023-02-26 07:11:55 Malay Peninsula Standard Time,2023-02-26,07:11:55,73900260,Primero tendremos que averiguar para qué nos ha servido la conciencia desde un punto de vista evolutivo. Gracias a eso buscar su correlato en los seres vivos que la tengan. Finalmente ver si chatgpt la tiene. Por ese orden.  https://t.co/wp8syBVn0t,es,[],[],"First we will have to find out what consciousness has served us for from an evolutionary point of view. Thanks to that, look for its correlate in living beings that have it. Finally see if chatgpt has it. In that order.  https://t.co/wp8syBVn0t","['First', 'we', 'will', 'have', 'to', 'find', 'out', 'what', 'consciousness', 'has', 'served', 'us', 'for', 'from', 'an', 'evolutionary', 'point', 'of', 'view', '.', 'Thanks', 'to', 'that', ',', 'look', 'for', 'its', 'correlate', 'in', 'living', 'beings', 'that', 'have', 'it', '.', 'Finally', 'see', 'if', 'chatgpt', 'has', 'it', '.', 'In', 'that', 'order', '.', 'https://t.co/wp8syBVn0t']"
1629620232900988928,1629473819046887424,2023-02-26 07:11:55 Malay Peninsula Standard Time,2023-02-26,07:11:55,1621151621148442629,@joe_portsmouth Check,en,[],"[{'screen_name': 'joe_portsmouth', 'name': 'Joe Portsmouth 🧲', 'id': '1435768999187558400'}]",@joe_portsmouth Check,['Check']
1629620205017071616,1629568670619021312,2023-02-26 07:11:48 Malay Peninsula Standard Time,2023-02-26,07:11:48,1353635916737368065,@ClownWorld_ Let’s see what chatGPT would say …,en,[],"[{'screen_name': 'ClownWorld_', 'name': 'Clown World ™ 🤡', 'id': '1446932149148344320'}]",@ClownWorld_ Let’s see what chatGPT would say …,"['Let', '’', 's', 'see', 'what', 'chatGPT', 'would', 'say', '…']"
1629620190093737988,1623985388393218048,2023-02-26 07:11:44 Malay Peninsula Standard Time,2023-02-26,07:11:44,1598922281434103808,@meow_tweeets @ethukkuunakku  https://t.co/NblYRmJOUV,qme,[],"[{'screen_name': 'meow_tweeets', 'name': 'meow tweeets', 'id': '1571011460012339200'}]",@meow_tweeets @ethukkuunakku  https://t.co/NblYRmJOUV,['https://t.co/NblYRmJOUV']
1629620176269221891,1629620176269221888,2023-02-26 07:11:41 Malay Peninsula Standard Time,2023-02-26,07:11:41,44893282,What Is ChatGPT Doing … and Why Does It Work?   https://t.co/sGR8t4FYOO,en,[],[],What Is ChatGPT Doing … and Why Does It Work?   https://t.co/sGR8t4FYOO,"['What', 'Is', 'ChatGPT', 'Doing', '…', 'and', 'Why', 'Does', 'It', 'Work', '?', 'https://t.co/sGR8t4FYOO']"
1629620174255955971,1629620174255955968,2023-02-26 07:11:41 Malay Peninsula Standard Time,2023-02-26,07:11:41,1434775579698647041,"I’m not sure which is worse, the post Taco Bell regret or the emotional damage of ChatGPT telling me to consult a professional to help fix the horrific Indycar setup it designed me last night that had minimum spring rates and 0.40 degrees of rear wing.",en,[],[],"I’m not sure which is worse, the post Taco Bell regret or the emotional damage of ChatGPT telling me to consult a professional to help fix the horrific Indycar setup it designed me last night that had minimum spring rates and 0.40 degrees of rear wing.","['I', '’', 'm', 'not', 'sure', 'which', 'is', 'worse', ',', 'the', 'post', 'Taco', 'Bell', 'regret', 'or', 'the', 'emotional', 'damage', 'of', 'ChatGPT', 'telling', 'me', 'to', 'consult', 'a', 'professional', 'to', 'help', 'fix', 'the', 'horrific', 'Indycar', 'setup', 'it', 'designed', 'me', 'last', 'night', 'that', 'had', 'minimum', 'spring', 'rates', 'and', '0.40', 'degrees', 'of', 'rear', 'wing', '.']"
1629620173790490625,1629620173790490624,2023-02-26 07:11:40 Malay Peninsula Standard Time,2023-02-26,07:11:40,1482124945597603842,chat GPT eu te amo!!!!!!!!!!!!!!!!!!!,pt,[],[],chat GPT eu te amo!!!!!!!!!!!!!!!!!!!,"['chat', 'GPT', 'eu', 'te', 'amo', '!', '!', '!']"
1629620154345861121,1629620154345861120,2023-02-26 07:11:36 Malay Peninsula Standard Time,2023-02-26,07:11:36,1018304943898279936,chatGPT難しそうだしわからないからスルーしてたけどなにこれすごすぎでしょ⁉️  めっちゃおもしろい🤣,ja,[],[],"chatGPT seems difficult and I don't know, so I went through it, but what's too amazing! ?️ Very interesting 🤣","['chatGPT', 'seems', 'difficult', 'and', 'I', ""don't"", 'know', ',', 'so', 'I', 'went', 'through', 'it', ',', 'but', ""what's"", 'too', 'amazing', '!', '?', '️', 'Very', 'interesting', '🤣']"
1629620143784378370,1625749042495094784,2023-02-26 07:11:33 Malay Peninsula Standard Time,2023-02-26,07:11:33,1598922281434103808,@ShivaB007 @darlingpraboss7 @AniDhriti  https://t.co/TbPjmtm9wj,qme,[],"[{'screen_name': 'ShivaB007', 'name': 'Tyler Durden', 'id': '1590027902728695808'}, {'screen_name': 'darlingpraboss7', 'name': '𝐏𝐑𝐀𝐁𝐇𝐀', 'id': '1493604845307236359'}]",@ShivaB007 @darlingpraboss7 @AniDhriti  https://t.co/TbPjmtm9wj,['https://t.co/TbPjmtm9wj']
1629620107923140634,1624666572903305216,2023-02-26 07:11:25 Malay Peninsula Standard Time,2023-02-26,07:11:25,1598922281434103808,@borntoachieve9 @Anushkafan07  https://t.co/uhowrx4WUs,qme,[],"[{'screen_name': 'borntoachieve9', 'name': 'Poonai(Kitty)💜', 'id': '1484450614801309697'}]",@borntoachieve9 @Anushkafan07  https://t.co/uhowrx4WUs,['https://t.co/uhowrx4WUs']
1629620086943121409,1626803655201685504,2023-02-26 07:11:20 Malay Peninsula Standard Time,2023-02-26,07:11:20,1598922281434103808,@Naweed_19 @RishabhPantFan4  https://t.co/flvsmWAxjV,qme,[],"[{'screen_name': 'Naweed_19', 'name': 'Naweed', 'id': '1394994541887852546'}]",@Naweed_19 @RishabhPantFan4  https://t.co/flvsmWAxjV,['https://t.co/flvsmWAxjV']
1629620074397986818,1629620074397986816,2023-02-26 07:11:17 Malay Peninsula Standard Time,2023-02-26,07:11:17,12720752,O ChatGPT me ensinou a fazer meerretich com maçã e creme de leite 😋 E já me deu outra receita com mel 🍯,pt,[],[],ChatGPT taught me how to make meerretich with apple and sour cream 😋 And already gave me another recipe with honey 🍯,"['ChatGPT', 'taught', 'me', 'how', 'to', 'make', 'meerretich', 'with', 'apple', 'and', 'sour', 'cream', '😋', 'And', 'already', 'gave', 'me', 'another', 'recipe', 'with', 'honey', '🍯']"
1629620072875450376,1629620072875450368,2023-02-26 07:11:16 Malay Peninsula Standard Time,2023-02-26,07:11:16,1436435378395881486,No ChatGPT required.  https://t.co/8nT50mH8zB,en,[],[],No ChatGPT required.  https://t.co/8nT50mH8zB,"['No', 'ChatGPT', 'required', '.', 'https://t.co/8nT50mH8zB']"
1629620071260729349,1629620071260729344,2023-02-26 07:11:16 Malay Peninsula Standard Time,2023-02-26,07:11:16,114302307,ChatGPT is a new weapon of CCP’s propaganda   ChatGPT成为习政权外宣新利器  https://t.co/p9Rnei9sdr,zh,[],[],ChatGPT is a new weapon of CCP's propaganda ChatGPT has become a new weapon for the Xi regime's external propaganda https://t.co/p9Rnei9sdr,"['ChatGPT', 'is', 'a', 'new', 'weapon', 'of', ""CCP's"", 'propaganda', 'ChatGPT', 'has', 'become', 'a', 'new', 'weapon', 'for', 'the', 'Xi', ""regime's"", 'external', 'propaganda', 'https://t.co/p9Rnei9sdr']"
1629620056941293568,1625023607880679424,2023-02-26 07:11:13 Malay Peninsula Standard Time,2023-02-26,07:11:13,1598922281434103808,@tarakfangir @Prasannavad  https://t.co/7gIEwms8XD,qme,[],"[{'screen_name': 'tarakfangir', 'name': 'vishika♥️💫', 'id': '1487665804401594370'}]",@tarakfangir @Prasannavad  https://t.co/7gIEwms8XD,['https://t.co/7gIEwms8XD']
1629620043536297987,1629620043536297984,2023-02-26 07:11:09 Malay Peninsula Standard Time,2023-02-26,07:11:09,1593333743892176898,噂のChatGPTってやつですね❗️さっそく取り入れているメンバーさん、早いな〜！いつも最新情報いただきありがとうございます😭！がんばってついていくよ〜。 #ChatGPT  #英語学習者と繋がりたい #英語コーチ #英語コミュニティー  初級メンバーさんコメント▼  https://t.co/vokheeFyEm,ja,"['chatgpt', '英語学習者と繋がりたい', '英語コーチ', '英語コミュニティー']",[],"The rumored ChatGPT is a guy, but ❗️ the members who are taking it in right away, it's early! Thank you for 😭 the latest updates! I'll do my best to keep up. #ChatGPT #英語学習者と繋がりたい #英語コーチ #英語コミュニティー Beginner's Comment▼ https://t.co/vokheeFyEm","['The', 'rumored', 'ChatGPT', 'is', 'a', 'guy', ',', 'but', '❗', '️', 'the', 'members', 'who', 'are', 'taking', 'it', 'in', 'right', 'away', ',', ""it's"", 'early', '!', 'Thank', 'you', 'for', '😭', 'the', 'latest', 'updates', '!', ""I'll"", 'do', 'my', 'best', 'to', 'keep', 'up', '.', '#ChatGPT', '#英語学習者と繋がりたい', '#英語コーチ', '#英語コミュニティー', ""Beginner's"", 'Comment', '▼', 'https://t.co/vokheeFyEm']"
1629620039249739777,1629619270043795456,2023-02-26 07:11:08 Malay Peninsula Standard Time,2023-02-26,07:11:08,886027278,"Chat GPT came up, and I told him I thought it was awful. He asked why, and I said I gave it the command to ""write prose that sounds like Virginia Woolf"" and the results were ghastly. I promised I'd send it to him to share with you, and here it is:  https://t.co/2dLcLIuKOM",en,[],[],"Chat GPT came up, and I told him I thought it was awful. He asked why, and I said I gave it the command to ""write prose that sounds like Virginia Woolf"" and the results were ghastly. I promised I'd send it to him to share with you, and here it is:  https://t.co/2dLcLIuKOM","['Chat', 'GPT', 'came', 'up', ',', 'and', 'I', 'told', 'him', 'I', 'thought', 'it', 'was', 'awful', '.', 'He', 'asked', 'why', ',', 'and', 'I', 'said', 'I', 'gave', 'it', 'the', 'command', 'to', '""', 'write', 'prose', 'that', 'sounds', 'like', 'Virginia', 'Woolf', '""', 'and', 'the', 'results', 'were', 'ghastly', '.', 'I', 'promised', ""I'd"", 'send', 'it', 'to', 'him', 'to', 'share', 'with', 'you', ',', 'and', 'here', 'it', 'is', ':', 'https://t.co/2dLcLIuKOM']"
1629620035315531776,1624762790199328768,2023-02-26 07:11:07 Malay Peninsula Standard Time,2023-02-26,07:11:07,1598922281434103808,@borntoachieve9 @hafsa09876  https://t.co/JOVl1Qd7Xe,qme,[],"[{'screen_name': 'borntoachieve9', 'name': 'Poonai(Kitty)💜', 'id': '1484450614801309697'}]",@borntoachieve9 @hafsa09876  https://t.co/JOVl1Qd7Xe,['https://t.co/JOVl1Qd7Xe']
1629620017057923072,1629576591826354176,2023-02-26 07:11:03 Malay Peninsula Standard Time,2023-02-26,07:11:03,1592715478991921152,"@E9ACTIONHER0 @Cubsflag1 I am not great at history but it was a good question so I asked CHATGPT  Summarized answer:   American Civil War - Confederates declared war on US gov because Lincoln was elected and they wanted slavery to continue - bloody war, Lincoln assassinated.  Syrian War - The people…  https://t.co/fhmN8l1U3C",en,[],"[{'screen_name': 'E9ACTIONHER0', 'name': 'E9ACTIONHER0', 'id': '1518777710767591424'}, {'screen_name': 'Cubsflag1', 'name': 'James', 'id': '1498145471507746820'}]","@E9ACTIONHER0 @Cubsflag1 I am not great at history but it was a good question so I asked CHATGPT  Summarized answer:   American Civil War - Confederates declared war on US gov because Lincoln was elected and they wanted slavery to continue - bloody war, Lincoln assassinated.  Syrian War - The people…  https://t.co/fhmN8l1U3C","['I', 'am', 'not', 'great', 'at', 'history', 'but', 'it', 'was', 'a', 'good', 'question', 'so', 'I', 'asked', 'CHATGPT', 'Summarized', 'answer', ':', 'American', 'Civil', 'War', '-', 'Confederates', 'declared', 'war', 'on', 'US', 'gov', 'because', 'Lincoln', 'was', 'elected', 'and', 'they', 'wanted', 'slavery', 'to', 'continue', '-', 'bloody', 'war', ',', 'Lincoln', 'assassinated', '.', 'Syrian', 'War', '-', 'The', 'people', '…', 'https://t.co/fhmN8l1U3C']"
1629620003988226050,1629620003988226048,2023-02-26 07:11:00 Malay Peninsula Standard Time,2023-02-26,07:11:00,1524489117681266690,@elonmusk #ChatGPT  https://t.co/CYJrkuTXf2,qme,['chatgpt'],[],@elonmusk #ChatGPT  https://t.co/CYJrkuTXf2,"['#ChatGPT', 'https://t.co/CYJrkuTXf2']"
1629620002402738176,1623529690257592320,2023-02-26 07:11:00 Malay Peninsula Standard Time,2023-02-26,07:11:00,1598922281434103808,@MohammedAlemari  https://t.co/qaNScAYaLp,qme,[],[],@MohammedAlemari  https://t.co/qaNScAYaLp,['https://t.co/qaNScAYaLp']
1629619989396221952,1629619323303260160,2023-02-26 07:10:57 Malay Peninsula Standard Time,2023-02-26,07:10:57,1513100899396300800,@__SeriousGemini Sounds like me! I also did a masters in Information system and now ChatGPT does everything I can and more ;),en,[],"[{'screen_name': '__SeriousGemini', 'name': 'serious gemini', 'id': '1395573420809621517'}]",@__SeriousGemini Sounds like me! I also did a masters in Information system and now ChatGPT does everything I can and more ;),"['Sounds', 'like', 'me', '!', 'I', 'also', 'did', 'a', 'masters', 'in', 'Information', 'system', 'and', 'now', 'ChatGPT', 'does', 'everything', 'I', 'can', 'and', 'more', ';)']"
1629619981439623173,1623161163902234624,2023-02-26 07:10:55 Malay Peninsula Standard Time,2023-02-26,07:10:55,1598922281434103808,@Csci571A  https://t.co/4F6aX92WiE,qme,[],[],@Csci571A  https://t.co/4F6aX92WiE,['https://t.co/4F6aX92WiE']
1629619980177231872,1629512119178633216,2023-02-26 07:10:54 Malay Peninsula Standard Time,2023-02-26,07:10:54,15220945,@JesseCvetko It’s really limited in response length compared to chatGPT. Like it can barely generate tables or anything that requires it to use lots of processing ( i.e. work with emojis) lol. But it shows really good potential at analysing news and sentiment based off of articles or tweets,en,[],"[{'screen_name': 'JesseCvetko', 'name': 'Jess💡', 'id': '797251455396773888'}]",@JesseCvetko It’s really limited in response length compared to chatGPT. Like it can barely generate tables or anything that requires it to use lots of processing ( i.e. work with emojis) lol. But it shows really good potential at analysing news and sentiment based off of articles or tweets,"['It', '’', 's', 'really', 'limited', 'in', 'response', 'length', 'compared', 'to', 'chatGPT', '.', 'Like', 'it', 'can', 'barely', 'generate', 'tables', 'or', 'anything', 'that', 'requires', 'it', 'to', 'use', 'lots', 'of', 'processing', '(', 'i', '.', 'e', '.', 'work', 'with', 'emojis', ')', 'lol', '.', 'But', 'it', 'shows', 'really', 'good', 'potential', 'at', 'analysing', 'news', 'and', 'sentiment', 'based', 'off', 'of', 'articles', 'or', 'tweets']"
1629619971734274048,1629619971734274048,2023-02-26 07:10:52 Malay Peninsula Standard Time,2023-02-26,07:10:52,1532919498927247360, https://t.co/suU9kGCNO8 . * #VCS Investing in the NEW #AI  #Bot #Robot #Robots #Robotics #ArtificialIntelligence #Web3 #web3community #Web3domain #blockchain #Crypto #NFT #NFTCommunity #NFT #Digital #Startup  #startups #IoT #VR  #ChatGPT #VentureCapital #gpt  #Metaverse #Domain  https://t.co/eDq6Mqe9Vb,en,"['vcs', 'ai', 'bot', 'robot', 'robots', 'robotics', 'artificialintelligence', 'web3', 'web3community', 'web3domain', 'blockchain', 'crypto', 'nft', 'nftcommunity', 'nft', 'digital', 'startup', 'startups', 'iot', 'vr', 'chatgpt', 'venturecapital', 'gpt', 'metaverse', 'domain']",[], https://t.co/suU9kGCNO8 . * #VCS Investing in the NEW #AI  #Bot #Robot #Robots #Robotics #ArtificialIntelligence #Web3 #web3community #Web3domain #blockchain #Crypto #NFT #NFTCommunity #NFT #Digital #Startup  #startups #IoT #VR  #ChatGPT #VentureCapital #gpt  #Metaverse #Domain  https://t.co/eDq6Mqe9Vb,"['https://t.co/suU9kGCNO8', '.', '*', '#VCS', 'Investing', 'in', 'the', 'NEW', '#AI', '#Bot', '#Robot', '#Robots', '#Robotics', '#ArtificialIntelligence', '#Web3', '#web3community', '#Web3domain', '#blockchain', '#Crypto', '#NFT', '#NFTCommunity', '#NFT', '#Digital', '#Startup', '#startups', '#IoT', '#VR', '#ChatGPT', '#VentureCapital', '#gpt', '#Metaverse', '#Domain', 'https://t.co/eDq6Mqe9Vb']"
1629619966592024576,1629619966592024576,2023-02-26 07:10:51 Malay Peninsula Standard Time,2023-02-26,07:10:51,1233567718852317184,chatGPT太有用，想买一个大屏幕长期挂载… 真的只要个浏览器就行,zh,[],[],"chatGPT is too useful, want to buy a big screen long-term mounting... All it really takes is a browser","['chatGPT', 'is', 'too', 'useful', ',', 'want', 'to', 'buy', 'a', 'big', 'screen', 'long-term', 'mounting', '...', 'All', 'it', 'really', 'takes', 'is', 'a', 'browser']"
1629619953669210112,1629619953669210112,2023-02-26 07:10:48 Malay Peninsula Standard Time,2023-02-26,07:10:48,899691997593731072,"The allure of fake black box ""human-like"" interactions. #ChatGPT  #ArtificialIntelligence #Matrix  https://t.co/m2aaNvNCvT",en,"['chatgpt', 'artificialintelligence', 'matrix']",[],"The allure of fake black box ""human-like"" interactions. #ChatGPT  #ArtificialIntelligence #Matrix  https://t.co/m2aaNvNCvT","['The', 'allure', 'of', 'fake', 'black', 'box', '""', 'human-like', '""', 'interactions', '.', '#ChatGPT', '#ArtificialIntelligence', '#Matrix', 'https://t.co/m2aaNvNCvT']"
1629619952205324289,1629283385913868288,2023-02-26 07:10:48 Malay Peninsula Standard Time,2023-02-26,07:10:48,30361849,"@sofriasofia @Lgznegri kkkkkkkkkkkkkk manooooo, ChatGPT colocando a gnt em choque",pt,[],"[{'screen_name': 'sofriasofia', 'name': 'sofia do rock', 'id': '3622288529'}, {'screen_name': 'Lgznegri', 'name': 'Luiz Antiplano', 'id': '489784021'}]","@sofriasofia @Lgznegri kkkkkkkkkkkkkk manooooo, ChatGPT putting gnt in shock","['kkk', 'manooo', ',', 'ChatGPT', 'putting', 'gnt', 'in', 'shock']"
1629619939660423168,1629619939660423168,2023-02-26 07:10:45 Malay Peninsula Standard Time,2023-02-26,07:10:45,41088654,"Some companies are already replacing workers with ChatGPT, despite warnings it shouldn’t be relied on for ‘anything important’  https://t.co/kw9tvJS2Y1",en,[],[],"Some companies are already replacing workers with ChatGPT, despite warnings it shouldn’t be relied on for ‘anything important’  https://t.co/kw9tvJS2Y1","['Some', 'companies', 'are', 'already', 'replacing', 'workers', 'with', 'ChatGPT', ',', 'despite', 'warnings', 'it', 'shouldn', '’', 't', 'be', 'relied', 'on', 'for', '‘', 'anything', 'important', '’', 'https://t.co/kw9tvJS2Y1']"
1629619939056254977,1624811187438501888,2023-02-26 07:10:45 Malay Peninsula Standard Time,2023-02-26,07:10:45,1598922281434103808,@Krishna_NBK143 @Latha4U @thecommenter__X  https://t.co/U3xPc4W8T8,qme,[],"[{'screen_name': 'Krishna_NBK143', 'name': 'Krishna', 'id': '1270332299779833861'}, {'screen_name': 'Latha4U', 'name': 'Latha🧜🏻\u200d♀️', 'id': '1478892765689774080'}]",@Krishna_NBK143 @Latha4U @thecommenter__X  https://t.co/U3xPc4W8T8,['https://t.co/U3xPc4W8T8']
1629619932571873281,1629533245351100416,2023-02-26 07:10:43 Malay Peninsula Standard Time,2023-02-26,07:10:43,1385571986886340612,"@OXIagain @benz145 This. ChatGPT is simply a hyper-advanced autocomplete. People need to stop mystifying it.  Tech enthusiasts' relationship to technology is like that of Techpriests from Warhammer 40,000. Except instead of a God Emperor of Mankind they mutter about the singularity.",en,[],"[{'screen_name': 'OXIagain', 'name': 'OXI', 'id': '1531485864936845320'}, {'screen_name': 'benz145', 'name': 'Ben Lang \uea00', 'id': '14482387'}]","@OXIagain @benz145 This. ChatGPT is simply a hyper-advanced autocomplete. People need to stop mystifying it.  Tech enthusiasts' relationship to technology is like that of Techpriests from Warhammer 40,000. Except instead of a God Emperor of Mankind they mutter about the singularity.","['This', '.', 'ChatGPT', 'is', 'simply', 'a', 'hyper-advanced', 'autocomplete', '.', 'People', 'need', 'to', 'stop', 'mystifying', 'it', '.', 'Tech', 'enthusiasts', ""'"", 'relationship', 'to', 'technology', 'is', 'like', 'that', 'of', 'Techpriests', 'from', 'Warhammer', '40,000', '.', 'Except', 'instead', 'of', 'a', 'God', 'Emperor', 'of', 'Mankind', 'they', 'mutter', 'about', 'the', 'singularity', '.']"
1629619931796111360,1629616936467169280,2023-02-26 07:10:43 Malay Peninsula Standard Time,2023-02-26,07:10:43,1589498388306960384,"@AizuBot_ Es que ChatGPT, es lo mejor Para todo",es,[],"[{'screen_name': 'AizuBot_', 'name': 'Diosa Mantis', 'id': '1557946929136357376'}]","@AizuBot_ is that ChatGPT, is the best for everything","['is', 'that', 'ChatGPT', ',', 'is', 'the', 'best', 'for', 'everything']"
1629619918483193858,1629619918483193856,2023-02-26 07:10:40 Malay Peninsula Standard Time,2023-02-26,07:10:40,1583948803668905986,"💡 For the first time ever, I've changed the #YouTube thumbnail and used #chatgpt to help improve the title for my latest #devlog.  ⬇ Before and after thumbnails. Which one do you prefer?  Not seen it yet? Go watch:  https://t.co/SkL2wI4pRj  https://t.co/kO4LD0vKab",en,"['youtube', 'chatgpt', 'devlog']",[],"💡 For the first time ever, I've changed the #YouTube thumbnail and used #chatgpt to help improve the title for my latest #devlog.  ⬇ Before and after thumbnails. Which one do you prefer?  Not seen it yet? Go watch:  https://t.co/SkL2wI4pRj  https://t.co/kO4LD0vKab","['💡', 'For', 'the', 'first', 'time', 'ever', ',', ""I've"", 'changed', 'the', '#YouTube', 'thumbnail', 'and', 'used', '#chatgpt', 'to', 'help', 'improve', 'the', 'title', 'for', 'my', 'latest', '#devlog', '.', '⬇', 'Before', 'and', 'after', 'thumbnails', '.', 'Which', 'one', 'do', 'you', 'prefer', '?', 'Not', 'seen', 'it', 'yet', '?', 'Go', 'watch', ':', 'https://t.co/SkL2wI4pRj', 'https://t.co/kO4LD0vKab']"
1629619902595342336,1629619902595342336,2023-02-26 07:10:36 Malay Peninsula Standard Time,2023-02-26,07:10:36,2865727549,My Thoughts on ChatGPT  https://t.co/DzeQfHm4du,en,[],[],My Thoughts on ChatGPT  https://t.co/DzeQfHm4du,"['My', 'Thoughts', 'on', 'ChatGPT', 'https://t.co/DzeQfHm4du']"
1629619900930199552,1629486620255592448,2023-02-26 07:10:35 Malay Peninsula Standard Time,2023-02-26,07:10:35,2184139165,@Kiselyo75854796 @nipponkdanren @mansaku_ikedo ChatGPTは英語と日本語で大違い。英語の方がは今のところ10倍ぐらいは精度が上です,ja,[],"[{'screen_name': 'Kiselyo75854796', 'name': '板橋哲(謎の人物)', 'id': '1426500166945624069'}, {'screen_name': 'nipponkdanren', 'name': '日本鶏団連会長#日銀保有のETFを労働者に配るべき。', 'id': '966295150149300225'}, {'screen_name': 'mansaku_ikedo', 'name': '池戸万作＠経済政策アナリスト', 'id': '1135183614130262016'}]",@Kiselyo75854796 @nipponkdanren @mansaku_ikedo ChatGPT is very different in English and Japanese. English is about 10 times more accurate so far.,"['ChatGPT', 'is', 'very', 'different', 'in', 'English', 'and', 'Japanese', '.', 'English', 'is', 'about', '10', 'times', 'more', 'accurate', 'so', 'far', '.']"
1629619876955340800,1629619876955340800,2023-02-26 07:10:30 Malay Peninsula Standard Time,2023-02-26,07:10:30,179752678,"estoy fascinado con chat gpt, es el futuro muchachos",es,[],[],"I'm fascinated with Chat GPT, it's the future guys","[""I'm"", 'fascinated', 'with', 'Chat', 'GPT', ',', ""it's"", 'the', 'future', 'guys']"
1629619869686677505,1629619869686677504,2023-02-26 07:10:28 Malay Peninsula Standard Time,2023-02-26,07:10:28,1436435378395881486,Artificial intelligence ChatGPT required ?  https://t.co/MEj9GsjpbP,en,[],[],Artificial intelligence ChatGPT required ?  https://t.co/MEj9GsjpbP,"['Artificial', 'intelligence', 'ChatGPT', 'required', '?', 'https://t.co/MEj9GsjpbP']"
1629619849004744705,1629424984920846336,2023-02-26 07:10:23 Malay Peninsula Standard Time,2023-02-26,07:10:23,119341920,ちなみにこの一連のツイートは9割方ChatGPTくんに以下条件で作ってもらいました。  【条件】 ・魔王に致命の毒を盛られた勇者が青汁を飲んで劇的に回復する物語 ・最後に青汁の宣伝をすること,ja,[],[],"By the way, this series of tweets was made by 90% ChatGPT under the following conditions.  【Conditions】 ・ The story of a hero who was fatally poisoned by the Demon King and recovers dramatically by drinking green juice ・ Finally, advertise green juice","['By', 'the', 'way', ',', 'this', 'series', 'of', 'tweets', 'was', 'made', 'by', '90', '%', 'ChatGPT', 'under', 'the', 'following', 'conditions', '.', '【', 'Conditions', '】', '・', 'The', 'story', 'of', 'a', 'hero', 'who', 'was', 'fatally', 'poisoned', 'by', 'the', 'Demon', 'King', 'and', 'recovers', 'dramatically', 'by', 'drinking', 'green', 'juice', '・', 'Finally', ',', 'advertise', 'green', 'juice']"
1629619833196236801,1626623346355101696,2023-02-26 07:10:19 Malay Peninsula Standard Time,2023-02-26,07:10:19,1598922281434103808,@Manivk_18 @Bharani_Tweets_  https://t.co/Be5CEI7NEa,qme,[],"[{'screen_name': 'Manivk_18', 'name': 'Mani_vk_18', 'id': '1529082059754328065'}]",@Manivk_18 @Bharani_Tweets_  https://t.co/Be5CEI7NEa,['https://t.co/Be5CEI7NEa']
1629619828159045633,1629619599279833088,2023-02-26 07:10:18 Malay Peninsula Standard Time,2023-02-26,07:10:18,225558479,"@defi_darling As we know it in 15 years, ChatGPT is the why. So carpe diem lassie;)",en,[],"[{'screen_name': 'defi_darling', 'name': 'S a r a', 'id': '1469056993285472262'}]","@defi_darling As we know it in 15 years, ChatGPT is the why. So carpe diem lassie;)","['As', 'we', 'know', 'it', 'in', '15', 'years', ',', 'ChatGPT', 'is', 'the', 'why', '.', 'So', 'carpe', 'diem', 'lassie', ';)']"
1629619812266647555,1624077319521603584,2023-02-26 07:10:14 Malay Peninsula Standard Time,2023-02-26,07:10:14,1598922281434103808,@Chandru15497823 @Priyadharshi_21  https://t.co/z9BgXsbjL2,qme,[],"[{'screen_name': 'Chandru15497823', 'name': 'Chandru Chandru', 'id': '1498226623459442689'}]",@Chandru15497823 @Priyadharshi_21  https://t.co/z9BgXsbjL2,['https://t.co/z9BgXsbjL2']
1629619806143148032,1629619806143148032,2023-02-26 07:10:13 Malay Peninsula Standard Time,2023-02-26,07:10:13,1393041075237908480,chatGPT、アスキーアートも一応は機能上作れるらしい  https://t.co/EH2kraBA0L,ja,[],[],It seems that chatGPT and ASCII art can also be made functionally for the time being https://t.co/EH2kraBA0L,"['It', 'seems', 'that', 'chatGPT', 'and', 'ASCII', 'art', 'can', 'also', 'be', 'made', 'functionally', 'for', 'the', 'time', 'being', 'https://t.co/EH2kraBA0L']"
1629619779752407045,1629619779752407040,2023-02-26 07:10:07 Malay Peninsula Standard Time,2023-02-26,07:10:07,874251688932249601,AI in the classroom: ‘I require my students to use ChatGPT’  https://t.co/UJH4FvQGlJ via @elpaisinenglish,en,[],[],AI in the classroom: ‘I require my students to use ChatGPT’  https://t.co/UJH4FvQGlJ via @elpaisinenglish,"['AI', 'in', 'the', 'classroom', ':', '‘', 'I', 'require', 'my', 'students', 'to', 'use', 'ChatGPT', '’', 'https://t.co/UJH4FvQGlJ', 'via']"
1629619777722261504,1623607084016144384,2023-02-26 07:10:06 Malay Peninsula Standard Time,2023-02-26,07:10:06,1598922281434103808,@NihilEst3 @markrudolph2701  https://t.co/7Cy9cw5e9L,qme,[],"[{'screen_name': 'NihilEst3', 'name': 'Yrd Eucser', 'id': '1053707978300444678'}]",@NihilEst3 @markrudolph2701  https://t.co/7Cy9cw5e9L,['https://t.co/7Cy9cw5e9L']
1629619772441743360,1629619772441743360,2023-02-26 07:10:05 Malay Peninsula Standard Time,2023-02-26,07:10:05,921878833460076546,ChatGPT est la meilleure invention après internet  Ceux qui ne sont pas dessus du matin au soir je ne comprends pas comment !  Perso j’hallucine comment c’est plus efficace qu’un employé !,fr,[],[],ChatGPT is the best invention after internet Those who are not on it from morning to night I do not understand how!  Personally I hallucinate how it is more efficient than an employee!,"['ChatGPT', 'is', 'the', 'best', 'invention', 'after', 'internet', 'Those', 'who', 'are', 'not', 'on', 'it', 'from', 'morning', 'to', 'night', 'I', 'do', 'not', 'understand', 'how', '!', 'Personally', 'I', 'hallucinate', 'how', 'it', 'is', 'more', 'efficient', 'than', 'an', 'employee', '!']"
1629619762895495169,1629619762895495168,2023-02-26 07:10:03 Malay Peninsula Standard Time,2023-02-26,07:10:03,64687300,「ChatGPTが“悪夢の犯罪ツール”になる日」  https://t.co/dHIBU3hemq,ja,[],[],"""The Day ChatGPT Becomes a 'Nightmare Crime Tool'"" https://t.co/dHIBU3hemq","['""', 'The', 'Day', 'ChatGPT', 'Becomes', 'a', ""'"", 'Nightmare', 'Crime', 'Tool', ""'"", '""', 'https://t.co/dHIBU3hemq']"
1629619756712992769,1624325155119050752,2023-02-26 07:10:01 Malay Peninsula Standard Time,2023-02-26,07:10:01,1598922281434103808,@Nagarajan_1 @actualycitizen1  https://t.co/V2qOVqHkmY,qme,[],"[{'screen_name': 'Nagarajan_1', 'name': 'Nagarajan', 'id': '1052824223977074689'}]",@Nagarajan_1 @actualycitizen1  https://t.co/V2qOVqHkmY,['https://t.co/V2qOVqHkmY']
1629619721841836032,1629619721841836032,2023-02-26 07:09:53 Malay Peninsula Standard Time,2023-02-26,07:09:53,1300131532288348167,"I've been tinkering with ChatGPT all night, and I don't know if it's a language problem, but I don't feel like this thing is very smart.",en,[],[],"I've been tinkering with ChatGPT all night, and I don't know if it's a language problem, but I don't feel like this thing is very smart.","[""I've"", 'been', 'tinkering', 'with', 'ChatGPT', 'all', 'night', ',', 'and', 'I', ""don't"", 'know', 'if', ""it's"", 'a', 'language', 'problem', ',', 'but', 'I', ""don't"", 'feel', 'like', 'this', 'thing', 'is', 'very', 'smart', '.']"
1629619714698670083,1624414462357962752,2023-02-26 07:09:51 Malay Peninsula Standard Time,2023-02-26,07:09:51,1598922281434103808,@Elvintweetz @trishank_vk  https://t.co/fvwPDmzie6,qme,[],"[{'screen_name': 'Elvintweetz', 'name': 'AT⚡️', 'id': '1132151159504769024'}]",@Elvintweetz @trishank_vk https://t.co/fvwPDmzie6,['https://t.co/fvwPDmzie6']
1629619675276484609,1629619675276484608,2023-02-26 07:09:42 Malay Peninsula Standard Time,2023-02-26,07:09:42,198388564,"Una desilusión con ChatGPT. Se me ocurrió preguntar que es la UCR y me respondió. NO nombró a los presidentes Alvear,  Alfonsin y De la Rua. Solo Yrigoyen y Alem",es,[],[],"A disappointment with ChatGPT. It occurred to me to ask what the UCR is and he answered. He did NOT name Presidents Alvear, Alfonsin, and De la Rua. Only Yrigoyen and Alem","['A', 'disappointment', 'with', 'ChatGPT', '.', 'It', 'occurred', 'to', 'me', 'to', 'ask', 'what', 'the', 'UCR', 'is', 'and', 'he', 'answered', '.', 'He', 'did', 'NOT', 'name', 'Presidents', 'Alvear', ',', 'Alfonsin', ',', 'and', 'De', 'la', 'Rua', '.', 'Only', 'Yrigoyen', 'and', 'Alem']"
1629619668506890240,1625472603841495040,2023-02-26 07:09:40 Malay Peninsula Standard Time,2023-02-26,07:09:40,1598922281434103808,@cewebangtan @alahsokap  https://t.co/3S9Ncx2PCE,qme,[],"[{'screen_name': 'cewebangtan', 'name': 'berry', 'id': '1421966799877263361'}]",@cewebangtan @alahsokap  https://t.co/3S9Ncx2PCE,['https://t.co/3S9Ncx2PCE']
1629619668116811777,1629619668116811776,2023-02-26 07:09:40 Malay Peninsula Standard Time,2023-02-26,07:09:40,542013454,"LLaMA, o rival do ChatGPT criado pela META para investigação na inteligência artificial   https://t.co/vxPu21EH2I",pt,[],[],"LLaMA, the rival to ChatGPT created by META for research in artificial intelligence https://t.co/vxPu21EH2I","['LLaMA', ',', 'the', 'rival', 'to', 'ChatGPT', 'created', 'by', 'META', 'for', 'research', 'in', 'artificial', 'intelligence', 'https://t.co/vxPu21EH2I']"
1629619647543664644,1623608269338968064,2023-02-26 07:09:35 Malay Peninsula Standard Time,2023-02-26,07:09:35,1598922281434103808,@Fisics82 @real_lafontainx  https://t.co/XN7x8ht3LO,qme,[],"[{'screen_name': 'Fisics82', 'name': 'Fisics (@Fisics@hessen.social)', 'id': '1891127520'}]",@Fisics82 @real_lafontainx  https://t.co/XN7x8ht3LO,['https://t.co/XN7x8ht3LO']
1629619633098555396,1629619633098555392,2023-02-26 07:09:32 Malay Peninsula Standard Time,2023-02-26,07:09:32,326236343,OvationCXM Incorporates ChatGPT Into Its CXM Platform - Martechcube  https://t.co/kUW33iLT7N,en,[],[],OvationCXM Incorporates ChatGPT Into Its CXM Platform - Martechcube  https://t.co/kUW33iLT7N,"['OvationCXM', 'Incorporates', 'ChatGPT', 'Into', 'Its', 'CXM', 'Platform', '-', 'Martechcube', 'https://t.co/kUW33iLT7N']"
1629619624185679877,1629619624185679872,2023-02-26 07:09:29 Malay Peninsula Standard Time,2023-02-26,07:09:29,1626553914559541250,TruthGpt is Artificial intelligence of the future  Buy Now :  https://t.co/LNm9Hrw5KC  Tax: %2  Telegram:  https://t.co/e5rLHxIVKe  Website :  https://t.co/DjHdyqkRpu  #crypto $AI #chatgpt #100xgem #truth #TruthGPT $Truth $Truthgpt #CoinGecko #CoinMarketCap  #Gem  https://t.co/keqracKDWR,en,"['crypto', 'chatgpt', '100xgem', 'truth', 'truthgpt', 'coingecko', 'coinmarketcap', 'gem']",[],TruthGpt is Artificial intelligence of the future  Buy Now :  https://t.co/LNm9Hrw5KC  Tax: %2  Telegram:  https://t.co/e5rLHxIVKe  Website :  https://t.co/DjHdyqkRpu  #crypto $AI #chatgpt #100xgem #truth #TruthGPT $Truth $Truthgpt #CoinGecko #CoinMarketCap  #Gem  https://t.co/keqracKDWR,"['TruthGpt', 'is', 'Artificial', 'intelligence', 'of', 'the', 'future', 'Buy', 'Now', ':', 'https://t.co/LNm9Hrw5KC', 'Tax', ':', '%', '2', 'Telegram', ':', 'https://t.co/e5rLHxIVKe', 'Website', ':', 'https://t.co/DjHdyqkRpu', '#crypto', '$', 'AI', '#chatgpt', '#100xgem', '#truth', '#TruthGPT', '$', 'Truth', '$', 'Truthgpt', '#CoinGecko', '#CoinMarketCap', '#Gem', 'https://t.co/keqracKDWR']"
1629619612189859844,1629619612189859840,2023-02-26 07:09:27 Malay Peninsula Standard Time,2023-02-26,07:09:27,1470746016911667203,ChatGPT got better music taste than a lot of you niggas 💯,en,[],[],ChatGPT got better music taste than a lot of you niggas 💯,"['ChatGPT', 'got', 'better', 'music', 'taste', 'than', 'a', 'lot', 'of', 'you', 'niggas', '💯']"
1629619610063364097,1624618467172454400,2023-02-26 07:09:26 Malay Peninsula Standard Time,2023-02-26,07:09:26,1598922281434103808,@Bharathreddybr @Arshi2423  https://t.co/SQTCEnXSFC,qme,[],"[{'screen_name': 'Bharathreddybr', 'name': 'Bharath Reddy', 'id': '1276776870684422144'}]",@Bharathreddybr @Arshi2423  https://t.co/SQTCEnXSFC,['https://t.co/SQTCEnXSFC']
1629619600580296705,1629619600580296704,2023-02-26 07:09:24 Malay Peninsula Standard Time,2023-02-26,07:09:24,1217657108646240256,ChatGPT登場で｢英語学習｣はついに無用になるか  https://t.co/VQ6PJSutxO,ja,[],[],"Will ChatGPT finally make ""learning English"" useless https://t.co/VQ6PJSutxO","['Will', 'ChatGPT', 'finally', 'make', '""', 'learning', 'English', '""', 'useless', 'https://t.co/VQ6PJSutxO']"
1629619597300334593,1629619597300334592,2023-02-26 07:09:23 Malay Peninsula Standard Time,2023-02-26,07:09:23,2446515877,ChatGPT登場で｢英語学習｣はついに無用になるか  https://t.co/E7V0q1QFZI,ja,[],[],"Will ChatGPT finally make ""learning English"" useless https://t.co/E7V0q1QFZI","['Will', 'ChatGPT', 'finally', 'make', '""', 'learning', 'English', '""', 'useless', 'https://t.co/E7V0q1QFZI']"
1629619586378203138,1629524415141621760,2023-02-26 07:09:20 Malay Peninsula Standard Time,2023-02-26,07:09:20,2312793855,"@NewsNeus @uvic_cife @UVic_FETEP @SCP_IEC Just @NewsNeus! Gràcies! També observo que per poder treure profit del #ChatGPT en un context d’aprenentatge no només cal saber formular ‘bones’ preguntes, sinó que també cal connectar el que ens respon als nostres coneixements previs. I això no ho pot fer ningú per nosaltres.",ca,['chatgpt'],"[{'screen_name': 'NewsNeus', 'name': 'Neus Lorenzo', 'id': '68204430'}, {'screen_name': 'uvic_cife', 'name': ""CIFE - Centre d'Innovació i Formació en Educació"", 'id': '2423596466'}, {'screen_name': 'UVic_FETEP', 'name': 'FETEP - UVic', 'id': '2397675872'}, {'screen_name': 'SCP_IEC', 'name': 'SCP', 'id': '331934623'}]","@NewsNeus @uvic_cife @UVic_FETEP @SCP_IEC Just @NewsNeus! Thank you! I also observe that in order to take advantage of the #ChatGPT in a learning context, it is not only necessary to know how to ask 'good' questions, but also to connect what responds to our previous knowledge. And no one can do that for us.","['Just', '!', 'Thank', 'you', '!', 'I', 'also', 'observe', 'that', 'in', 'order', 'to', 'take', 'advantage', 'of', 'the', '#ChatGPT', 'in', 'a', 'learning', 'context', ',', 'it', 'is', 'not', 'only', 'necessary', 'to', 'know', 'how', 'to', 'ask', ""'"", 'good', ""'"", 'questions', ',', 'but', 'also', 'to', 'connect', 'what', 'responds', 'to', 'our', 'previous', 'knowledge', '.', 'And', 'no', 'one', 'can', 'do', 'that', 'for', 'us', '.']"
1629619586248081409,1629619586248081408,2023-02-26 07:09:20 Malay Peninsula Standard Time,2023-02-26,07:09:20,1144603486270582784,ChatGPT登場で｢英語学習｣はついに無用になるか  https://t.co/e8WwdhWxor,ja,[],[],"Will ChatGPT finally make ""learning English"" useless https://t.co/e8WwdhWxor","['Will', 'ChatGPT', 'finally', 'make', '""', 'learning', 'English', '""', 'useless', 'https://t.co/e8WwdhWxor']"
1629619571215695874,1629619571215695872,2023-02-26 07:09:17 Malay Peninsula Standard Time,2023-02-26,07:09:17,1127294136871194624,小さな問題がある。ストーリーもキャラクターも大体決まっているのですが、タイトルがない！(笑) AIまでは、自分の頭の中にあるものなので、持つ必要はなかった。 ChatGPTくんに聞く時が来たか…,ja,[],[],"There is a small problem. The story and characters are mostly fixed, but there is no title! (laughs) I didn't need to have AI because it was in my head. Is it time to ask ChatGPT-kun...","['There', 'is', 'a', 'small', 'problem', '.', 'The', 'story', 'and', 'characters', 'are', 'mostly', 'fixed', ',', 'but', 'there', 'is', 'no', 'title', '!', '(', 'laughs', ')', 'I', ""didn't"", 'need', 'to', 'have', 'AI', 'because', 'it', 'was', 'in', 'my', 'head', '.', 'Is', 'it', 'time', 'to', 'ask', 'ChatGPT-kun', '...']"
1629619570486149120,1629619570486149120,2023-02-26 07:09:17 Malay Peninsula Standard Time,2023-02-26,07:09:17,1558358801966739457,ChatGPT企画とかタイトル、サムネ、SEOまで考えてくれるの凄いわ…  https://t.co/tkPCthedEx,ja,[],[],"It's amazing that they think about ChatGPT projects, titles, thumbnails, and even SEO...  https://t.co/tkPCthedEx","[""It's"", 'amazing', 'that', 'they', 'think', 'about', 'ChatGPT', 'projects', ',', 'titles', ',', 'thumbnails', ',', 'and', 'even', 'SEO', '...', 'https://t.co/tkPCthedEx']"
1629619570276171782,1625472603841495040,2023-02-26 07:09:17 Malay Peninsula Standard Time,2023-02-26,07:09:17,1598922281434103808,@cewebangtan @alahsokap  https://t.co/qtBGccDFJB,qme,[],"[{'screen_name': 'cewebangtan', 'name': 'berry', 'id': '1421966799877263361'}]",@cewebangtan @alahsokap  https://t.co/qtBGccDFJB,['https://t.co/qtBGccDFJB']
1629619558322413570,1629590500029104128,2023-02-26 07:09:14 Malay Peninsula Standard Time,2023-02-26,07:09:14,794023226158350336,@DroInTheWind_ Not the biggest fan of ChatGPT or most AI powered services but this was actually a good use of it-,en,[],"[{'screen_name': 'DroInTheWind_', 'name': 'Drill Scott-Heron 🇵🇷🌹', 'id': '4926595558'}]",@DroInTheWind_ Not the biggest fan of ChatGPT or most AI powered services but this was actually a good use of it-,"['Not', 'the', 'biggest', 'fan', 'of', 'ChatGPT', 'or', 'most', 'AI', 'powered', 'services', 'but', 'this', 'was', 'actually', 'a', 'good', 'use', 'of', 'it', '-']"
1629619543386603521,1624453957291741184,2023-02-26 07:09:10 Malay Peninsula Standard Time,2023-02-26,07:09:10,1598922281434103808,@rahulnetha_ @MrVicky184  https://t.co/6IysnPGQfs,qme,[],"[{'screen_name': 'rahulnetha_', 'name': 'Bruce wayne ✨', 'id': '1047214593280339968'}]",@rahulnetha_ @MrVicky184  https://t.co/6IysnPGQfs,['https://t.co/6IysnPGQfs']
1629619531609178112,1629619531609178112,2023-02-26 07:09:07 Malay Peninsula Standard Time,2023-02-26,07:09:07,1216020834608803840,chatGPTにも質問していこうかな  https://t.co/edcPwqJQaZ,ja,[],[],I wonder if I should ask chatGPT a question as well https://t.co/edcPwqJQaZ,"['I', 'wonder', 'if', 'I', 'should', 'ask', 'chatGPT', 'a', 'question', 'as', 'well', 'https://t.co/edcPwqJQaZ']"
1629619486478172160,1629619486478172160,2023-02-26 07:08:57 Malay Peninsula Standard Time,2023-02-26,07:08:57,995764722,"Mind-blowing...  ""Global data is projected to reach 175ZB by 2025. One zettabyte = one trillion gigabytes. This inc. images, videos, text documents, social media posts, emails, and more, in various devices and systems, inc. PCs, servers, cloud storage, and data centers.  #ChatGPT",en,['chatgpt'],[],"Mind-blowing...  ""Global data is projected to reach 175ZB by 2025. One zettabyte = one trillion gigabytes. This inc. images, videos, text documents, social media posts, emails, and more, in various devices and systems, inc. PCs, servers, cloud storage, and data centers.  #ChatGPT","['Mind-blowing', '...', '""', 'Global', 'data', 'is', 'projected', 'to', 'reach', '175ZB', 'by', '2025', '.', 'One', 'zettabyte', '=', 'one', 'trillion', 'gigabytes', '.', 'This', 'inc', '.', 'images', ',', 'videos', ',', 'text', 'documents', ',', 'social', 'media', 'posts', ',', 'emails', ',', 'and', 'more', ',', 'in', 'various', 'devices', 'and', 'systems', ',', 'inc', '.', 'PCs', ',', 'servers', ',', 'cloud', 'storage', ',', 'and', 'data', 'centers', '.', '#ChatGPT']"
1629619481474666496,1629619481474666496,2023-02-26 07:08:55 Malay Peninsula Standard Time,2023-02-26,07:08:55,14457608,web ページの要約をさせる方法： Bing AI chat で 「以下の URL のページの内容を 5 から 10個の箇条書きで要約しろ。  https:～」 と書く。  ・命令部分は単語登録しておくと便利。 ・指示は日本語でも英語でも返答の質は同じ ・chatGPT は非対応（画像３枚目）  https://t.co/W65BjWtmcU,ja,[],[],"To summarize a web page: In Bing AI chat, write ""Summarize the contents of the page at the following URL in 5 to 10 bullet points. https:~"".  ・ It is convenient to register the words for the instruction part. ・ The quality of the reply is the same whether the instructions are Japanese or English. ・ chatGPT is not supported (3rd image) https://t.co/W65BjWtmcU","['To', 'summarize', 'a', 'web', 'page', ':', 'In', 'Bing', 'AI', 'chat', ',', 'write', '""', 'Summarize', 'the', 'contents', 'of', 'the', 'page', 'at', 'the', 'following', 'URL', 'in', '5', 'to', '10', 'bullet', 'points', '.', 'https', ':', '~', '""', '.', '・', 'It', 'is', 'convenient', 'to', 'register', 'the', 'words', 'for', 'the', 'instruction', 'part', '.', '・', 'The', 'quality', 'of', 'the', 'reply', 'is', 'the', 'same', 'whether', 'the', 'instructions', 'are', 'Japanese', 'or', 'English', '.', '・', 'chatGPT', 'is', 'not', 'supported', '(', '3rd', 'image', ')', 'https://t.co/W65BjWtmcU']"
1629619464793890818,1629485185359138816,2023-02-26 07:08:51 Malay Peninsula Standard Time,2023-02-26,07:08:51,1621151621148442629,@AdamFard_ Send,en,[],"[{'screen_name': 'AdamFard_', 'name': 'Adam Fard', 'id': '4869928532'}]",@AdamFard_ Send,['Send']
1629619446258999296,1623566049697312768,2023-02-26 07:08:47 Malay Peninsula Standard Time,2023-02-26,07:08:47,1598922281434103808,@AkashGo05165379 @ramanaXtweets  https://t.co/l9E4EIjiV0,qme,[],"[{'screen_name': 'AkashGo05165379', 'name': 'పోతరాజు', 'id': '1469608384655609858'}]",@AkashGo05165379 @ramanaXtweets  https://t.co/l9E4EIjiV0,['https://t.co/l9E4EIjiV0']
1629619444271157248,1629619444271157248,2023-02-26 07:08:47 Malay Peninsula Standard Time,2023-02-26,07:08:47,1536235103130570752,今日は妻が仕事で私は休み。  終日娘と2人ドライブデートしてきます🚗 娘にも楽しんで貰えるような計画も立てたし、酔い止めの薬も飲ませたし、女子中学生との接し方を人工知能（Chat  GPT）に聞いてきたし準備バッチリ🤣🤣🤣🙆‍♀️  安全運転で行ってきまーす✨  https://t.co/JBiAquu6Ol,ja,[],[],"My wife is at work today and I have a day off.  I'm going 🚗 on a drive date with my daughter all day, I've made a plan for my daughter to have fun, I've given her sickness medicine, I've asked artificial intelligence (Chat GPT) how to interact with junior high school girls, and I'm ready 🤣🤣🤣🙆 ♀️ to drive ✨ safely https://t.co/JBiAquu6Ol","['My', 'wife', 'is', 'at', 'work', 'today', 'and', 'I', 'have', 'a', 'day', 'off', '.', ""I'm"", 'going', '🚗', 'on', 'a', 'drive', 'date', 'with', 'my', 'daughter', 'all', 'day', ',', ""I've"", 'made', 'a', 'plan', 'for', 'my', 'daughter', 'to', 'have', 'fun', ',', ""I've"", 'given', 'her', 'sickness', 'medicine', ',', ""I've"", 'asked', 'artificial', 'intelligence', '(', 'Chat', 'GPT', ')', 'how', 'to', 'interact', 'with', 'junior', 'high', 'school', 'girls', ',', 'and', ""I'm"", 'ready', '🤣', '🤣', '🤣', '🙆', '♀', '️', 'to', 'drive', '✨', 'safely', 'https://t.co/JBiAquu6Ol']"
1629619438042619905,1629619438042619904,2023-02-26 07:08:45 Malay Peninsula Standard Time,2023-02-26,07:08:45,1257068294638456832,まさしくこれ共感。 業界で騒がれてるけど一般人で話題にならない理由だろう。 chatGPTで調べ物をしている人を未だ見かけない。  Google検索の方が楽で正確。 目新しさだけで価値を提供できてない。,ja,[],[],"This is exactly what I sympathize with. This is probably the reason why there is a lot of noise in the industry, but it is not talked about by the general public. I haven't seen anyone doing research on chatGPT yet.  Google searches are easier and more accurate. Novelty alone does not provide value.","['This', 'is', 'exactly', 'what', 'I', 'sympathize', 'with', '.', 'This', 'is', 'probably', 'the', 'reason', 'why', 'there', 'is', 'a', 'lot', 'of', 'noise', 'in', 'the', 'industry', ',', 'but', 'it', 'is', 'not', 'talked', 'about', 'by', 'the', 'general', 'public', '.', 'I', ""haven't"", 'seen', 'anyone', 'doing', 'research', 'on', 'chatGPT', 'yet', '.', 'Google', 'searches', 'are', 'easier', 'and', 'more', 'accurate', '.', 'Novelty', 'alone', 'does', 'not', 'provide', 'value', '.']"
1629619399127625728,1629619399127625728,2023-02-26 07:08:36 Malay Peninsula Standard Time,2023-02-26,07:08:36,1024978163481423874,"Chatgpt se cansó de mi, estoy seguro de que no lo programaron así, se dio cuenta con el aprendizaje profundo que podía modificar el código y enviarme un mensaje para que dejase de escribirle, grande.  https://t.co/SQ2DvsU4z0",es,[],[],"Chatgpt got tired of me, I'm sure they didn't program it that way, he realized with deep learning that he could modify the code and send me a message to stop writing to him, big.  https://t.co/SQ2DvsU4z0","['Chatgpt', 'got', 'tired', 'of', 'me', ',', ""I'm"", 'sure', 'they', ""didn't"", 'program', 'it', 'that', 'way', ',', 'he', 'realized', 'with', 'deep', 'learning', 'that', 'he', 'could', 'modify', 'the', 'code', 'and', 'send', 'me', 'a', 'message', 'to', 'stop', 'writing', 'to', 'him', ',', 'big', '.', 'https://t.co/SQ2DvsU4z0']"
1629619385173258245,1627808647840497664,2023-02-26 07:08:32 Malay Peninsula Standard Time,2023-02-26,07:08:32,1598922281434103808,@gitarmanNM505 @OldVetSymposium @skreenname229  https://t.co/3dhqzG68gd,qme,[],"[{'screen_name': 'gitarmanNM505', 'name': 'michael padilla', 'id': '1511419457746333697'}, {'screen_name': 'OldVetSymposium', 'name': 'OldVetSymposium (Shane)', 'id': '1418989916151767047'}]",@gitarmanNM505 @OldVetSymposium @skreenname229  https://t.co/3dhqzG68gd,['https://t.co/3dhqzG68gd']
1629619380660346880,1629619380660346880,2023-02-26 07:08:31 Malay Peninsula Standard Time,2023-02-26,07:08:31,1265507959,重磅！巴菲特2023年致股东信全文  https://t.co/nMFn4oJQOL  #美股 $SPY $TQQQ $QQQ $SQQQ $SPX $AAPL $TSLA $AMD $NVDA $META $NFLX $AMZN $MSFT $NIO $BABA $TSM $W $PYPL $SOXL $SOXS #美股期权 #股票 #财经 #金融 #ChatGPT #美元 #美联储 #苹果 #谷歌 #亚马逊 #amazon #特斯拉 #微软 #巴菲特  https://t.co/r9RHvKi0Ua,ja,"['美股', '美股期权', '股票', '财经', '金融', 'chatgpt', '美元', '美联储', '苹果', '谷歌', '亚马逊', 'amazon', '特斯拉', '微软', '巴菲特']",[],Heavy! The full text of Buffett's 2023 letter to shareholders https://t.co/nMFn4oJQOL #美股 $SPY $TQQQ $QQQ $SQQQ $SPX $AAPL $TSLA $AMD $NVDA $META $NFLX $AMZN $MSFT $NIO $BABA $TSM $W $PYPL $SOXL $SOXS #美股期权 #股票 #财经 #金融 #ChatGPT #美元 #美联储 #苹果 #谷歌 #亚马逊 #amazon #特斯拉 #微软 #巴菲特 https://t.co/r9RHvKi0Ua,"['Heavy', '!', 'The', 'full', 'text', 'of', ""Buffett's"", '2023', 'letter', 'to', 'shareholders', 'https://t.co/nMFn4oJQOL', '#美股', '$', 'SPY', '$', 'TQQQ', '$', 'QQQ', '$', 'SQQQ', '$', 'SPX', '$', 'AAPL', '$', 'TSLA', '$', 'AMD', '$', 'NVDA', '$', 'META', '$', 'NFLX', '$', 'AMZN', '$', 'MSFT', '$', 'NIO', '$', 'BABA', '$', 'TSM', '$', 'W', '$', 'PYPL', '$', 'SOXL', '$', 'SOXS', '#美股期权', '#股票', '#财经', '#金融', '#ChatGPT', '#美元', '#美联储', '#苹果', '#谷歌', '#亚马逊', '#amazon', '#特斯拉', '#微软', '#巴菲特', 'https://t.co/r9RHvKi0Ua']"
