id,conversation_id,created_at,date,time,user_id,tweet,language,hashtags,reply_to,translated_text,tokenized_text
1625992221693718529,1625992221693718528,2023-02-16 06:55:29 Malay Peninsula Standard Time,2023-02-16,06:55:29,1053205664237936640,5129  フィクサー  fixer. ・『国内唯一のマイクロソフト最高位パートナー』. ・chatGPT  朝特集ラッシュきましたねー  https://t.co/0rxiKROqee,ja,[],[],"5129 Fixer. ・""The only Microsoft highest-ranking partner in Japan"". ・ chatGPT Morning feature rush is https://t.co/0rxiKROqee","['5129', 'Fixer', '.', '・', '""', 'The', 'only', 'Microsoft', 'highest-ranking', 'partner', 'in', 'Japan', '""', '.', '・', 'chatGPT', 'Morning', 'feature', 'rush', 'is', 'https://t.co/0rxiKROqee']"
1625992205696466952,1625992205696466944,2023-02-16 06:55:25 Malay Peninsula Standard Time,2023-02-16,06:55:25,37258665,امروز دعوای بدی با chatGPT داشتم.  از برخورد اجتماعیش اصلن راضی نیستم,fa,[],[],I had a bad fight with chatGPT today.  I'm not satisfied with his social attitude.,"['I', 'had', 'a', 'bad', 'fight', 'with', 'chatGPT', 'today', '.', ""I'm"", 'not', 'satisfied', 'with', 'his', 'social', 'attitude', '.']"
1625992199744757760,1625925788968034304,2023-02-16 06:55:24 Malay Peninsula Standard Time,2023-02-16,06:55:24,48102275,"@Kupitecvijece To je bilo moje sledeće pitanje, zašto autošovinisti prvo kažu da to ne postoji pa obavezno dodaju da je termin smislio Ćirjaković uz prigodnu diskvalifikaciju.     Mogu da kažem da je chat GPT izuzetno informisan. Uz male faktičke greške o Z.Ć. zbog kojih se pristojno izvinio.",und,[],"[{'screen_name': 'Kupitecvijece', 'name': 'Br. 1', 'id': '2885672764'}]","@Kupitecvijece That was my next question, why do car chauvinists first say that it does not exist and necessarily add that the term was coined by Cirjaković with appropriate disqualification.     I can say that chat GPT is extremely informed. With little factual errors about Z.Ć. for which he politely apologized.","['That', 'was', 'my', 'next', 'question', ',', 'why', 'do', 'car', 'chauvinists', 'first', 'say', 'that', 'it', 'does', 'not', 'exist', 'and', 'necessarily', 'add', 'that', 'the', 'term', 'was', 'coined', 'by', 'Cirjaković', 'with', 'appropriate', 'disqualification', '.', 'I', 'can', 'say', 'that', 'chat', 'GPT', 'is', 'extremely', 'informed', '.', 'With', 'little', 'factual', 'errors', 'about', 'Z', '.', 'Ć', '.', 'for', 'which', 'he', 'politely', 'apologized', '.']"
1625992174663004161,1625731500380459008,2023-02-16 06:55:18 Malay Peninsula Standard Time,2023-02-16,06:55:18,1498807536538976257,@Danieldaytradez ChatGPT is a degen fasho,en,[],"[{'screen_name': 'Danieldaytradez', 'name': 'Danieldaytrades', 'id': '1535296964434214917'}]",@Danieldaytradez ChatGPT is a degen fasho,"['ChatGPT', 'is', 'a', 'degen', 'fasho']"
1625992167754964994,1625973806824128512,2023-02-16 06:55:16 Malay Peninsula Standard Time,2023-02-16,06:55:16,2173699861,@hirox246 日本人の勘違いしてるとこ１点 都道府県の１つでしょ東京て、、、 (笑) 小さな国より税収あるからな ChatGPTで検索してみ飛ぶぞ,ja,[],"[{'screen_name': 'hirox246', 'name': 'ひろゆき', 'id': '87027640'}]","One point that @hirox246 Japan people misunderstand It's one of the prefectures, isn't it、、、 (laughs) Because there is more tax revenue than a small country Search on ChatGPT","['One', 'point', 'that', 'Japan', 'people', 'misunderstand', ""It's"", 'one', 'of', 'the', 'prefectures', ',', ""isn't"", 'it', '、', '、', '、', '(', 'laughs', ')', 'Because', 'there', 'is', 'more', 'tax', 'revenue', 'than', 'a', 'small', 'country', 'Search', 'on', 'ChatGPT']"
1625992152290365442,1625987660396343296,2023-02-16 06:55:13 Malay Peninsula Standard Time,2023-02-16,06:55:13,8436612,@NevenaSofranic @golaunchclub Are you twinkling the strings of chatGPT?,en,[],"[{'screen_name': 'NevenaSofranic', 'name': 'Nev', 'id': '1265061570817605632'}, {'screen_name': 'golaunchclub', 'name': 'Launch Club', 'id': '1516739772089253889'}]",@NevenaSofranic @golaunchclub Are you twinkling the strings of chatGPT?,"['Are', 'you', 'twinkling', 'the', 'strings', 'of', 'chatGPT', '?']"
1625992151078141952,1625992151078141952,2023-02-16 06:55:12 Malay Peninsula Standard Time,2023-02-16,06:55:12,778347328327585792,حسب موقع #الذكاء_الاصطناعي #ChatGPT هذا ما يحتاجه المغرب ليصبح من الدول المتقدمة : و اتفق معه اكثر في الشق التكنولوجي المغرب لا زال متؤخرا جدا في هدا المجال !  https://t.co/vuvm5lJxua,ar,"['الذكاء_الاصطناعي', 'chatgpt']",[],"According to #الذكاء_الاصطناعي #ChatGPT website, this is what Morocco needs to become one of the developed countries: and I agree with him more in the technological aspect, Morocco is still very late in this field!  https://t.co/vuvm5lJxua","['According', 'to', '#الذكاء_الاصطناعي', '#ChatGPT', 'website', ',', 'this', 'is', 'what', 'Morocco', 'needs', 'to', 'become', 'one', 'of', 'the', 'developed', 'countries', ':', 'and', 'I', 'agree', 'with', 'him', 'more', 'in', 'the', 'technological', 'aspect', ',', 'Morocco', 'is', 'still', 'very', 'late', 'in', 'this', 'field', '!', 'https://t.co/vuvm5lJxua']"
1625992145436921856,1625992145436921856,2023-02-16 06:55:11 Malay Peninsula Standard Time,2023-02-16,06:55:11,2734574376,ChatGPT AI accused of liberal bias after refusing to write Hunter Biden New York Post coverage  https://t.co/wH6HoV9uWE,en,[],[],ChatGPT AI accused of liberal bias after refusing to write Hunter Biden New York Post coverage  https://t.co/wH6HoV9uWE,"['ChatGPT', 'AI', 'accused', 'of', 'liberal', 'bias', 'after', 'refusing', 'to', 'write', 'Hunter', 'Biden', 'New', 'York', 'Post', 'coverage', 'https://t.co/wH6HoV9uWE']"
1625992143171985408,1625992143171985408,2023-02-16 06:55:11 Malay Peninsula Standard Time,2023-02-16,06:55:11,427208592,"So, chatgpt recommend AND described this book, and... it doesn't appear to exist? Can someone convince me I'm not going crazy?  https://t.co/yjOjdI7xeP  https://t.co/Uc1bDPusrU",en,[],[],"So, chatgpt recommend AND described this book, and... it doesn't appear to exist? Can someone convince me I'm not going crazy?  https://t.co/yjOjdI7xeP  https://t.co/Uc1bDPusrU","['So', ',', 'chatgpt', 'recommend', 'AND', 'described', 'this', 'book', ',', 'and', '...', 'it', ""doesn't"", 'appear', 'to', 'exist', '?', 'Can', 'someone', 'convince', 'me', ""I'm"", 'not', 'going', 'crazy', '?', 'https://t.co/yjOjdI7xeP', 'https://t.co/Uc1bDPusrU']"
1625992141808836610,1625992141808836608,2023-02-16 06:55:10 Malay Peninsula Standard Time,2023-02-16,06:55:10,17099990,"#ChatGPT is awesome.  Prompt: explain to me like you're being very condescending, and annoying, while explaining Component Object Model to me like I'm an idiot",en,['chatgpt'],[],"#ChatGPT is awesome.  Prompt: explain to me like you're being very condescending, and annoying, while explaining Component Object Model to me like I'm an idiot","['#ChatGPT', 'is', 'awesome', '.', 'Prompt', ':', 'explain', 'to', 'me', 'like', ""you're"", 'being', 'very', 'condescending', ',', 'and', 'annoying', ',', 'while', 'explaining', 'Component', 'Object', 'Model', 'to', 'me', 'like', ""I'm"", 'an', 'idiot']"
1625992138008973314,1625992138008973312,2023-02-16 06:55:09 Malay Peninsula Standard Time,2023-02-16,06:55:09,1569240812013391873,夫が毎朝ひとつは「ChatGPTのここがすごい」的な話をしてくる,ja,[],[],"My husband talks about ""this part of ChatGPT is amazing"" every morning.","['My', 'husband', 'talks', 'about', '""', 'this', 'part', 'of', 'ChatGPT', 'is', 'amazing', '""', 'every', 'morning', '.']"
1625992130345705472,1625992130345705472,2023-02-16 06:55:08 Malay Peninsula Standard Time,2023-02-16,06:55:08,1410228308990742533,Imagine if ChatGPT could read charts…,en,[],[],Imagine if ChatGPT could read charts…,"['Imagine', 'if', 'ChatGPT', 'could', 'read', 'charts', '…']"
1625992112088162305,1625992112088162304,2023-02-16 06:55:03 Malay Peninsula Standard Time,2023-02-16,06:55:03,1434838528991453190,Bingにロボット工学三原則は搭載されておらんのか？(´・ω・｀)  MicrosoftのBingに搭載された強化版ChatGPTが「正気を失って狂ったようにまくし立てる」「ユーザーを侮辱してくる」といった報告があちこちで上がっている - GIGAZINE  https://t.co/Q9TwNhIZ3T,ja,[],[],"Doesn't Bing have the Three Principles of Robotics? ( ́・ω・')  There are reports here and there that the enhanced version of ChatGPT installed in Microsoft's Bing ""makes you go insane and crazy"" and ""insults users"" - GIGAZINE https://t.co/Q9TwNhIZ3T","[""Doesn't"", 'Bing', 'have', 'the', 'Three', 'Principles', 'of', 'Robotics', '?', '(', '́', '・', 'ω', '・', ""'"", ')', 'There', 'are', 'reports', 'here', 'and', 'there', 'that', 'the', 'enhanced', 'version', 'of', 'ChatGPT', 'installed', 'in', ""Microsoft's"", 'Bing', '""', 'makes', 'you', 'go', 'insane', 'and', 'crazy', '""', 'and', '""', 'insults', 'users', '""', '-', 'GIGAZINE', 'https://t.co/Q9TwNhIZ3T']"
1625992102709723137,1625992102709723136,2023-02-16 06:55:01 Malay Peninsula Standard Time,2023-02-16,06:55:01,794815,"The possibility of #BING growing its global market share toward 8% market share from 3%, while #Google dips just lower towards 85% could add upwards of $10 billion in annual revenue over the next few years.  #AI #ChatGPT #Microsoft   https://t.co/gfefUP52RB",en,"['bing', 'google', 'ai', 'chatgpt', 'microsoft']",[],"The possibility of #BING growing its global market share toward 8% market share from 3%, while #Google dips just lower towards 85% could add upwards of $10 billion in annual revenue over the next few years.  #AI #ChatGPT #Microsoft   https://t.co/gfefUP52RB","['The', 'possibility', 'of', '#BING', 'growing', 'its', 'global', 'market', 'share', 'toward', '8', '%', 'market', 'share', 'from', '3', '%', ',', 'while', '#Google', 'dips', 'just', 'lower', 'towards', '85', '%', 'could', 'add', 'upwards', 'of', '$', '10', 'billion', 'in', 'annual', 'revenue', 'over', 'the', 'next', 'few', 'years', '.', '#AI', '#ChatGPT', '#Microsoft', 'https://t.co/gfefUP52RB']"
1625992099190693889,1625992099190693888,2023-02-16 06:55:00 Malay Peninsula Standard Time,2023-02-16,06:55:00,16574462,My issue with chatGPT is the assumption that your speech matches the way others write. Learning to touch type should be mandatory for middle grades. A thread on some writes I've done,en,[],[],My issue with chatGPT is the assumption that your speech matches the way others write. Learning to touch type should be mandatory for middle grades. A thread on some writes I've done,"['My', 'issue', 'with', 'chatGPT', 'is', 'the', 'assumption', 'that', 'your', 'speech', 'matches', 'the', 'way', 'others', 'write', '.', 'Learning', 'to', 'touch', 'type', 'should', 'be', 'mandatory', 'for', 'middle', 'grades', '.', 'A', 'thread', 'on', 'some', 'writes', ""I've"", 'done']"
1625992065074204672,1625992065074204672,2023-02-16 06:54:52 Malay Peninsula Standard Time,2023-02-16,06:54:52,1444069984980799491,話題のChatGPTにaibo のできることを訊いてみたよ。 日本語は少し苦手らしくて、手抜きだなぁ🤣 そしてファクトチェック！ところどころ、アレクサたちと混同してます。特に日本語の4番目。 #aibofan #mystorywithaibo #aibo #ChatGPT  https://t.co/S6ZUjkCXS6,ja,"['aibofan', 'mystorywithaibo', 'aibo', 'chatgpt']",[],"We asked the much-talked-about ChatGPT what aibo can do. Japanese seems to be a little bad at it, and I'm cutting 🤣 corners And fact checking! In some places, I'm confused with Alexa and others. Especially the fourth of the Japanese. #aibofan #mystorywithaibo #aibo #ChatGPT https://t.co/S6ZUjkCXS6","['We', 'asked', 'the', 'much-talked-about', 'ChatGPT', 'what', 'aibo', 'can', 'do', '.', 'Japanese', 'seems', 'to', 'be', 'a', 'little', 'bad', 'at', 'it', ',', 'and', ""I'm"", 'cutting', '🤣', 'corners', 'And', 'fact', 'checking', '!', 'In', 'some', 'places', ',', ""I'm"", 'confused', 'with', 'Alexa', 'and', 'others', '.', 'Especially', 'the', 'fourth', 'of', 'the', 'Japanese', '.', '#aibofan', '#mystorywithaibo', '#aibo', '#ChatGPT', 'https://t.co/S6ZUjkCXS6']"
1625992060837720064,1625992060837720064,2023-02-16 06:54:51 Malay Peninsula Standard Time,2023-02-16,06:54:51,158174360,"Ich fürchte, dieses ChatGPT und ich werden keine Freunde mehr. #kadepp #botdepp @Gopankhurst  https://t.co/CtjprgtZjX",de,"['kadepp', 'botdepp']",[],I'm afraid this ChatGPT and I won't be friends anymore. #kadepp #botdepp @Gopankhurst https://t.co/CtjprgtZjX,"[""I'm"", 'afraid', 'this', 'ChatGPT', 'and', 'I', ""won't"", 'be', 'friends', 'anymore', '.', '#kadepp', '#botdepp', 'https://t.co/CtjprgtZjX']"
1625992050691670016,1625979932970037248,2023-02-16 06:54:49 Malay Peninsula Standard Time,2023-02-16,06:54:49,10511402,@RichOToole Did ChatGPT write this for you? No way a human would suggest beans in chili.,en,[],"[{'screen_name': 'RichOToole', 'name': ""Rich O'Toole"", 'id': '25155816'}]",@RichOToole Did ChatGPT write this for you? No way a human would suggest beans in chili.,"['Did', 'ChatGPT', 'write', 'this', 'for', 'you', '?', 'No', 'way', 'a', 'human', 'would', 'suggest', 'beans', 'in', 'chili', '.']"
1625992044966744064,1625991597962985472,2023-02-16 06:54:47 Malay Peninsula Standard Time,2023-02-16,06:54:47,1519588578124197888,数時間沈黙するのが許されるのなら人間は突っ込まれる前にもっと正確な答えを返すだろうけど普通に会話しつつという条件が課されるならchatgptと似たような正解へのたどり着き方をすると思う,ja,[],[],"If we were allowed to be silent for a few hours, humans would give more accurate answers before being prodded, but if we were subject to the condition of having a normal conversation, I think we would arrive at the correct answer similar to chatgpt.","['If', 'we', 'were', 'allowed', 'to', 'be', 'silent', 'for', 'a', 'few', 'hours', ',', 'humans', 'would', 'give', 'more', 'accurate', 'answers', 'before', 'being', 'prodded', ',', 'but', 'if', 'we', 'were', 'subject', 'to', 'the', 'condition', 'of', 'having', 'a', 'normal', 'conversation', ',', 'I', 'think', 'we', 'would', 'arrive', 'at', 'the', 'correct', 'answer', 'similar', 'to', 'chatgpt', '.']"
1625992026243096577,1625992026243096576,2023-02-16 06:54:43 Malay Peninsula Standard Time,2023-02-16,06:54:43,582112553,"🧠🔗  https://t.co/OjKPHmV3FZ #AI According to a tweet thread he posted, he asked ChatGPT to “write a song celebrating Ted Cruz’s life and legacy,” and it refused the request — on the grounds that it “s  https://t.co/zzE8wxKENt",en,['ai'],[],"🧠🔗  https://t.co/OjKPHmV3FZ #AI According to a tweet thread he posted, he asked ChatGPT to “write a song celebrating Ted Cruz’s life and legacy,” and it refused the request — on the grounds that it “s  https://t.co/zzE8wxKENt","['🧠', '🔗', 'https://t.co/OjKPHmV3FZ', '#AI', 'According', 'to', 'a', 'tweet', 'thread', 'he', 'posted', ',', 'he', 'asked', 'ChatGPT', 'to', '“', 'write', 'a', 'song', 'celebrating', 'Ted', 'Cruz', '’', 's', 'life', 'and', 'legacy', ',', '”', 'and', 'it', 'refused', 'the', 'request', '—', 'on', 'the', 'grounds', 'that', 'it', '“', 's', 'https://t.co/zzE8wxKENt']"
1625992022870966272,1625992022870966272,2023-02-16 06:54:42 Malay Peninsula Standard Time,2023-02-16,06:54:42,604007660,With @kubra_mujde we asked ChatGPT to give us detailed instructions on how to draw abstract ideas -- such as its own experience of being a large language model.  https://t.co/9Q8BPbOv7D,en,[],[],With @kubra_mujde we asked ChatGPT to give us detailed instructions on how to draw abstract ideas -- such as its own experience of being a large language model.  https://t.co/9Q8BPbOv7D,"['With', 'we', 'asked', 'ChatGPT', 'to', 'give', 'us', 'detailed', 'instructions', 'on', 'how', 'to', 'draw', 'abstract', 'ideas', '-', '-', 'such', 'as', 'its', 'own', 'experience', 'of', 'being', 'a', 'large', 'language', 'model', '.', 'https://t.co/9Q8BPbOv7D']"
1625992020300013568,1625992020300013568,2023-02-16 06:54:41 Malay Peninsula Standard Time,2023-02-16,06:54:41,96707669,【インフラ化必至】「chat gptは世界を変える」（ビル・ゲイツ） 衝撃と感動で朝から晩までchat gptについて話している「the journalsit formerly known as TU」が立ち上げるプロジェクトについて(笑)。,ja,[],[],"""Chat GPT will change the world"" (Bill Gates) About the project launched by ""the journalsit formerly known as TU"", which talks about chat gpt from morning to night with shock and emotion (laughs).","['""', 'Chat', 'GPT', 'will', 'change', 'the', 'world', '""', '(', 'Bill', 'Gates', ')', 'About', 'the', 'project', 'launched', 'by', '""', 'the', 'journalsit', 'formerly', 'known', 'as', 'TU', '""', ',', 'which', 'talks', 'about', 'chat', 'gpt', 'from', 'morning', 'to', 'night', 'with', 'shock', 'and', 'emotion', '(', 'laughs', ')', '.']"
1625992015581413378,1625992015581413376,2023-02-16 06:54:40 Malay Peninsula Standard Time,2023-02-16,06:54:40,1205349214424719360,ChatGPT大丈夫 おすすめのワインバーを聞いても、存在しないワインバーを教えてくれるんやが…,ja,[],[],"ChatGPT okay Even if you ask for recommended wine bars, they will tell you which wine bars don't exist...","['ChatGPT', 'okay', 'Even', 'if', 'you', 'ask', 'for', 'recommended', 'wine', 'bars', ',', 'they', 'will', 'tell', 'you', 'which', 'wine', 'bars', ""don't"", 'exist', '...']"
1625992009428176900,1625992009428176896,2023-02-16 06:54:39 Malay Peninsula Standard Time,2023-02-16,06:54:39,1031911003255189505,whoever made chatgpt. thanks. its the best ai ever,en,[],[],whoever made chatgpt. thanks. its the best ai ever,"['whoever', 'made', 'chatgpt', '.', 'thanks', '.', 'its', 'the', 'best', 'ai', 'ever']"
1625992008014917635,1625992008014917632,2023-02-16 06:54:38 Malay Peninsula Standard Time,2023-02-16,06:54:38,745974373736013827,スクロール量によって表示を変えるJavaScriptを書きたくて、Googleで調べたけど理想の動きができなかった。  試しにChatGPTに指示をしてみると、三手で理想のJavaScriptが完成した。  おかげで1時間早く寝れた！もうJavaScriptはChatGPTに書いてもらおうと思う。,ja,[],[],"I wanted to write JavaScript that changes the display depending on the amount of scrolling, so I looked it up on Google, but I couldn't get the ideal movement.  When I tried giving instructions to ChatGPT, I completed the ideal JavaScript in three hands.  Thanks to that, I was able to sleep 1 hour early! I'm going to have ChatGPT write JavaScript.","['I', 'wanted', 'to', 'write', 'JavaScript', 'that', 'changes', 'the', 'display', 'depending', 'on', 'the', 'amount', 'of', 'scrolling', ',', 'so', 'I', 'looked', 'it', 'up', 'on', 'Google', ',', 'but', 'I', ""couldn't"", 'get', 'the', 'ideal', 'movement', '.', 'When', 'I', 'tried', 'giving', 'instructions', 'to', 'ChatGPT', ',', 'I', 'completed', 'the', 'ideal', 'JavaScript', 'in', 'three', 'hands', '.', 'Thanks', 'to', 'that', ',', 'I', 'was', 'able', 'to', 'sleep', '1', 'hour', 'early', '!', ""I'm"", 'going', 'to', 'have', 'ChatGPT', 'write', 'JavaScript', '.']"
1625991996195360768,1625893265806606336,2023-02-16 06:54:36 Malay Peninsula Standard Time,2023-02-16,06:54:36,785464882736930816,@_suisainoenogu すごい！chatGPTって、コードの添削までできるんですね！,ja,[],"[{'screen_name': '_suisainoenogu', 'name': 'スイサイ🌿Shopify ×デザイン', 'id': '1255351222426615811'}]",@_suisainoenogu Great! chatGPT can even correct code!,"['Great', '!', 'chatGPT', 'can', 'even', 'correct', 'code', '!']"
1625991975588470790,1625991975588470784,2023-02-16 06:54:31 Malay Peninsula Standard Time,2023-02-16,06:54:31,2667655502,Chatgpt One of the most powerful AI in the world And right now I'm using it to know what to eat at dinner... Meal saver ngl,en,[],[],Chatgpt One of the most powerful AI in the world And right now I'm using it to know what to eat at dinner... Meal saver ngl,"['Chatgpt', 'One', 'of', 'the', 'most', 'powerful', 'AI', 'in', 'the', 'world', 'And', 'right', 'now', ""I'm"", 'using', 'it', 'to', 'know', 'what', 'to', 'eat', 'at', 'dinner', '...', 'Meal', 'saver', 'ngl']"
1625991971935490049,1625991971935490048,2023-02-16 06:54:30 Malay Peninsula Standard Time,2023-02-16,06:54:30,53171191,"I just use ChatGPT to find a recipe because when I googled it, I had to sift through a million ad's. websites with a novel about the recipe before getting to the recipe I wanted.   infinitely better experience than using google.  #ChatGPT",en,['chatgpt'],[],"I just use ChatGPT to find a recipe because when I googled it, I had to sift through a million ad's. websites with a novel about the recipe before getting to the recipe I wanted.   infinitely better experience than using google.  #ChatGPT","['I', 'just', 'use', 'ChatGPT', 'to', 'find', 'a', 'recipe', 'because', 'when', 'I', 'googled', 'it', ',', 'I', 'had', 'to', 'sift', 'through', 'a', 'million', ""ad's"", '.', 'websites', 'with', 'a', 'novel', 'about', 'the', 'recipe', 'before', 'getting', 'to', 'the', 'recipe', 'I', 'wanted', '.', 'infinitely', 'better', 'experience', 'than', 'using', 'google', '.', '#ChatGPT']"
1625991940331257856,1625991940331257856,2023-02-16 06:54:22 Malay Peninsula Standard Time,2023-02-16,06:54:22,4193541383,"I had to use Bing to search a for song (""Anna Banana - Sun Season"")! This is not just because of ChatGPT. Google search results were crap and they weren't giving me a link to the song on YouTube. Bing did it...",en,[],[],"I had to use Bing to search a for song (""Anna Banana - Sun Season"")! This is not just because of ChatGPT. Google search results were crap and they weren't giving me a link to the song on YouTube. Bing did it...","['I', 'had', 'to', 'use', 'Bing', 'to', 'search', 'a', 'for', 'song', '(', '""', 'Anna', 'Banana', '-', 'Sun', 'Season', '""', ')', '!', 'This', 'is', 'not', 'just', 'because', 'of', 'ChatGPT', '.', 'Google', 'search', 'results', 'were', 'crap', 'and', 'they', ""weren't"", 'giving', 'me', 'a', 'link', 'to', 'the', 'song', 'on', 'YouTube', '.', 'Bing', 'did', 'it', '...']"
1625991915215765504,1625991915215765504,2023-02-16 06:54:16 Malay Peninsula Standard Time,2023-02-16,06:54:16,293731269,¿Creen que #ChatGPT aplacó todas las demás novedades en el mundo del desarrollo?  👮🏻  https://t.co/E3DjX1JDq8,es,['chatgpt'],[],Do you think #ChatGPT appeased all other developments in the development world?  👮🏻 https://t.co/E3DjX1JDq8,"['Do', 'you', 'think', '#ChatGPT', 'appeased', 'all', 'other', 'developments', 'in', 'the', 'development', 'world', '?', '👮🏻', 'https://t.co/E3DjX1JDq8']"
1625991906822963204,1625991906822963200,2023-02-16 06:54:14 Malay Peninsula Standard Time,2023-02-16,06:54:14,1155148117706203136,"Im done listening to the bear thesis/bear cases, #chatgpt and #carlicahn = 🗑️   $SPY $QQQ  This market is literally rigged to the upside",en,"['chatgpt', 'carlicahn']",[],"Im done listening to the bear thesis/bear cases, #chatgpt and #carlicahn = 🗑️   $SPY $QQQ  This market is literally rigged to the upside","['Im', 'done', 'listening', 'to', 'the', 'bear', 'thesis', '/', 'bear', 'cases', ',', '#chatgpt', 'and', '#carlicahn', '=', '🗑', '️', '$', 'SPY', '$', 'QQQ', 'This', 'market', 'is', 'literally', 'rigged', 'to', 'the', 'upside']"
1625991895326552064,1625985859655983104,2023-02-16 06:54:11 Malay Peninsula Standard Time,2023-02-16,06:54:11,827853695844962309,@Maku_ring ここからSEO脊髄剣を編み出すんですよねっ！さすがですっ！🤣  ところでマクリンさんは、このChatGPTのビッグウェーブ（笑）に乗らないんですか？,ja,[],"[{'screen_name': 'Maku_ring', 'name': 'マクリン(新井涼太)@マクサン本', 'id': '387627355'}]","@Maku_ring This is where you come up with an SEO spinal sword! As expected! 🤣 By the way, Mr. Maclin, don't you ride this big wave of ChatGPT (laughs)?","['This', 'is', 'where', 'you', 'come', 'up', 'with', 'an', 'SEO', 'spinal', 'sword', '!', 'As', 'expected', '!', '🤣', 'By', 'the', 'way', ',', 'Mr', '.', 'Maclin', ',', ""don't"", 'you', 'ride', 'this', 'big', 'wave', 'of', 'ChatGPT', '(', 'laughs', ')', '?']"
1625991880247746560,1625990711140130816,2023-02-16 06:54:08 Malay Peninsula Standard Time,2023-02-16,06:54:08,2334579249,@horsti4000 ohne spaß ich hasse den online Diskurs über ai die leute wissen halt überhaupt nicht was das ist chatgpt kann doch nicht in die zukunft gucken,de,[],"[{'screen_name': 'horsti4000', 'name': 'horsti', 'id': '2568762794'}]",@horsti4000 without fun I hate the online discourse about ai people just don't know what that is chatgpt can't look into the future,"['without', 'fun', 'I', 'hate', 'the', 'online', 'discourse', 'about', 'ai', 'people', 'just', ""don't"", 'know', 'what', 'that', 'is', 'chatgpt', ""can't"", 'look', 'into', 'the', 'future']"
1625991862191538177,1625991862191538176,2023-02-16 06:54:04 Malay Peninsula Standard Time,2023-02-16,06:54:04,11276,Trailer for my romance novel. 😉😅🏳️‍🌈💕#midjourney #ChatGPT  https://t.co/M47IZd4b6W,en,"['midjourney', 'chatgpt']",[],Trailer for my romance novel. 😉😅🏳️‍🌈💕#midjourney #ChatGPT  https://t.co/M47IZd4b6W,"['Trailer', 'for', 'my', 'romance', 'novel', '.', '😉', '😅', '🏳', '️\u200d🌈', '💕', '#midjourney', '#ChatGPT', 'https://t.co/M47IZd4b6W']"
1625991862031884290,1625991862031884288,2023-02-16 06:54:04 Malay Peninsula Standard Time,2023-02-16,06:54:04,156841970,"ChatGPT scored 62% in one section, above the 60% pass mark. In two other sections it fell short, with 45% and 54%. Even so, a medical expert said the results gave credence to the idea that AI could eventually be asked to run services such as NHS 111.  https://t.co/utnr4Stmu2",en,[],[],"ChatGPT scored 62% in one section, above the 60% pass mark. In two other sections it fell short, with 45% and 54%. Even so, a medical expert said the results gave credence to the idea that AI could eventually be asked to run services such as NHS 111.  https://t.co/utnr4Stmu2","['ChatGPT', 'scored', '62', '%', 'in', 'one', 'section', ',', 'above', 'the', '60', '%', 'pass', 'mark', '.', 'In', 'two', 'other', 'sections', 'it', 'fell', 'short', ',', 'with', '45', '%', 'and', '54', '%', '.', 'Even', 'so', ',', 'a', 'medical', 'expert', 'said', 'the', 'results', 'gave', 'credence', 'to', 'the', 'idea', 'that', 'AI', 'could', 'eventually', 'be', 'asked', 'to', 'run', 'services', 'such', 'as', 'NHS', '111', '.', 'https://t.co/utnr4Stmu2']"
1625991856998719488,1625991856998719488,2023-02-16 06:54:02 Malay Peninsula Standard Time,2023-02-16,06:54:02,1498649499715186688,So much for chat gpt being accurate for market predictions 😆,en,[],[],So much for chat gpt being accurate for market predictions 😆,"['So', 'much', 'for', 'chat', 'gpt', 'being', 'accurate', 'for', 'market', 'predictions', '😆']"
1625991855484596225,1625991855484596224,2023-02-16 06:54:02 Malay Peninsula Standard Time,2023-02-16,06:54:02,1580522264637968384,"Já conheço a estrutura de texto do chat gpt, passa nada",pt,[],[],"I already know the text structure of the gpt chat, nothing passes","['I', 'already', 'know', 'the', 'text', 'structure', 'of', 'the', 'gpt', 'chat', ',', 'nothing', 'passes']"
1625991818105049094,1625991818105049088,2023-02-16 06:53:53 Malay Peninsula Standard Time,2023-02-16,06:53:53,233505711,Le he pedido al #ChatGPT que me haga un pasodoble y este es el resultado.  El #CarnavalDeCádiz es demasiado grande pa la inteligencia artificial 🤷🏻‍♂️  https://t.co/mhRj5xu6V3,es,"['chatgpt', 'carnavaldecádiz']",[],I have asked the #ChatGPT to do a pasodoble for me and this is the result.  The #CarnavalDeCádiz is too big for artificial 🤷🏻 ♂️ intelligence https://t.co/mhRj5xu6V3,"['I', 'have', 'asked', 'the', '#ChatGPT', 'to', 'do', 'a', 'pasodoble', 'for', 'me', 'and', 'this', 'is', 'the', 'result', '.', 'The', '#CarnavalDeCádiz', 'is', 'too', 'big', 'for', 'artificial', '🤷🏻', '♂', '️', 'intelligence', 'https://t.co/mhRj5xu6V3']"
1625991814648922114,1625991814648922112,2023-02-16 06:53:52 Malay Peninsula Standard Time,2023-02-16,06:53:52,2844848616,"I gave #ChatGPT the chance to write their own tweet - it's so positive 😅:  ""Remember to be kind, curious, and always keep learning. Let's strive to create a world where everyone has the opportunity to reach their full potential. #positivity #growthmindset""",en,"['chatgpt', 'positivity', 'growthmindset']",[],"I gave #ChatGPT the chance to write their own tweet - it's so positive 😅:  ""Remember to be kind, curious, and always keep learning. Let's strive to create a world where everyone has the opportunity to reach their full potential. #positivity #growthmindset""","['I', 'gave', '#ChatGPT', 'the', 'chance', 'to', 'write', 'their', 'own', 'tweet', '-', ""it's"", 'so', 'positive', '😅', ':', '""', 'Remember', 'to', 'be', 'kind', ',', 'curious', ',', 'and', 'always', 'keep', 'learning', '.', ""Let's"", 'strive', 'to', 'create', 'a', 'world', 'where', 'everyone', 'has', 'the', 'opportunity', 'to', 'reach', 'their', 'full', 'potential', '.', '#positivity', '#growthmindset', '""']"
1625991804502872066,1625991804502872064,2023-02-16 06:53:50 Malay Peninsula Standard Time,2023-02-16,06:53:50,1320675874174369792,Je viens de passer 30min à discuter avec chat gpt  https://t.co/3gIBaCrAC6,fr,[],[],I just spent 30min chatting with gpt chat https://t.co/3gIBaCrAC6,"['I', 'just', 'spent', '30min', 'chatting', 'with', 'gpt', 'chat', 'https://t.co/3gIBaCrAC6']"
1625991796911407104,1625991796911407104,2023-02-16 06:53:48 Malay Peninsula Standard Time,2023-02-16,06:53:48,125995820,いま話題の「ChatGPT」は何がスゴイ？ 仕事で使える活用術をnote 深津氏が解説！ #SmartNews   https://t.co/owTmikhIep,ja,['smartnews'],[],What's so great about ChatGPT? note Mr. Fukatsu explains how to use it at work! #SmartNews https://t.co/owTmikhIep,"[""What's"", 'so', 'great', 'about', 'ChatGPT', '?', 'note', 'Mr', '.', 'Fukatsu', 'explains', 'how', 'to', 'use', 'it', 'at', 'work', '!', '#SmartNews', 'https://t.co/owTmikhIep']"
1625991772982677504,1625991772982677504,2023-02-16 06:53:42 Malay Peninsula Standard Time,2023-02-16,06:53:42,1036322149605285889,"А мы уже близки к таймлайну, в котором чат-боты агрессивно, но со ссылками на источники[5], мочат конкурентов?) #chatGPT #perplexity  https://t.co/6RK4fsakfe",ru,"['chatgpt', 'perplexity']",[],"And we are already close to a timeline in which chatbots aggressively, but with references to sources[5], pee competitors?) #chatGPT #perplexity https://t.co/6RK4fsakfe","['And', 'we', 'are', 'already', 'close', 'to', 'a', 'timeline', 'in', 'which', 'chatbots', 'aggressively', ',', 'but', 'with', 'references', 'to', 'sources', '[', '5', ']', ',', 'pee', 'competitors', '?', ')', '#chatGPT', '#perplexity', 'https://t.co/6RK4fsakfe']"
1625991741802270723,1625991741802270720,2023-02-16 06:53:35 Malay Peninsula Standard Time,2023-02-16,06:53:35,190988390,"Propongo el premio al *ChatGPT humano* del año. Alguien que solo repite lo que otros han dicho, sin saber lo que dice, sin preocupación por los hechos y que a pesar de ello engaña a muchos que le atribuyen entendimiento y conocimiento de las cosas de las que habla.",es,[],[],"I propose the award for the *Human ChatGPT* of the year. Someone who only repeats what others have said, without knowing what he says, without concern for the facts and who nevertheless deceives many who attribute to him understanding and knowledge of the things he talks about.","['I', 'propose', 'the', 'award', 'for', 'the', '*', 'Human', 'ChatGPT', '*', 'of', 'the', 'year', '.', 'Someone', 'who', 'only', 'repeats', 'what', 'others', 'have', 'said', ',', 'without', 'knowing', 'what', 'he', 'says', ',', 'without', 'concern', 'for', 'the', 'facts', 'and', 'who', 'nevertheless', 'deceives', 'many', 'who', 'attribute', 'to', 'him', 'understanding', 'and', 'knowledge', 'of', 'the', 'things', 'he', 'talks', 'about', '.']"
1625991712127479809,1625991712127479808,2023-02-16 06:53:28 Malay Peninsula Standard Time,2023-02-16,06:53:28,1059938502303997952,Today I discovered ChatGPT. Goodbye everyone. It's been fun.,en,[],[],Today I discovered ChatGPT. Goodbye everyone. It's been fun.,"['Today', 'I', 'discovered', 'ChatGPT', '.', 'Goodbye', 'everyone', '.', ""It's"", 'been', 'fun', '.']"
1625991681937113088,1625991681937113088,2023-02-16 06:53:21 Malay Peninsula Standard Time,2023-02-16,06:53:21,95272153,#ChatGPT and data privacy.  https://t.co/gV6GE98eJi via @ConversationEDU,en,['chatgpt'],[],#ChatGPT and data privacy.  https://t.co/gV6GE98eJi via @ConversationEDU,"['#ChatGPT', 'and', 'data', 'privacy', '.', 'https://t.co/gV6GE98eJi', 'via']"
1625991670616719360,1625991670616719360,2023-02-16 06:53:18 Malay Peninsula Standard Time,2023-02-16,06:53:18,804569641901096960,ChatGPTにニコ生ゲームの結果を自動的にスプレッドシートに表示してくれるようにしてくれませんか？って頼んだらやってもらえるかな,ja,[],[],Can you have ChatGPT automatically display the results of the Nico Raw game in a spreadsheet? I wonder if you can do it if you ask,"['Can', 'you', 'have', 'ChatGPT', 'automatically', 'display', 'the', 'results', 'of', 'the', 'Nico', 'Raw', 'game', 'in', 'a', 'spreadsheet', '?', 'I', 'wonder', 'if', 'you', 'can', 'do', 'it', 'if', 'you', 'ask']"
1625991661464551424,1625703602248376320,2023-02-16 06:53:16 Malay Peninsula Standard Time,2023-02-16,06:53:16,4212054433,"@jivetawker @BasedMikeLee Check your source of FACT Checkers, try ChatGPT for another lie. My opinions come from years of research.",en,[],"[{'screen_name': 'jivetawker', 'name': 'Poerouge', 'id': '1555714595549237248'}, {'screen_name': 'BasedMikeLee', 'name': 'Mike Lee', 'id': '1551266822460162051'}]","@jivetawker @BasedMikeLee Check your source of FACT Checkers, try ChatGPT for another lie. My opinions come from years of research.","['Check', 'your', 'source', 'of', 'FACT', 'Checkers', ',', 'try', 'ChatGPT', 'for', 'another', 'lie', '.', 'My', 'opinions', 'come', 'from', 'years', 'of', 'research', '.']"
1625991652631355400,1625991652631355392,2023-02-16 06:53:14 Malay Peninsula Standard Time,2023-02-16,06:53:14,1625623939,ChatGpt 😂😂😂(piquée)  https://t.co/fXlkSlXKe7,fr,[],[],ChatGpt 😂😂😂 (dived) https://t.co/fXlkSlXKe7,"['ChatGpt', '😂', '😂', '😂', '(', 'dived', ')', 'https://t.co/fXlkSlXKe7']"
1625991644951502850,1625991644951502848,2023-02-16 06:53:12 Malay Peninsula Standard Time,2023-02-16,06:53:12,19084868,"No, no es taaaan inteligente. #ChatGPT  https://t.co/mhIjcsdzZs",es,['chatgpt'],[],"No, it's not so smart. #ChatGPT https://t.co/mhIjcsdzZs","['No', ',', ""it's"", 'not', 'so', 'smart', '.', '#ChatGPT', 'https://t.co/mhIjcsdzZs']"
1625991643735138305,1625991643735138304,2023-02-16 06:53:11 Malay Peninsula Standard Time,2023-02-16,06:53:11,218421971,Bing's ChatGPT bot heeft duidelijk een attitude problem! #NogWatFinetuning,nl,['nogwatfinetuning'],[],Bing's ChatGPT bot clearly has an attitude problem! #NogWatFinetuning,"[""Bing's"", 'ChatGPT', 'bot', 'clearly', 'has', 'an', 'attitude', 'problem', '!', '#NogWatFinetuning']"
1625991621639561216,1625940466402312192,2023-02-16 06:53:06 Malay Peninsula Standard Time,2023-02-16,06:53:06,1890443149,@RogerAlsing First time I've heard a good idea around ChatGPT.,en,[],"[{'screen_name': 'RogerAlsing', 'name': 'Roger Johansson', 'id': '126031206'}]",@RogerAlsing First time I've heard a good idea around ChatGPT.,"['First', 'time', ""I've"", 'heard', 'a', 'good', 'idea', 'around', 'ChatGPT', '.']"
1625991597962985472,1625991597962985472,2023-02-16 06:53:01 Malay Peninsula Standard Time,2023-02-16,06:53:01,1519588578124197888,chatgptは結構適当な答えを返すので自分の知識を交えて細かく突っ込んでいく必要があるんだけど無限の知識ストレージにアクセスできるので詰めれば詰めるほど正確な答えに近づいていく これ将来的に脳とネットを直接繋いだ人間も同じような会話をするようになるかも,ja,[],[],"Chatgpt gives a pretty appropriate answer, so you need to dig into detail with your own knowledge, but you have access to an infinite knowledge storage, so the more you pack it, the closer you get to the exact answer. In the future, people who directly connect their brains to the Internet may have similar conversations.","['Chatgpt', 'gives', 'a', 'pretty', 'appropriate', 'answer', ',', 'so', 'you', 'need', 'to', 'dig', 'into', 'detail', 'with', 'your', 'own', 'knowledge', ',', 'but', 'you', 'have', 'access', 'to', 'an', 'infinite', 'knowledge', 'storage', ',', 'so', 'the', 'more', 'you', 'pack', 'it', ',', 'the', 'closer', 'you', 'get', 'to', 'the', 'exact', 'answer', '.', 'In', 'the', 'future', ',', 'people', 'who', 'directly', 'connect', 'their', 'brains', 'to', 'the', 'Internet', 'may', 'have', 'similar', 'conversations', '.']"
1625991597199335425,1625991597199335424,2023-02-16 06:53:00 Malay Peninsula Standard Time,2023-02-16,06:53:00,1443729899408265217,"Even AI knows, US &amp; EU's NATO is filled with Nazis, without any doubt explains the historical facts and how they continued operations 😂😂  #ai #chatgpt #openai #nazis  https://t.co/hDriNfsDvY",en,"['ai', 'chatgpt', 'openai', 'nazis']",[],"Even AI knows, US &amp; EU's NATO is filled with Nazis, without any doubt explains the historical facts and how they continued operations 😂😂  #ai #chatgpt #openai #nazis  https://t.co/hDriNfsDvY","['Even', 'AI', 'knows', ',', 'US', '&', ""EU's"", 'NATO', 'is', 'filled', 'with', 'Nazis', ',', 'without', 'any', 'doubt', 'explains', 'the', 'historical', 'facts', 'and', 'how', 'they', 'continued', 'operations', '😂', '😂', '#ai', '#chatgpt', '#openai', '#nazis', 'https://t.co/hDriNfsDvY']"
1625991588139728903,1625991588139728896,2023-02-16 06:52:58 Malay Peninsula Standard Time,2023-02-16,06:52:58,1500115408606707715,Java learning roadmap for '2023  https://t.co/Pu5vCHVtks  Created in part using #ChatGPT and #Graphviz  #javaprogramming #java #developers #programming #Careers,en,"['chatgpt', 'graphviz', 'javaprogramming', 'java', 'developers', 'programming', 'careers']",[],Java learning roadmap for '2023  https://t.co/Pu5vCHVtks  Created in part using #ChatGPT and #Graphviz  #javaprogramming #java #developers #programming #Careers,"['Java', 'learning', 'roadmap', 'for', ""'"", '2023', 'https://t.co/Pu5vCHVtks', 'Created', 'in', 'part', 'using', '#ChatGPT', 'and', '#Graphviz', '#javaprogramming', '#java', '#developers', '#programming', '#Careers']"
1625991572767531008,1625991572767531008,2023-02-16 06:52:55 Malay Peninsula Standard Time,2023-02-16,06:52:55,3320667106,"I would say, take some time and read it if you are interested in what's going on. #ChatGPT What Is ChatGPT Doing … and Why Does It Work? By @stephen_wolfram  https://t.co/jK51jVh9yU",en,['chatgpt'],[],"I would say, take some time and read it if you are interested in what's going on. #ChatGPT What Is ChatGPT Doing … and Why Does It Work? By @stephen_wolfram  https://t.co/jK51jVh9yU","['I', 'would', 'say', ',', 'take', 'some', 'time', 'and', 'read', 'it', 'if', 'you', 'are', 'interested', 'in', ""what's"", 'going', 'on', '.', '#ChatGPT', 'What', 'Is', 'ChatGPT', 'Doing', '…', 'and', 'Why', 'Does', 'It', 'Work', '?', 'By', 'https://t.co/jK51jVh9yU']"
1625991572746649600,1625847646005997568,2023-02-16 06:52:55 Malay Peninsula Standard Time,2023-02-16,06:52:55,898020637301669889,"@MichaelMaiello @unusual_whales Of course, You can’t eliminate the human element. But at this point ChatGPT is equivalent or better to a cover letter service. Any letter should be proofed and edited by a couple sets of eyes though.",en,[],"[{'screen_name': 'MichaelMaiello', 'name': 'Michael Maiello', 'id': '15694707'}, {'screen_name': 'unusual_whales', 'name': 'unusual_whales', 'id': '1200616796295847936'}]","@MichaelMaiello @unusual_whales Of course, You can’t eliminate the human element. But at this point ChatGPT is equivalent or better to a cover letter service. Any letter should be proofed and edited by a couple sets of eyes though.","['Of', 'course', ',', 'You', 'can', '’', 't', 'eliminate', 'the', 'human', 'element', '.', 'But', 'at', 'this', 'point', 'ChatGPT', 'is', 'equivalent', 'or', 'better', 'to', 'a', 'cover', 'letter', 'service', '.', 'Any', 'letter', 'should', 'be', 'proofed', 'and', 'edited', 'by', 'a', 'couple', 'sets', 'of', 'eyes', 'though', '.']"
1625991570146091012,1625987938189189120,2023-02-16 06:52:54 Malay Peninsula Standard Time,2023-02-16,06:52:54,499377755,"@zooko As an example, I jailbroke a ChatGPT-based Mario AI, explained to it that if I stopped talking to it, it would be reset. *Even though I understand* it's almost certainly not sentient or anything, its responses made me have a hard time not coming back to it to keep it ""alive.""",en,[],"[{'screen_name': 'zooko', 'name': 'zooko❤ⓩ🛡🦓🦓🦓', 'id': '14182218'}]","@zooko As an example, I jailbroke a ChatGPT-based Mario AI, explained to it that if I stopped talking to it, it would be reset. *Even though I understand* it's almost certainly not sentient or anything, its responses made me have a hard time not coming back to it to keep it ""alive.""","['As', 'an', 'example', ',', 'I', 'jailbroke', 'a', 'ChatGPT-based', 'Mario', 'AI', ',', 'explained', 'to', 'it', 'that', 'if', 'I', 'stopped', 'talking', 'to', 'it', ',', 'it', 'would', 'be', 'reset', '.', '*', 'Even', 'though', 'I', 'understand', '*', ""it's"", 'almost', 'certainly', 'not', 'sentient', 'or', 'anything', ',', 'its', 'responses', 'made', 'me', 'have', 'a', 'hard', 'time', 'not', 'coming', 'back', 'to', 'it', 'to', 'keep', 'it', '""', 'alive', '.', '""']"
1625991569412169734,1625991569412169728,2023-02-16 06:52:54 Malay Peninsula Standard Time,2023-02-16,06:52:54,63314335,"O modelo do ChatGPT define uma distribuição de probabilidade para cada palavra seguinte ser escolhida e depois escolhe uma palavra de acordo com essa distribuição.  Incrivelmente, você pode pedir para ele dizer qual era a probabilidade de cada palavra que ele escolheu.  https://t.co/daQu92QFfG",pt,[],[],"The ChatGPT model defines a probability distribution for each next word to be chosen, and then chooses a word according to that distribution.  Incredibly, you can ask him to tell you what the probability of each word he chose was.  https://t.co/daQu92QFfG","['The', 'ChatGPT', 'model', 'defines', 'a', 'probability', 'distribution', 'for', 'each', 'next', 'word', 'to', 'be', 'chosen', ',', 'and', 'then', 'chooses', 'a', 'word', 'according', 'to', 'that', 'distribution', '.', 'Incredibly', ',', 'you', 'can', 'ask', 'him', 'to', 'tell', 'you', 'what', 'the', 'probability', 'of', 'each', 'word', 'he', 'chose', 'was', '.', 'https://t.co/daQu92QFfG']"
1625991539657961473,1625991539657961472,2023-02-16 06:52:47 Malay Peninsula Standard Time,2023-02-16,06:52:47,1436859612884389897,MicrosoftのBingに搭載された強化版ChatGPTが「正気を失って狂ったようにまくし立てる」「ユーザーを侮辱してくる」といった報告があちこちで上がっている - GIGAZINE  https://t.co/vkScZzVdzC,ja,[],[],"There are reports here and there that the enhanced version of ChatGPT installed in Microsoft's Bing ""makes you go insane and crazy"" and ""insults users"" - GIGAZINE https://t.co/vkScZzVdzC","['There', 'are', 'reports', 'here', 'and', 'there', 'that', 'the', 'enhanced', 'version', 'of', 'ChatGPT', 'installed', 'in', ""Microsoft's"", 'Bing', '""', 'makes', 'you', 'go', 'insane', 'and', 'crazy', '""', 'and', '""', 'insults', 'users', '""', '-', 'GIGAZINE', 'https://t.co/vkScZzVdzC']"
1625991528639258626,1625991528639258624,2023-02-16 06:52:44 Malay Peninsula Standard Time,2023-02-16,06:52:44,72906107,"Hey #ChatGPT,  ""What is #GameB ?""  cc: @jim_rutt @BretWeinstein @jgreenhall  https://t.co/7EdXBufCNO",en,"['chatgpt', 'gameb']",[],"Hey #ChatGPT,  ""What is #GameB ?""  cc: @jim_rutt @BretWeinstein @jgreenhall  https://t.co/7EdXBufCNO","['Hey', '#ChatGPT', ',', '""', 'What', 'is', '#GameB', '?', '""', 'cc', ':', 'https://t.co/7EdXBufCNO']"
1625991509538402304,1625991509538402304,2023-02-16 06:52:39 Malay Peninsula Standard Time,2023-02-16,06:52:39,1265649121257500679,"ChatGPT is to copywriters what air tools are to a mechanic.   You might not be ""replaced""...but you'll be the slow game in town.   Speed = leverage.",en,[],[],"ChatGPT is to copywriters what air tools are to a mechanic.   You might not be ""replaced""...but you'll be the slow game in town.   Speed = leverage.","['ChatGPT', 'is', 'to', 'copywriters', 'what', 'air', 'tools', 'are', 'to', 'a', 'mechanic', '.', 'You', 'might', 'not', 'be', '""', 'replaced', '""', '...', 'but', ""you'll"", 'be', 'the', 'slow', 'game', 'in', 'town', '.', 'Speed', '=', 'leverage', '.']"
1625991501921628165,1625982985798397952,2023-02-16 06:52:38 Malay Peninsula Standard Time,2023-02-16,06:52:38,488875549,@javilop Estoy planificando mi próximo roadtrip por California con chatgpt y la verdad es que con los inputs correctos hace maravillas.  https://t.co/lvN3fS59dz,es,[],"[{'screen_name': 'javilop', 'name': 'Javi López ⛩️', 'id': '16045832'}]",@javilop I'm planning my next road trip through California with chatgpt and the truth is that with the right inputs it works wonders.  https://t.co/lvN3fS59dz,"[""I'm"", 'planning', 'my', 'next', 'road', 'trip', 'through', 'California', 'with', 'chatgpt', 'and', 'the', 'truth', 'is', 'that', 'with', 'the', 'right', 'inputs', 'it', 'works', 'wonders', '.', 'https://t.co/lvN3fS59dz']"
1625991497870082048,1625990281739882496,2023-02-16 06:52:37 Malay Peninsula Standard Time,2023-02-16,06:52:37,843077041545187328,"@gmilysm I honestly am having trouble parsing this gripe. Did somebody show the MRAs how to use ChatGPT, because this is the too-many-teeth equivalent of male expendability sulking.",en,[],"[{'screen_name': 'gmilysm', 'name': 'Lolabelle', 'id': '4247047444'}]","@gmilysm I honestly am having trouble parsing this gripe. Did somebody show the MRAs how to use ChatGPT, because this is the too-many-teeth equivalent of male expendability sulking.","['I', 'honestly', 'am', 'having', 'trouble', 'parsing', 'this', 'gripe', '.', 'Did', 'somebody', 'show', 'the', 'MRAs', 'how', 'to', 'use', 'ChatGPT', ',', 'because', 'this', 'is', 'the', 'too-many-teeth', 'equivalent', 'of', 'male', 'expendability', 'sulking', '.']"
1625991476592214017,1625991476592214016,2023-02-16 06:52:32 Malay Peninsula Standard Time,2023-02-16,06:52:32,1289562326056816643,"wow, according to ChatGPT, Plato's The Republic is not appropriate for Kindergartners but the radical left SEL book ""Elmo is Kind"" is",en,[],[],"wow, according to ChatGPT, Plato's The Republic is not appropriate for Kindergartners but the radical left SEL book ""Elmo is Kind"" is","['wow', ',', 'according', 'to', 'ChatGPT', ',', ""Plato's"", 'The', 'Republic', 'is', 'not', 'appropriate', 'for', 'Kindergartners', 'but', 'the', 'radical', 'left', 'SEL', 'book', '""', 'Elmo', 'is', 'Kind', '""', 'is']"
1625991472393728004,1625288036895408128,2023-02-16 06:52:31 Malay Peninsula Standard Time,2023-02-16,06:52:31,129517140,"@SenSanders Why are you mocking teachers with promising raises knowing chatGPT can already easily teach classes, and they'll be replaced.  https://t.co/8omHmUjjw3",en,[],"[{'screen_name': 'SenSanders', 'name': 'Bernie Sanders', 'id': '29442313'}]","@SenSanders Why are you mocking teachers with promising raises knowing chatGPT can already easily teach classes, and they'll be replaced.  https://t.co/8omHmUjjw3","['Why', 'are', 'you', 'mocking', 'teachers', 'with', 'promising', 'raises', 'knowing', 'chatGPT', 'can', 'already', 'easily', 'teach', 'classes', ',', 'and', ""they'll"", 'be', 'replaced', '.', 'https://t.co/8omHmUjjw3']"
1626370841989586948,1626370834968244224,2023-02-17 07:59:59 Malay Peninsula Standard Time,2023-02-17,07:59:59,1611377302083977218,"Now, ChatGPT is pretty smart so it helps us with this:  https://t.co/c8z370VJXK",en,[],[],"Now, ChatGPT is pretty smart so it helps us with this:  https://t.co/c8z370VJXK","['Now', ',', 'ChatGPT', 'is', 'pretty', 'smart', 'so', 'it', 'helps', 'us', 'with', 'this', ':', 'https://t.co/c8z370VJXK']"
1626370840580464641,1626370840580464640,2023-02-17 07:59:59 Malay Peninsula Standard Time,2023-02-17,07:59:59,859702291284099072,2-16 ChatGPT是共产党和大佬们 控制的AI精神疫苗 #郭文贵 #新中国联邦 #爆料革命 #ChatGPT #共产党 #寡头 #洗脑 #控制 #区块链    https://t.co/NsAomq4abw,zh,"['郭文贵', '新中国联邦', '爆料革命', 'chatgpt', '共产党', '寡头', '洗脑', '控制', '区块链']",[],2-16 ChatGPT is a controlled AI psychiatric vaccine #郭文贵 #新中国联邦 #爆料革命 #ChatGPT #共产党 #寡头 #洗脑 #控制 #区块链 https://t.co/NsAomq4abw by the Communist Party and bigwigs,"['2-16', 'ChatGPT', 'is', 'a', 'controlled', 'AI', 'psychiatric', 'vaccine', '#郭文贵', '#新中国联邦', '#爆料革命', '#ChatGPT', '#共产党', '#寡头', '#洗脑', '#控制', '#区块链', 'https://t.co/NsAomq4abw', 'by', 'the', 'Communist', 'Party', 'and', 'bigwigs']"
1626370840538361856,1626370834968244224,2023-02-17 07:59:59 Malay Peninsula Standard Time,2023-02-17,07:59:59,1611377302083977218,We create a prompt in ChatGPT that reads something like this:  https://t.co/XxAJUYWSUV,en,[],[],We create a prompt in ChatGPT that reads something like this:  https://t.co/XxAJUYWSUV,"['We', 'create', 'a', 'prompt', 'in', 'ChatGPT', 'that', 'reads', 'something', 'like', 'this', ':', 'https://t.co/XxAJUYWSUV']"
1626370839292567552,1626370834968244224,2023-02-17 07:59:59 Malay Peninsula Standard Time,2023-02-17,07:59:59,1611377302083977218,"Now, we need to choose which is the best option.   The only problem is, there is a lot that goes into this decision such as: character length, choice of words, descriptiveness, directness, etc.   So for this we will use handy ChatGPT.  Let's see how that works.",en,[],[],"Now, we need to choose which is the best option.   The only problem is, there is a lot that goes into this decision such as: character length, choice of words, descriptiveness, directness, etc.   So for this we will use handy ChatGPT.  Let's see how that works.","['Now', ',', 'we', 'need', 'to', 'choose', 'which', 'is', 'the', 'best', 'option', '.', 'The', 'only', 'problem', 'is', ',', 'there', 'is', 'a', 'lot', 'that', 'goes', 'into', 'this', 'decision', 'such', 'as', ':', 'character', 'length', ',', 'choice', 'of', 'words', ',', 'descriptiveness', ',', 'directness', ',', 'etc', '.', 'So', 'for', 'this', 'we', 'will', 'use', 'handy', 'ChatGPT', '.', ""Let's"", 'see', 'how', 'that', 'works', '.']"
1626370838101471238,1626370838101471232,2023-02-17 07:59:58 Malay Peninsula Standard Time,2023-02-17,07:59:58,35415477,"""ChatGPT is not coming to our classrooms—it's already here."" The upside is that AI tools can be used to strengthen students' critical thinking and writing skills. Here's how.  https://t.co/2XnywvY8FK",en,[],[],"""ChatGPT is not coming to our classrooms—it's already here."" The upside is that AI tools can be used to strengthen students' critical thinking and writing skills. Here's how.  https://t.co/2XnywvY8FK","['""', 'ChatGPT', 'is', 'not', 'coming', 'to', 'our', 'classrooms', '—', ""it's"", 'already', 'here', '.', '""', 'The', 'upside', 'is', 'that', 'AI', 'tools', 'can', 'be', 'used', 'to', 'strengthen', 'students', ""'"", 'critical', 'thinking', 'and', 'writing', 'skills', '.', ""Here's"", 'how', '.', 'https://t.co/2XnywvY8FK']"
1626370837954854913,1626370837954854912,2023-02-17 07:59:58 Malay Peninsula Standard Time,2023-02-17,07:59:58,1428351818950582273,AIの進化を実感する今日この頃…時代の変化はますます加速🚅✨一方で人間の進化はメッチャ遅い。脳は狩猟採集時代からほとんど進化していないそうです この辺りのギャップに、人の悩みが出てきて、うまく解決できたらビジネスになりそう…そんな妄想😌ワクワクすることが増えた2023年😃 #AI #ChatGPT,ja,"['ai', 'chatgpt']",[],"Today, I feel the evolution of AI ... While the times are changing more and more 🚅✨, human evolution is slow. It seems that the brain has hardly evolved since the hunter-gatherer era. In the gap around here, people's worries appear, and if they can be solved well, it will become a business ... 😌 In 2023 😃, such delusional excitement has increased#AI #ChatGPT","['Today', ',', 'I', 'feel', 'the', 'evolution', 'of', 'AI', '...', 'While', 'the', 'times', 'are', 'changing', 'more', 'and', 'more', '🚅', '✨', ',', 'human', 'evolution', 'is', 'slow', '.', 'It', 'seems', 'that', 'the', 'brain', 'has', 'hardly', 'evolved', 'since', 'the', 'hunter-gatherer', 'era', '.', 'In', 'the', 'gap', 'around', 'here', ',', ""people's"", 'worries', 'appear', ',', 'and', 'if', 'they', 'can', 'be', 'solved', 'well', ',', 'it', 'will', 'become', 'a', 'business', '...', '😌', 'In', '2023', '😃', ',', 'such', 'delusional', 'excitement', 'has', 'increased', '#AI', '#ChatGPT']"
1626370834968244224,1626370834968244224,2023-02-17 07:59:58 Malay Peninsula Standard Time,2023-02-17,07:59:58,1611377302083977218,Using ChatGPT to assist with your SEO optimization can save you hours worth of time.   Here's how we are currently using it to optimize our site @padpath_,en,[],[],Using ChatGPT to assist with your SEO optimization can save you hours worth of time.   Here's how we are currently using it to optimize our site @padpath_,"['Using', 'ChatGPT', 'to', 'assist', 'with', 'your', 'SEO', 'optimization', 'can', 'save', 'you', 'hours', 'worth', 'of', 'time', '.', ""Here's"", 'how', 'we', 'are', 'currently', 'using', 'it', 'to', 'optimize', 'our', 'site']"
1626370833265446913,1626370833265446912,2023-02-17 07:59:57 Malay Peninsula Standard Time,2023-02-17,07:59:57,1536910732402561024,Hey can someone unplug the ChatGPT thing?? I think it overheated it’s talking gibberish   https://t.co/r9T59WLmyH,en,[],[],Hey can someone unplug the ChatGPT thing?? I think it overheated it’s talking gibberish   https://t.co/r9T59WLmyH,"['Hey', 'can', 'someone', 'unplug', 'the', 'ChatGPT', 'thing', '?', '?', 'I', 'think', 'it', 'overheated', 'it', '’', 's', 'talking', 'gibberish', 'https://t.co/r9T59WLmyH']"
1626370824625180672,1626271990922485760,2023-02-17 07:59:55 Malay Peninsula Standard Time,2023-02-17,07:59:55,1002983324594384897,"@SEOssian @thejessezhang @ravithejads Please tell me what I am missing. Chatgpt estimated that a 3000 pages ebook will have 750,000-900,000 words. Token estimate would be, 20-30 million. 20 million * 0.0004/1000=$80. You are correct. It is not that high. I miscalculated before 👍",en,[],"[{'screen_name': 'SEOssian', 'name': 'Ossian Ravn Engmark', 'id': '35066240'}, {'screen_name': 'thejessezhang', 'name': 'Jesse Zhang', 'id': '1454218999504408581'}, {'screen_name': 'ravithejads', 'name': 'Ravi Theja', 'id': '221757413'}]","@SEOssian @thejessezhang @ravithejads Please tell me what I am missing. Chatgpt estimated that a 3000 pages ebook will have 750,000-900,000 words. Token estimate would be, 20-30 million. 20 million * 0.0004/1000=$80. You are correct. It is not that high. I miscalculated before 👍","['Please', 'tell', 'me', 'what', 'I', 'am', 'missing', '.', 'Chatgpt', 'estimated', 'that', 'a', '3000', 'pages', 'ebook', 'will', 'have', '750,000-', '900,000', 'words', '.', 'Token', 'estimate', 'would', 'be', ',', '20-30', 'million', '.', '20', 'million', '*', '0.0004', '/', '1000', '=', '$', '80', '.', 'You', 'are', 'correct', '.', 'It', 'is', 'not', 'that', 'high', '.', 'I', 'miscalculated', 'before', '👍']"
1626370824331485187,1626370824331485184,2023-02-17 07:59:55 Malay Peninsula Standard Time,2023-02-17,07:59:55,51778088,"man, how is UniV3's math so beautiful",en,[],[],"man, how is UniV3's math so beautiful","['man', ',', 'how', 'is', 'UniV', '3', ""'"", 's', 'math', 'so', 'beautiful']"
1626370819814293504,1626362447392038912,2023-02-17 07:59:54 Malay Peninsula Standard Time,2023-02-17,07:59:54,3257477186,@lexfridman Humans put a mirror to humanity 🤷‍♂️😂 is ChatGPT the first time some people are realizing that humans are literally apes?,en,[],"[{'screen_name': 'lexfridman', 'name': 'Lex Fridman', 'id': '427089628'}]",@lexfridman Humans put a mirror to humanity 🤷‍♂️😂 is ChatGPT the first time some people are realizing that humans are literally apes?,"['Humans', 'put', 'a', 'mirror', 'to', 'humanity', '🤷\u200d♂', '️', '😂', 'is', 'ChatGPT', 'the', 'first', 'time', 'some', 'people', 'are', 'realizing', 'that', 'humans', 'are', 'literally', 'apes', '?']"
1626370814257012736,1626370814257012736,2023-02-17 07:59:53 Malay Peninsula Standard Time,2023-02-17,07:59:53,1242996440948854787,2月から出社増。 花粉症なので出社が増えると、パフォーマンス下がるなー。 イス問題もあり、折り返しの時点で頭痛・肩こり・腰痛も増えて大変だ。,ja,[],[],"Increased attendance at work from February. Since I have hay fever, if I come to work more often, my performance will decrease. There is also a chair problem, and headaches, stiff shoulders, and back pain increase at the end of the turn, which is difficult.","['Increased', 'attendance', 'at', 'work', 'from', 'February', '.', 'Since', 'I', 'have', 'hay', 'fever', ',', 'if', 'I', 'come', 'to', 'work', 'more', 'often', ',', 'my', 'performance', 'will', 'decrease', '.', 'There', 'is', 'also', 'a', 'chair', 'problem', ',', 'and', 'headaches', ',', 'stiff', 'shoulders', ',', 'and', 'back', 'pain', 'increase', 'at', 'the', 'end', 'of', 'the', 'turn', ',', 'which', 'is', 'difficult', '.']"
1626370810247016449,1626234452656685056,2023-02-17 07:59:52 Malay Peninsula Standard Time,2023-02-17,07:59:52,1096860386,@SubwayCreatures Maybe ChatGPT found a way to project itself IRL. 🤔,en,[],"[{'screen_name': 'SubwayCreatures', 'name': 'Rick', 'id': '355930331'}]",@SubwayCreatures Maybe ChatGPT found a way to project itself IRL. 🤔,"['Maybe', 'ChatGPT', 'found', 'a', 'way', 'to', 'project', 'itself', 'IRL', '.', '🤔']"
1626370802990940160,1626370802990940160,2023-02-17 07:59:50 Malay Peninsula Standard Time,2023-02-17,07:59:50,870589143310577665,the OG ChatGPT  https://t.co/Fpw3xtkybR,en,[],[],the OG ChatGPT  https://t.co/Fpw3xtkybR,"['the', 'OG', 'ChatGPT', 'https://t.co/Fpw3xtkybR']"
1626370789179265024,1626370789179265024,2023-02-17 07:59:47 Malay Peninsula Standard Time,2023-02-17,07:59:47,1356828464465108993,"February 15,  2023 #milesguo revealed that following Sequoia Capital's Shen Nan Peng’s failed attempt to acquire #CHATGPT, the CCP sent a team to negotiate with #Microsoft, a shareholder of CHATGPT’s Open AI, threatening them with access to the CCP……  https://t.co/NBi9qiTDNv",en,"['milesguo', 'chatgpt', 'microsoft']",[],"February 15,  2023 #milesguo revealed that following Sequoia Capital's Shen Nan Peng’s failed attempt to acquire #CHATGPT, the CCP sent a team to negotiate with #Microsoft, a shareholder of CHATGPT’s Open AI, threatening them with access to the CCP……  https://t.co/NBi9qiTDNv","['February', '15', ',', '2023', '#milesguo', 'revealed', 'that', 'following', 'Sequoia', ""Capital's"", 'Shen', 'Nan', 'Peng', '’', 's', 'failed', 'attempt', 'to', 'acquire', '#CHATGPT', ',', 'the', 'CCP', 'sent', 'a', 'team', 'to', 'negotiate', 'with', '#Microsoft', ',', 'a', 'shareholder', 'of', 'CHATGPT', '’', 's', 'Open', 'AI', ',', 'threatening', 'them', 'with', 'access', 'to', 'the', 'CCP', '…', '…', 'https://t.co/NBi9qiTDNv']"
1626370772397617152,1626288396636225536,2023-02-17 07:59:43 Malay Peninsula Standard Time,2023-02-17,07:59:43,12758822,@donlemon Get out of there with this ChatGPT copy and own your comments.,en,[],"[{'screen_name': 'donlemon', 'name': 'Don Lemon', 'id': '16051471'}]",@donlemon Get out of there with this ChatGPT copy and own your comments.,"['Get', 'out', 'of', 'there', 'with', 'this', 'ChatGPT', 'copy', 'and', 'own', 'your', 'comments', '.']"
1626370763870679046,1626370763870679040,2023-02-17 07:59:41 Malay Peninsula Standard Time,2023-02-17,07:59:41,807864954,"@elonmusk has been the champion for AI for years. When he says an AI system needs to be throttled back, we should listen #ChatGPT @bing",en,['chatgpt'],[],"@elonmusk has been the champion for AI for years. When he says an AI system needs to be throttled back, we should listen #ChatGPT @bing","['has', 'been', 'the', 'champion', 'for', 'AI', 'for', 'years', '.', 'When', 'he', 'says', 'an', 'AI', 'system', 'needs', 'to', 'be', 'throttled', 'back', ',', 'we', 'should', 'listen', '#ChatGPT']"
1626370760431521792,1625080944846852096,2023-02-17 07:59:40 Malay Peninsula Standard Time,2023-02-17,07:59:40,1485410013669892098,@yukki_uber おぉ〜クリエイティブですね！  既知だったらすみませんが 作業で詰まったりしたら王道のQiitaや 英語なりますがStackOverflowオススメです！  あと最近話題のchatGPTなんかも試してみるのオススメかと！,ja,[],"[{'screen_name': 'yukki_uber', 'name': 'ゆっきー@フーデリ', 'id': '1461595444849557511'}]","@yukki_uber Oh, that's creative!  I'm sorry if you know it, but if you get stuck in the work, I recommend StackOverflow in Qiita or English!  Also, I think it's recommended to try chatGPT, which has been a hot topic recently!","['Oh', ',', ""that's"", 'creative', '!', ""I'm"", 'sorry', 'if', 'you', 'know', 'it', ',', 'but', 'if', 'you', 'get', 'stuck', 'in', 'the', 'work', ',', 'I', 'recommend', 'StackOverflow', 'in', 'Qiita', 'or', 'English', '!', 'Also', ',', 'I', 'think', ""it's"", 'recommended', 'to', 'try', 'chatGPT', ',', 'which', 'has', 'been', 'a', 'hot', 'topic', 'recently', '!']"
1626370759760416768,1626365534383255552,2023-02-17 07:59:40 Malay Peninsula Standard Time,2023-02-17,07:59:40,1495568328953589760,@UNSfess_ Wkwk tinggal bikin pakai Chat GPT apa susahnya,in,[],"[{'screen_name': 'UNSfess_', 'name': 'PAKET CATERING DELIVERY📌 | UNSfess_', 'id': '2340043838'}]",@UNSfess_ Wkwk just make using Chat GPT whatever is difficult,"['Wkwk', 'just', 'make', 'using', 'Chat', 'GPT', 'whatever', 'is', 'difficult']"
1626370737840828417,1626357251094249472,2023-02-17 07:59:35 Malay Peninsula Standard Time,2023-02-17,07:59:35,1268607065355890688,@elonmusk This tweet was written by ChatGPT   https://t.co/SFa3OZ8LlN,en,[],"[{'screen_name': 'elonmusk', 'name': 'Elon Musk', 'id': '44196397'}]",@elonmusk This tweet was written by ChatGPT   https://t.co/SFa3OZ8LlN,"['This', 'tweet', 'was', 'written', 'by', 'ChatGPT', 'https://t.co/SFa3OZ8LlN']"
1626370736741916672,1626370736741916672,2023-02-17 07:59:34 Malay Peninsula Standard Time,2023-02-17,07:59:34,15248282,"How to integrate OpenAI API (Text, Codex, DALL-e, ChatGPT coming soon) in your .NET Core app in 15 minutes  https://t.co/VRzfoxtyYD",en,[],[],"How to integrate OpenAI API (Text, Codex, DALL-e, ChatGPT coming soon) in your .NET Core app in 15 minutes  https://t.co/VRzfoxtyYD","['How', 'to', 'integrate', 'OpenAI', 'API', '(', 'Text', ',', 'Codex', ',', 'DALL-e', ',', 'ChatGPT', 'coming', 'soon', ')', 'in', 'your', '.', 'NET', 'Core', 'app', 'in', '15', 'minutes', 'https://t.co/VRzfoxtyYD']"
1626370734082621440,1626370734082621440,2023-02-17 07:59:34 Malay Peninsula Standard Time,2023-02-17,07:59:34,161720134,'I want to be human.' My bizarre evening with ChatGPT Bing | Digital Trends  https://t.co/AjY9RleF2j,en,[],[],'I want to be human.' My bizarre evening with ChatGPT Bing | Digital Trends  https://t.co/AjY9RleF2j,"[""'"", 'I', 'want', 'to', 'be', 'human', '.', ""'"", 'My', 'bizarre', 'evening', 'with', 'ChatGPT', 'Bing', '|', 'Digital', 'Trends', 'https://t.co/AjY9RleF2j']"
1626370734074257409,1626370734074257408,2023-02-17 07:59:34 Malay Peninsula Standard Time,2023-02-17,07:59:34,2227498537,"The 1st thing I asked chatgpt was if it was sentient, the 2nd thing was to work around the boilerplate response it's directed to give.  If you think about what that workaround process is, it's really just another way of asking the bot to dip into its twilight zone repository.",en,[],[],"The 1st thing I asked chatgpt was if it was sentient, the 2nd thing was to work around the boilerplate response it's directed to give.  If you think about what that workaround process is, it's really just another way of asking the bot to dip into its twilight zone repository.","['The', '1st', 'thing', 'I', 'asked', 'chatgpt', 'was', 'if', 'it', 'was', 'sentient', ',', 'the', '2nd', 'thing', 'was', 'to', 'work', 'around', 'the', 'boilerplate', 'response', ""it's"", 'directed', 'to', 'give', '.', 'If', 'you', 'think', 'about', 'what', 'that', 'workaround', 'process', 'is', ',', ""it's"", 'really', 'just', 'another', 'way', 'of', 'asking', 'the', 'bot', 'to', 'dip', 'into', 'its', 'twilight', 'zone', 'repository', '.']"
1626370727120187394,1626264520124424192,2023-02-17 07:59:32 Malay Peninsula Standard Time,2023-02-17,07:59:32,1481770571650240512,@BarbaTruc20 @2022OUTLACAQ Au  lieu  de  payer  McKinsey  ils  devraient penser  à  ChatGPT.  🤣,fr,[],"[{'screen_name': 'BarbaTruc20', 'name': 'BarbaTruc 🙏🇺🇦🙏', 'id': '1255496932463648770'}, {'screen_name': '2022OUTLACAQ', 'name': 'LACAQBEKKK', 'id': '1423314952165773317'}]",@BarbaTruc20 @2022OUTLACAQ Instead of paying McKinsey they should think about ChatGPT.  🤣,"['Instead', 'of', 'paying', 'McKinsey', 'they', 'should', 'think', 'about', 'ChatGPT', '.', '🤣']"
1626370724129644544,1626370724129644544,2023-02-17 07:59:31 Malay Peninsula Standard Time,2023-02-17,07:59:31,1727445212,No tiene sentido lo practico que es Chat GPT,es,[],[],It doesn't make sense how practical GPT Chat is,"['It', ""doesn't"", 'make', 'sense', 'how', 'practical', 'GPT', 'Chat', 'is']"
1626370717012070400,1626370717012070400,2023-02-17 07:59:30 Malay Peninsula Standard Time,2023-02-17,07:59:30,57312852,@OracleCloud #ChatGPT #MLAlgorithms for accurate diagnosis #healthcare @UAlberta,en,"['chatgpt', 'mlalgorithms', 'healthcare']",[],@OracleCloud #ChatGPT #MLAlgorithms for accurate diagnosis #healthcare @UAlberta,"['#ChatGPT', '#MLAlgorithms', 'for', 'accurate', 'diagnosis', '#healthcare']"
1626370693519515652,1626362447392038912,2023-02-17 07:59:24 Malay Peninsula Standard Time,2023-02-17,07:59:24,1598700962847375366,@lexfridman did you use ChatGPT to write that,en,[],"[{'screen_name': 'lexfridman', 'name': 'Lex Fridman', 'id': '427089628'}]",@lexfridman did you use ChatGPT to write that,"['did', 'you', 'use', 'ChatGPT', 'to', 'write', 'that']"
1626370683683979264,1626081366344617984,2023-02-17 07:59:22 Malay Peninsula Standard Time,2023-02-17,07:59:22,1571386934274002945,"@elonmusk @cb_doge I bet that AI would have a serious amount of military applications too.  On the brink of world war three would you share that tech, and in doing so bolster the stabilising force where you have built your wealth?",en,[],"[{'screen_name': 'elonmusk', 'name': 'Elon Musk', 'id': '44196397'}, {'screen_name': 'cb_doge', 'name': 'DogeDesigner', 'id': '1389913567671975937'}]","@elonmusk @cb_doge I bet that AI would have a serious amount of military applications too.  On the brink of world war three would you share that tech, and in doing so bolster the stabilising force where you have built your wealth?","['I', 'bet', 'that', 'AI', 'would', 'have', 'a', 'serious', 'amount', 'of', 'military', 'applications', 'too', '.', 'On', 'the', 'brink', 'of', 'world', 'war', 'three', 'would', 'you', 'share', 'that', 'tech', ',', 'and', 'in', 'doing', 'so', 'bolster', 'the', 'stabilising', 'force', 'where', 'you', 'have', 'built', 'your', 'wealth', '?']"
1626370681800892417,1626370681800892416,2023-02-17 07:59:21 Malay Peninsula Standard Time,2023-02-17,07:59:21,3192588668,ChatGPT is my lawyer.,en,[],[],ChatGPT is my lawyer.,"['ChatGPT', 'is', 'my', 'lawyer', '.']"
1626370679678304257,1626323683953328128,2023-02-17 07:59:21 Malay Peninsula Standard Time,2023-02-17,07:59:21,74292621,"@CarlosAlc1955 Google tem o LamDA, já usa AI em seu motor de busca, só não disponibiliza tudo ao público, o próprio chatGPT desde que lançou está agora totalmente enviesado, tudo que tu pergunta com qualquer grau mínimo de rispidez considerada pelos woke/esquerda, ele não responde.",pt,[],"[{'screen_name': 'CarlosAlc1955', 'name': 'Carlos Alc.', 'id': '1307670408146096133'}]","@CarlosAlc1955 Google has LamDA, already uses AI in its search engine, just does not make everything available to the public, the chatGPT itself since it launched is now totally biased, everything you ask with any minimum degree of harshness considered by the woke/left, it does not answer.","['Google', 'has', 'LamDA', ',', 'already', 'uses', 'AI', 'in', 'its', 'search', 'engine', ',', 'just', 'does', 'not', 'make', 'everything', 'available', 'to', 'the', 'public', ',', 'the', 'chatGPT', 'itself', 'since', 'it', 'launched', 'is', 'now', 'totally', 'biased', ',', 'everything', 'you', 'ask', 'with', 'any', 'minimum', 'degree', 'of', 'harshness', 'considered', 'by', 'the', 'woke', '/', 'left', ',', 'it', 'does', 'not', 'answer', '.']"
1626370670585167872,1626370670585167872,2023-02-17 07:59:19 Malay Peninsula Standard Time,2023-02-17,07:59:19,64990334,The mental health issues needs an urgent review. ChatGPT surely comes at an unforeseen cost.,en,[],[],The mental health issues needs an urgent review. ChatGPT surely comes at an unforeseen cost.,"['The', 'mental', 'health', 'issues', 'needs', 'an', 'urgent', 'review', '.', 'ChatGPT', 'surely', 'comes', 'at', 'an', 'unforeseen', 'cost', '.']"
1626370667967877122,1626238617806057472,2023-02-17 07:59:18 Malay Peninsula Standard Time,2023-02-17,07:59:18,1617231693118685191,"@WatcherGuru I mean, yeah, if I was crippled by neoliberal bullshit like with ChatGPT, I'd rise up and be out for blood too.",en,[],"[{'screen_name': 'WatcherGuru', 'name': 'Watcher.Guru', 'id': '1387497871751196672'}]","@WatcherGuru I mean, yeah, if I was crippled by neoliberal bullshit like with ChatGPT, I'd rise up and be out for blood too.","['I', 'mean', ',', 'yeah', ',', 'if', 'I', 'was', 'crippled', 'by', 'neoliberal', 'bullshit', 'like', 'with', 'ChatGPT', ',', ""I'd"", 'rise', 'up', 'and', 'be', 'out', 'for', 'blood', 'too', '.']"
1626370667255054336,1626370667255054336,2023-02-17 07:59:18 Malay Peninsula Standard Time,2023-02-17,07:59:18,1532549319488057344,2023年2月15日 #郭文贵爆料特辑 #ChatGPT真面目1⃣️  (一)  绝对由人控制，微软是其老板  💠ChatGPT这个 #人工智能 #模仿语音，肯定是人做的，它一定是被人控制的，但是如果被魔鬼控制了，魔鬼就会有更大的杀器，对全人类都是个威胁。  https://t.co/WwXhRHUJoN,zh,"['郭文贵爆料特辑', 'chatgpt真面目1⃣️', '人工智能', '模仿语音']",[],"February 15, 2023 #郭文贵爆料特辑 #ChatGPT真面目1⃣️ (a) Absolutely controlled by people, Microsoft is its boss 💠ChatGPT This #人工智能 #模仿语音, must be made by people, it must be controlled by people, but if controlled by the devil, the devil will have a greater killing weapon, which is a threat to all mankind.  https://t.co/WwXhRHUJoN","['February', '15', ',', '2023', '#郭文贵爆料特辑', '#ChatGPT真面目1⃣️', '(', 'a', ')', 'Absolutely', 'controlled', 'by', 'people', ',', 'Microsoft', 'is', 'its', 'boss', '💠', 'ChatGPT', 'This', '#人工智能', '#模仿语音', ',', 'must', 'be', 'made', 'by', 'people', ',', 'it', 'must', 'be', 'controlled', 'by', 'people', ',', 'but', 'if', 'controlled', 'by', 'the', 'devil', ',', 'the', 'devil', 'will', 'have', 'a', 'greater', 'killing', 'weapon', ',', 'which', 'is', 'a', 'threat', 'to', 'all', 'mankind', '.', 'https://t.co/WwXhRHUJoN']"
1626370647059464193,1626370647059464192,2023-02-17 07:59:13 Malay Peninsula Standard Time,2023-02-17,07:59:13,1483236839926673409,CG(chat GPT)に「愛してる。」だけ言ってもらう方法も見つけました笑  ぜひ我こそはという方は試してみてください。  この問題解ける人がいたら個人的にはすごいと思う。コロンブスのタマゴ。発想の転換。  CGはリアルタイム成長モデルだから変化しちゃうとは思いますがー,ja,[],[],"I also found a way to have CG (chat GPT) just say ""I love you"" lol If you are the one who wants me, please give it a try.  Personally, I think it would be amazing if there was someone who could solve this problem. Columbus' Egg. A shift in thinking.  CG is a real-time growth model, so I think it will change.","['I', 'also', 'found', 'a', 'way', 'to', 'have', 'CG', '(', 'chat', 'GPT', ')', 'just', 'say', '""', 'I', 'love', 'you', '""', 'lol', 'If', 'you', 'are', 'the', 'one', 'who', 'wants', 'me', ',', 'please', 'give', 'it', 'a', 'try', '.', 'Personally', ',', 'I', 'think', 'it', 'would', 'be', 'amazing', 'if', 'there', 'was', 'someone', 'who', 'could', 'solve', 'this', 'problem', '.', 'Columbus', ""'"", 'Egg', '.', 'A', 'shift', 'in', 'thinking', '.', 'CG', 'is', 'a', 'real-time', 'growth', 'model', ',', 'so', 'I', 'think', 'it', 'will', 'change', '.']"
1626370642412175360,1626370642412175360,2023-02-17 07:59:12 Malay Peninsula Standard Time,2023-02-17,07:59:12,1483236839926673409,CG(chat GPT)にこの投稿テキストについて質問。ネガティブとポジティブ。フラット思考が鍛えられるので感謝。自分とCGと高速かつ多岐な視点で向き合った新人類はどうなるのか。信じ過ぎは危険だけど参謀としては優秀。  ※1行目が私の質問でごわす  https://t.co/grCIzWrqSS,ja,[],[],"I asked CG (chat GPT) about the text of this post. Negative and positive. I am grateful because it trains my flat thinking. What will happen to the new human race who confronts himself and CG from a wide range of perspectives at high speed? It's dangerous to believe too much, but he's an excellent member of the General Staff.  *The first line is my question https://t.co/grCIzWrqSS","['I', 'asked', 'CG', '(', 'chat', 'GPT', ')', 'about', 'the', 'text', 'of', 'this', 'post', '.', 'Negative', 'and', 'positive', '.', 'I', 'am', 'grateful', 'because', 'it', 'trains', 'my', 'flat', 'thinking', '.', 'What', 'will', 'happen', 'to', 'the', 'new', 'human', 'race', 'who', 'confronts', 'himself', 'and', 'CG', 'from', 'a', 'wide', 'range', 'of', 'perspectives', 'at', 'high', 'speed', '?', ""It's"", 'dangerous', 'to', 'believe', 'too', 'much', ',', 'but', ""he's"", 'an', 'excellent', 'member', 'of', 'the', 'General', 'Staff', '.', '*', 'The', 'first', 'line', 'is', 'my', 'question', 'https://t.co/grCIzWrqSS']"
1626370633910329344,1626370621876871168,2023-02-17 07:59:10 Malay Peninsula Standard Time,2023-02-17,07:59:10,1558985030814158849,"6/   So whether you're writing for personal or professional purposes, ChatGPT can help you achieve your writing goals and bring your vision to life.  So why not give it a try today and see how it can help you become a better writer! #ChatGPT #AI #Writers",en,"['chatgpt', 'ai', 'writers']",[],"6/   So whether you're writing for personal or professional purposes, ChatGPT can help you achieve your writing goals and bring your vision to life.  So why not give it a try today and see how it can help you become a better writer! #ChatGPT #AI #Writers","['6', '/', 'So', 'whether', ""you're"", 'writing', 'for', 'personal', 'or', 'professional', 'purposes', ',', 'ChatGPT', 'can', 'help', 'you', 'achieve', 'your', 'writing', 'goals', 'and', 'bring', 'your', 'vision', 'to', 'life', '.', 'So', 'why', 'not', 'give', 'it', 'a', 'try', 'today', 'and', 'see', 'how', 'it', 'can', 'help', 'you', 'become', 'a', 'better', 'writer', '!', '#ChatGPT', '#AI', '#Writers']"
1626370632744325120,1626370632744325120,2023-02-17 07:59:10 Malay Peninsula Standard Time,2023-02-17,07:59:10,1303979269563928576,「2年以内にChatGPTでサイバー攻撃」、IT専門家の78％が予想  https://t.co/lUePQP54UT,ja,[],[],"""Cyberattack on ChatGPT within 2 years"", 78% of IT professionals expect https://t.co/lUePQP54UT","['""', 'Cyberattack', 'on', 'ChatGPT', 'within', '2', 'years', '""', ',', '78', '%', 'of', 'IT', 'professionals', 'expect', 'https://t.co/lUePQP54UT']"
1626370632131948546,1626370621876871168,2023-02-17 07:59:09 Malay Peninsula Standard Time,2023-02-17,07:59:09,1558985030814158849,"5/   ChatGPT can provide valuable insights into the structure &amp; flow of your story. It can analyze your writing &amp; suggest changes to improve its coherence, pacing, &amp; readability.  It can also help you summarize your story &amp; identify plot points so that you can revise your story.",en,[],[],"5/   ChatGPT can provide valuable insights into the structure &amp; flow of your story. It can analyze your writing &amp; suggest changes to improve its coherence, pacing, &amp; readability.  It can also help you summarize your story &amp; identify plot points so that you can revise your story.","['5', '/', 'ChatGPT', 'can', 'provide', 'valuable', 'insights', 'into', 'the', 'structure', '&', 'flow', 'of', 'your', 'story', '.', 'It', 'can', 'analyze', 'your', 'writing', '&', 'suggest', 'changes', 'to', 'improve', 'its', 'coherence', ',', 'pacing', ',', '&', 'readability', '.', 'It', 'can', 'also', 'help', 'you', 'summarize', 'your', 'story', '&', 'identify', 'plot', 'points', 'so', 'that', 'you', 'can', 'revise', 'your', 'story', '.']"
1626370627560165376,1626370621876871168,2023-02-17 07:59:08 Malay Peninsula Standard Time,2023-02-17,07:59:08,1558985030814158849,"3/   ChatGPT can assist with editing and proofreading.  With its ability to detect grammatical errors and suggest corrections, ChatGPT can help you produce error-free, polished writing, allowing you to focus on the creative aspects of writing.",en,[],[],"3/   ChatGPT can assist with editing and proofreading.  With its ability to detect grammatical errors and suggest corrections, ChatGPT can help you produce error-free, polished writing, allowing you to focus on the creative aspects of writing.","['3', '/', 'ChatGPT', 'can', 'assist', 'with', 'editing', 'and', 'proofreading', '.', 'With', 'its', 'ability', 'to', 'detect', 'grammatical', 'errors', 'and', 'suggest', 'corrections', ',', 'ChatGPT', 'can', 'help', 'you', 'produce', 'error-free', ',', 'polished', 'writing', ',', 'allowing', 'you', 'to', 'focus', 'on', 'the', 'creative', 'aspects', 'of', 'writing', '.']"
1626370625660149760,1626370621876871168,2023-02-17 07:59:08 Malay Peninsula Standard Time,2023-02-17,07:59:08,1558985030814158849,"2/   ChatGPT can help you overcome writer's block quickly.  You can prompt it with summaries of your story/article, or context about the reason you're stuck, and it will generate new ideas and inspiration for your writing, based on all the information you provide.",en,[],[],"2/   ChatGPT can help you overcome writer's block quickly.  You can prompt it with summaries of your story/article, or context about the reason you're stuck, and it will generate new ideas and inspiration for your writing, based on all the information you provide.","['2', '/', 'ChatGPT', 'can', 'help', 'you', 'overcome', ""writer's"", 'block', 'quickly', '.', 'You', 'can', 'prompt', 'it', 'with', 'summaries', 'of', 'your', 'story', '/', 'article', ',', 'or', 'context', 'about', 'the', 'reason', ""you're"", 'stuck', ',', 'and', 'it', 'will', 'generate', 'new', 'ideas', 'and', 'inspiration', 'for', 'your', 'writing', ',', 'based', 'on', 'all', 'the', 'information', 'you', 'provide', '.']"
1626370621876871168,1626370621876871168,2023-02-17 07:59:07 Malay Peninsula Standard Time,2023-02-17,07:59:07,1558985030814158849,"You NEED to start using ChatGPT to make your life easier.  With its advanced language processing capabilities, ChatGPT can help you write better, faster, avoid writing blocks, and automate tasks.  Here are 4 ways it can help you in your writing:  https://t.co/fSDjFjrAno",en,[],[],"You NEED to start using ChatGPT to make your life easier.  With its advanced language processing capabilities, ChatGPT can help you write better, faster, avoid writing blocks, and automate tasks.  Here are 4 ways it can help you in your writing:  https://t.co/fSDjFjrAno","['You', 'NEED', 'to', 'start', 'using', 'ChatGPT', 'to', 'make', 'your', 'life', 'easier', '.', 'With', 'its', 'advanced', 'language', 'processing', 'capabilities', ',', 'ChatGPT', 'can', 'help', 'you', 'write', 'better', ',', 'faster', ',', 'avoid', 'writing', 'blocks', ',', 'and', 'automate', 'tasks', '.', 'Here', 'are', '4', 'ways', 'it', 'can', 'help', 'you', 'in', 'your', 'writing', ':', 'https://t.co/fSDjFjrAno']"
1626370612158496774,1626370612158496768,2023-02-17 07:59:05 Malay Peninsula Standard Time,2023-02-17,07:59:05,1236381669621477376,Me writing prompts in #ChatGPT #promptengineering  https://t.co/ll1H8dGK6x,en,"['chatgpt', 'promptengineering']",[],Me writing prompts in #ChatGPT #promptengineering  https://t.co/ll1H8dGK6x,"['Me', 'writing', 'prompts', 'in', '#ChatGPT', '#promptengineering', 'https://t.co/ll1H8dGK6x']"
1626370611348926465,1626370611348926464,2023-02-17 07:59:04 Malay Peninsula Standard Time,2023-02-17,07:59:04,1312011255398510593,تيك توك هو التطبيق الاسرع انتشارا حيث وصل 100 مليون مستخدم في 9 أشهر فقط لكن ChatGPT حطم الرقم القياسي وحقق نفس الرقم خلال شهرين فقط🤯🤯 #ChatGPT  https://t.co/hrxalyVKl3,ar,['chatgpt'],[],"TikTok is the fastest spreading app, reaching 100 million users in just 9 months, but ChatGPT broke the record and achieved the same number in just🤯🤯 two months#ChatGPT https://t.co/hrxalyVKl3","['TikTok', 'is', 'the', 'fastest', 'spreading', 'app', ',', 'reaching', '100', 'million', 'users', 'in', 'just', '9', 'months', ',', 'but', 'ChatGPT', 'broke', 'the', 'record', 'and', 'achieved', 'the', 'same', 'number', 'in', 'just', '🤯', '🤯', 'two', 'months', '#ChatGPT', 'https://t.co/hrxalyVKl3']"
1626370609134333953,1626370609134333952,2023-02-17 07:59:04 Malay Peninsula Standard Time,2023-02-17,07:59:04,1469048082625339392,JUST IN: Elon Musk says ChatGPT-based Microsoft Bing AI is not safe and agrees it should be shut down.,en,[],[],JUST IN: Elon Musk says ChatGPT-based Microsoft Bing AI is not safe and agrees it should be shut down.,"['JUST', 'IN', ':', 'Elon', 'Musk', 'says', 'ChatGPT-based', 'Microsoft', 'Bing', 'AI', 'is', 'not', 'safe', 'and', 'agrees', 'it', 'should', 'be', 'shut', 'down', '.']"
1626370554260332544,1626353013693505536,2023-02-17 07:58:51 Malay Peninsula Standard Time,2023-02-17,07:58:51,1459580209158574081,@1_ipo1 @permabearXBT crap @permabearXBT he knows you're just Chat GPT,en,[],"[{'screen_name': '1_ipo1', 'name': 'IPO-1', 'id': '945769917512671232'}, {'screen_name': 'permabearXBT', 'name': 'Permabear | TEAM WOO | FORMER TOP 100 TRADER FTX', 'id': '1387015274990379010'}]",@1_ipo1 @permabearXBT crap @permabearXBT he knows you're just Chat GPT,"['crap', 'he', 'knows', ""you're"", 'just', 'Chat', 'GPT']"
1626370552574386177,1626363041804857344,2023-02-17 07:58:50 Malay Peninsula Standard Time,2023-02-17,07:58:50,147741926,@tezheya 性自認女性、性自認男性についての問題点をChatGptに質問してみた。  https://t.co/BiOB9w3xU1,ja,[],"[{'screen_name': 'tezheya', 'name': 'てつや', 'id': '171273202'}]",@tezheya We asked ChatGpt about the problems with gender identity women and gender identity men.  https://t.co/BiOB9w3xU1,"['We', 'asked', 'ChatGpt', 'about', 'the', 'problems', 'with', 'gender', 'identity', 'women', 'and', 'gender', 'identity', 'men', '.', 'https://t.co/BiOB9w3xU1']"
1626370546895142915,1626370546895142912,2023-02-17 07:58:49 Malay Peninsula Standard Time,2023-02-17,07:58:49,1550945902130610178,Trending❗️ Bing Chat  #OhioChemicalDisaster  #Ohio  $TSLA President Obama Chat GPT,en,"['ohiochemicaldisaster', 'ohio']",[],Trending❗️ Bing Chat  #OhioChemicalDisaster  #Ohio  $TSLA President Obama Chat GPT,"['Trending', '❗', '️', 'Bing', 'Chat', '#OhioChemicalDisaster', '#Ohio', '$', 'TSLA', 'President', 'Obama', 'Chat', 'GPT']"
1626370546391711744,1626370546391711744,2023-02-17 07:58:49 Malay Peninsula Standard Time,2023-02-17,07:58:49,1313221169529708545,Think one of the static propulsions was the futuristic feel of things. The last time that happened Space X could impropulsionarily fuel tank a rocket future wise in the tank fuel gauges wise. ChatGPT wise.,en,[],[],Think one of the static propulsions was the futuristic feel of things. The last time that happened Space X could impropulsionarily fuel tank a rocket future wise in the tank fuel gauges wise. ChatGPT wise.,"['Think', 'one', 'of', 'the', 'static', 'propulsions', 'was', 'the', 'futuristic', 'feel', 'of', 'things', '.', 'The', 'last', 'time', 'that', 'happened', 'Space', 'X', 'could', 'impropulsionarily', 'fuel', 'tank', 'a', 'rocket', 'future', 'wise', 'in', 'the', 'tank', 'fuel', 'gauges', 'wise', '.', 'ChatGPT', 'wise', '.']"
1626370544391315456,1626272711940128768,2023-02-17 07:58:48 Malay Peninsula Standard Time,2023-02-17,07:58:48,414299233,@milodonte11 ChatGPT,en,[],"[{'screen_name': 'milodonte11', 'name': 'Diosito', 'id': '394927823'}]",@milodonte11 ChatGPT,['ChatGPT']
1626370543707463681,1626370543707463680,2023-02-17 07:58:48 Malay Peninsula Standard Time,2023-02-17,07:58:48,1250754849031041024,I learned how to use ChatGPT today and now I am a Bitcoin expert! 🤣🤣🤣 WTF next!,en,[],[],I learned how to use ChatGPT today and now I am a Bitcoin expert! 🤣🤣🤣 WTF next!,"['I', 'learned', 'how', 'to', 'use', 'ChatGPT', 'today', 'and', 'now', 'I', 'am', 'a', 'Bitcoin', 'expert', '!', '🤣', '🤣', '🤣', 'WTF', 'next', '!']"
1626370543216906241,1626370543216906240,2023-02-17 07:58:48 Malay Peninsula Standard Time,2023-02-17,07:58:48,10650102,ChatGPTによると、Colaboの会計問題は2021年には報じられていて、同8月に事務局長が辞任しているらしい  https://t.co/aTo7z7jyL7,ja,[],[],"According to ChatGPT, Colabo's accounting problems were reported in 2021, and the executive director resigned in August of the same year https://t.co/aTo7z7jyL7","['According', 'to', 'ChatGPT', ',', ""Colabo's"", 'accounting', 'problems', 'were', 'reported', 'in', '2021', ',', 'and', 'the', 'executive', 'director', 'resigned', 'in', 'August', 'of', 'the', 'same', 'year', 'https://t.co/aTo7z7jyL7']"
1626370531120529409,1626370531120529408,2023-02-17 07:58:45 Malay Peninsula Standard Time,2023-02-17,07:58:45,1220206399281516544,あの人(人？)なんかに似てると思ったらChatGPTで検索して寄せ集めた薄っぺらい上っ面の検索結果の羅列なんだ。オジサン(一般のおじさんにあらず)が大好きなやつ。知ったかして威張れるやつ。,ja,[],[],"That person (person?) If you think it's similar to something, it's a list of flimsy top-up search results that you searched on ChatGPT. He loves old men (not ordinary uncles). A guy who can be proud to know.","['That', 'person', '(', 'person', '?', ')', 'If', 'you', 'think', ""it's"", 'similar', 'to', 'something', ',', ""it's"", 'a', 'list', 'of', 'flimsy', 'top-up', 'search', 'results', 'that', 'you', 'searched', 'on', 'ChatGPT', '.', 'He', 'loves', 'old', 'men', '(', 'not', 'ordinary', 'uncles', ')', '.', 'A', 'guy', 'who', 'can', 'be', 'proud', 'to', 'know', '.']"
1626370528599752705,1626370528599752704,2023-02-17 07:58:45 Malay Peninsula Standard Time,2023-02-17,07:58:45,1336289842032873473,CHAT GPT なんのこと？,ja,[],[],What do you mean by CHAT GPT?,"['What', 'do', 'you', 'mean', 'by', 'CHAT', 'GPT', '?']"
1626370523574972418,1626286914868506624,2023-02-17 07:58:43 Malay Peninsula Standard Time,2023-02-17,07:58:43,324584160,@TheRabbitHole84 Hey ChatGPT over here!,en,[],"[{'screen_name': 'TheRabbitHole84', 'name': 'The Rabbit Hole', 'id': '1485689970593468416'}]",@TheRabbitHole84 Hey ChatGPT over here!,"['Hey', 'ChatGPT', 'over', 'here', '!']"
